-- MySQL dump 10.13  Distrib 5.5.41, for debian-linux-gnu (x86_64)
--
-- Host: localhost    Database: ScheduleUniv
-- ------------------------------------------------------
-- Server version	5.5.41-0ubuntu0.14.04.1

/*!40101 SET @OLD_CHARACTER_SET_CLIENT=@@CHARACTER_SET_CLIENT */;
/*!40101 SET @OLD_CHARACTER_SET_RESULTS=@@CHARACTER_SET_RESULTS */;
/*!40101 SET @OLD_COLLATION_CONNECTION=@@COLLATION_CONNECTION */;
/*!40101 SET NAMES utf8 */;
/*!40103 SET @OLD_TIME_ZONE=@@TIME_ZONE */;
/*!40103 SET TIME_ZONE='+00:00' */;
/*!40014 SET @OLD_UNIQUE_CHECKS=@@UNIQUE_CHECKS, UNIQUE_CHECKS=0 */;
/*!40014 SET @OLD_FOREIGN_KEY_CHECKS=@@FOREIGN_KEY_CHECKS, FOREIGN_KEY_CHECKS=0 */;
/*!40101 SET @OLD_SQL_MODE=@@SQL_MODE, SQL_MODE='NO_AUTO_VALUE_ON_ZERO' */;
/*!40111 SET @OLD_SQL_NOTES=@@SQL_NOTES, SQL_NOTES=0 */;

--
-- Table structure for table `Faculty`
--

DROP TABLE IF EXISTS `Faculty`;
/*!40101 SET @saved_cs_client     = @@character_set_client */;
/*!40101 SET character_set_client = utf8 */;
CREATE TABLE `Faculty` (
  `idFaculty` int(11) NOT NULL AUTO_INCREMENT,
  `name` varchar(10) COLLATE utf8_estonian_ci NOT NULL,
  PRIMARY KEY (`idFaculty`),
  UNIQUE KEY `name` (`name`)
) ENGINE=InnoDB AUTO_INCREMENT=1820 DEFAULT CHARSET=utf8 COLLATE=utf8_estonian_ci;
/*!40101 SET character_set_client = @saved_cs_client */;

--
-- Dumping data for table `Faculty`
--

LOCK TABLES `Faculty` WRITE;
/*!40000 ALTER TABLE `Faculty` DISABLE KEYS */;
INSERT INTO `Faculty` VALUES (1219,'АСИ'),(1332,'ИЗО'),(1540,'ИИТУС'),(1587,'ИСМТБ'),(1638,'ИТОМ'),(1696,'ИЭиМ'),(1770,'ТТИ'),(1819,'ЭИ');
/*!40000 ALTER TABLE `Faculty` ENABLE KEYS */;
UNLOCK TABLES;

--
-- Table structure for table `GroupUni`
--

DROP TABLE IF EXISTS `GroupUni`;
/*!40101 SET @saved_cs_client     = @@character_set_client */;
/*!40101 SET character_set_client = utf8 */;
CREATE TABLE `GroupUni` (
  `idGroup` int(11) NOT NULL AUTO_INCREMENT,
  `name` varchar(10) COLLATE utf8_estonian_ci NOT NULL,
  `year` int(11) DEFAULT NULL,
  `faculty` int(11) NOT NULL,
  `url` varchar(80) COLLATE utf8_estonian_ci DEFAULT NULL,
  PRIMARY KEY (`idGroup`),
  UNIQUE KEY `name_UNIQUE` (`name`),
  KEY `fk_Group_1_idx` (`faculty`),
  CONSTRAINT `fk_Group_1` FOREIGN KEY (`faculty`) REFERENCES `Faculty` (`idFaculty`) ON DELETE NO ACTION ON UPDATE NO ACTION
) ENGINE=InnoDB AUTO_INCREMENT=1271 DEFAULT CHARSET=utf8 COLLATE=utf8_estonian_ci;
/*!40101 SET character_set_client = @saved_cs_client */;

--
-- Dumping data for table `GroupUni`
--

LOCK TABLES `GroupUni` WRITE;
/*!40000 ALTER TABLE `GroupUni` DISABLE KEYS */;
INSERT INTO `GroupUni` VALUES (636,'АД-11',1,1219,'http://www.bstu.ru/static/themes/bstu/schedule/index.php?gid=2393&'),(637,'АД-12',1,1219,'http://www.bstu.ru/static/themes/bstu/schedule/index.php?gid=2394&'),(638,'АР-11',1,1219,'http://www.bstu.ru/static/themes/bstu/schedule/index.php?gid=2388&'),(639,'АР-12',1,1219,'http://www.bstu.ru/static/themes/bstu/schedule/index.php?gid=2389&'),(640,'АР-13',1,1219,'http://www.bstu.ru/static/themes/bstu/schedule/index.php?gid=2390&'),(641,'АР-14',1,1219,'http://www.bstu.ru/static/themes/bstu/schedule/index.php?gid=2391&'),(642,'ВГ-3',3,1219,'http://www.bstu.ru/static/themes/bstu/schedule/index.php?gid=2755&'),(643,'К-11',1,1219,'http://www.bstu.ru/static/themes/bstu/schedule/index.php?gid=2386&'),(644,'ПГ-11',1,1219,'http://www.bstu.ru/static/themes/bstu/schedule/index.php?gid=2414&'),(645,'С-111',1,1219,'http://www.bstu.ru/static/themes/bstu/schedule/index.php?gid=2396&'),(646,'С-112',1,1219,'http://www.bstu.ru/static/themes/bstu/schedule/index.php?gid=2397&'),(647,'С-113',1,1219,'http://www.bstu.ru/static/themes/bstu/schedule/index.php?gid=2398&'),(648,'С-114',1,1219,'http://www.bstu.ru/static/themes/bstu/schedule/index.php?gid=2399&'),(649,'С-121',1,1219,'http://www.bstu.ru/static/themes/bstu/schedule/index.php?gid=2402&'),(650,'С-131',1,1219,'http://www.bstu.ru/static/themes/bstu/schedule/index.php?gid=2404&'),(651,'С-141',1,1219,'http://www.bstu.ru/static/themes/bstu/schedule/index.php?gid=2405&'),(652,'С-142',1,1219,'http://www.bstu.ru/static/themes/bstu/schedule/index.php?gid=2406&'),(653,'С-143',1,1219,'http://www.bstu.ru/static/themes/bstu/schedule/index.php?gid=2949&'),(654,'С-151',1,1219,'http://www.bstu.ru/static/themes/bstu/schedule/index.php?gid=2407&'),(655,'С-161',1,1219,'http://www.bstu.ru/static/themes/bstu/schedule/index.php?gid=2408&'),(656,'С-162',1,1219,'http://www.bstu.ru/static/themes/bstu/schedule/index.php?gid=2409&'),(657,'СИ-11',1,1219,'http://www.bstu.ru/static/themes/bstu/schedule/index.php?gid=2746&'),(658,'Син-11',1,1219,'http://www.bstu.ru/static/themes/bstu/schedule/index.php?gid=2861&'),(659,'СУЗ-11',1,1219,'http://www.bstu.ru/static/themes/bstu/schedule/index.php?gid=2416&'),(660,'АД-21',2,1219,'http://www.bstu.ru/static/themes/bstu/schedule/index.php?gid=2226&'),(661,'АД-22',2,1219,'http://www.bstu.ru/static/themes/bstu/schedule/index.php?gid=2318&'),(662,'АР-21',2,1219,'http://www.bstu.ru/static/themes/bstu/schedule/index.php?gid=1863&'),(663,'АР-22',2,1219,'http://www.bstu.ru/static/themes/bstu/schedule/index.php?gid=2259&'),(664,'АР-23',2,1219,'http://www.bstu.ru/static/themes/bstu/schedule/index.php?gid=2317&'),(665,'К-21',2,1219,'http://www.bstu.ru/static/themes/bstu/schedule/index.php?gid=2112&'),(666,'К-22',2,1219,'http://www.bstu.ru/static/themes/bstu/schedule/index.php?gid=2316&'),(667,'ПГ-21',2,1219,'http://www.bstu.ru/static/themes/bstu/schedule/index.php?gid=2193&'),(668,'С-211',2,1219,'http://www.bstu.ru/static/themes/bstu/schedule/index.php?gid=2148&'),(669,'С-212',2,1219,'http://www.bstu.ru/static/themes/bstu/schedule/index.php?gid=2149&'),(670,'С-213',2,1219,'http://www.bstu.ru/static/themes/bstu/schedule/index.php?gid=1640&'),(672,'С-214',2,1219,'http://www.bstu.ru/static/themes/bstu/schedule/index.php?gid=2151&'),(673,'С-215',2,1219,'http://www.bstu.ru/static/themes/bstu/schedule/index.php?gid=2319&'),(674,'С-216',2,1219,'http://www.bstu.ru/static/themes/bstu/schedule/index.php?gid=2320&'),(675,'С-221',2,1219,'http://www.bstu.ru/static/themes/bstu/schedule/index.php?gid=2221&'),(676,'С-231',2,1219,'http://www.bstu.ru/static/themes/bstu/schedule/index.php?gid=1957&'),(677,'С-241',2,1219,'http://www.bstu.ru/static/themes/bstu/schedule/index.php?gid=2141&'),(678,'С-242',2,1219,'http://www.bstu.ru/static/themes/bstu/schedule/index.php?gid=2321&'),(679,'С-251',2,1219,'http://www.bstu.ru/static/themes/bstu/schedule/index.php?gid=1860&'),(680,'С-261',2,1219,'http://www.bstu.ru/static/themes/bstu/schedule/index.php?gid=2247&'),(681,'С-262',2,1219,'http://www.bstu.ru/static/themes/bstu/schedule/index.php?gid=2935&'),(682,'С-271',2,1219,'http://www.bstu.ru/static/themes/bstu/schedule/index.php?gid=2322&'),(683,'Сп-21',2,1219,'http://www.bstu.ru/static/themes/bstu/schedule/index.php?gid=2070&'),(684,'Ств-26',2,1219,'http://www.bstu.ru/static/themes/bstu/schedule/index.php?gid=2324&'),(685,'СУЗ-21',2,1219,'http://www.bstu.ru/static/themes/bstu/schedule/index.php?gid=1872&'),(686,'Сэ-24',2,1219,'http://www.bstu.ru/static/themes/bstu/schedule/index.php?gid=2323&'),(687,'АД-31',3,1219,'http://www.bstu.ru/static/themes/bstu/schedule/index.php?gid=2181&'),(688,'АР-31',3,1219,'http://www.bstu.ru/static/themes/bstu/schedule/index.php?gid=2139&'),(689,'АР-32',3,1219,'http://www.bstu.ru/static/themes/bstu/schedule/index.php?gid=2140&'),(690,'К-31',3,1219,'http://www.bstu.ru/static/themes/bstu/schedule/index.php?gid=2695&'),(691,'ПГ-31',3,1219,'http://www.bstu.ru/static/themes/bstu/schedule/index.php?gid=2292&'),(692,'С-311',3,1219,'http://www.bstu.ru/static/themes/bstu/schedule/index.php?gid=2182&'),(693,'С-312',3,1219,'http://www.bstu.ru/static/themes/bstu/schedule/index.php?gid=2183&'),(694,'С-313',3,1219,'http://www.bstu.ru/static/themes/bstu/schedule/index.php?gid=2184&'),(695,'С-314',3,1219,'http://www.bstu.ru/static/themes/bstu/schedule/index.php?gid=2220&'),(696,'С-321',3,1219,'http://www.bstu.ru/static/themes/bstu/schedule/index.php?gid=2006&'),(697,'С-331',3,1219,'http://www.bstu.ru/static/themes/bstu/schedule/index.php?gid=2222&'),(698,'С-341',3,1219,'http://www.bstu.ru/static/themes/bstu/schedule/index.php?gid=2252&'),(699,'С-342',3,1219,'http://www.bstu.ru/static/themes/bstu/schedule/index.php?gid=2358&'),(700,'С-351',3,1219,'http://www.bstu.ru/static/themes/bstu/schedule/index.php?gid=2284&'),(701,'С-361',3,1219,'http://www.bstu.ru/static/themes/bstu/schedule/index.php?gid=2253&'),(702,'С-371',3,1219,'http://www.bstu.ru/static/themes/bstu/schedule/index.php?gid=2359&'),(703,'Син-31',3,1219,'http://www.bstu.ru/static/themes/bstu/schedule/index.php?gid=2958&'),(704,'Сп-31',3,1219,'http://www.bstu.ru/static/themes/bstu/schedule/index.php?gid=2285&'),(705,'Ств-36',3,1219,'http://www.bstu.ru/static/themes/bstu/schedule/index.php?gid=2155&'),(706,'СУЗ-31',3,1219,'http://www.bstu.ru/static/themes/bstu/schedule/index.php?gid=2293&'),(707,'4Су-41',4,1219,'http://www.bstu.ru/static/themes/bstu/schedule/index.php?gid=2246&'),(708,'4ТВу-41',4,1219,'http://www.bstu.ru/static/themes/bstu/schedule/index.php?gid=1887&'),(709,'АД-41',4,1219,'http://www.bstu.ru/static/themes/bstu/schedule/index.php?gid=2227&'),(710,'АД-42',4,1219,'http://www.bstu.ru/static/themes/bstu/schedule/index.php?gid=2297&'),(711,'АР-41',4,1219,'http://www.bstu.ru/static/themes/bstu/schedule/index.php?gid=2136&'),(712,'АР-42',4,1219,'http://www.bstu.ru/static/themes/bstu/schedule/index.php?gid=2164&'),(713,'ГК-41',4,1219,'http://www.bstu.ru/static/themes/bstu/schedule/index.php?gid=2047&'),(714,'ГС-41',4,1219,'http://www.bstu.ru/static/themes/bstu/schedule/index.php?gid=2059&'),(715,'ГТ-41',4,1219,'http://www.bstu.ru/static/themes/bstu/schedule/index.php?gid=1951&'),(716,'ПГ-41',4,1219,'http://www.bstu.ru/static/themes/bstu/schedule/index.php?gid=2700&'),(717,'ПЗ-41',4,1219,'http://www.bstu.ru/static/themes/bstu/schedule/index.php?gid=1874&'),(718,'ПЗ-42',4,1219,'http://www.bstu.ru/static/themes/bstu/schedule/index.php?gid=2192&'),(719,'ПСМ-41',4,1219,'http://www.bstu.ru/static/themes/bstu/schedule/index.php?gid=2692&'),(720,'ПСн-41',4,1219,'http://www.bstu.ru/static/themes/bstu/schedule/index.php?gid=2189&'),(721,'ПСТ-42',4,1219,'http://www.bstu.ru/static/themes/bstu/schedule/index.php?gid=2690&'),(722,'С-41',4,1219,'http://www.bstu.ru/static/themes/bstu/schedule/index.php?gid=2156&'),(723,'С-43',4,1219,'http://www.bstu.ru/static/themes/bstu/schedule/index.php?gid=2158&'),(724,'С-44',4,1219,'http://www.bstu.ru/static/themes/bstu/schedule/index.php?gid=2159&'),(725,'Сб-41',4,1219,'http://www.bstu.ru/static/themes/bstu/schedule/index.php?gid=2952&'),(726,'Сд-42',4,1219,'http://www.bstu.ru/static/themes/bstu/schedule/index.php?gid=2157&'),(727,'ТВ-41',4,1219,'http://www.bstu.ru/static/themes/bstu/schedule/index.php?gid=1886&'),(728,'УН-41',4,1219,'http://www.bstu.ru/static/themes/bstu/schedule/index.php?gid=2146&'),(729,'АД-51',5,1219,'http://www.bstu.ru/static/themes/bstu/schedule/index.php?gid=2228&'),(730,'АР-51',5,1219,'http://www.bstu.ru/static/themes/bstu/schedule/index.php?gid=2215&'),(731,'АР-52',5,1219,'http://www.bstu.ru/static/themes/bstu/schedule/index.php?gid=2244&'),(732,'ГК-51',5,1219,'http://www.bstu.ru/static/themes/bstu/schedule/index.php?gid=2066&'),(733,'ГС-51',5,1219,'http://www.bstu.ru/static/themes/bstu/schedule/index.php?gid=2063&'),(734,'ГТ-51',5,1219,'http://www.bstu.ru/static/themes/bstu/schedule/index.php?gid=2021&'),(735,'ПЗ-51',5,1219,'http://www.bstu.ru/static/themes/bstu/schedule/index.php?gid=1875&'),(736,'ПСМ-51',5,1219,'http://www.bstu.ru/static/themes/bstu/schedule/index.php?gid=2697&'),(737,'ПСн-51',5,1219,'http://www.bstu.ru/static/themes/bstu/schedule/index.php?gid=1814&'),(738,'ПСТ-52',5,1219,'http://www.bstu.ru/static/themes/bstu/schedule/index.php?gid=2698&'),(739,'С-53',5,1219,'http://www.bstu.ru/static/themes/bstu/schedule/index.php?gid=2161&'),(740,'С-54',5,1219,'http://www.bstu.ru/static/themes/bstu/schedule/index.php?gid=2194&'),(741,'Сд-52',5,1219,'http://www.bstu.ru/static/themes/bstu/schedule/index.php?gid=2162&'),(742,'Си-51',5,1219,'http://www.bstu.ru/static/themes/bstu/schedule/index.php?gid=2163&'),(743,'ТВ-51',5,1219,'http://www.bstu.ru/static/themes/bstu/schedule/index.php?gid=1888&'),(744,'УН-51',5,1219,'http://www.bstu.ru/static/themes/bstu/schedule/index.php?gid=2196&'),(745,'УН-52',5,1219,'http://www.bstu.ru/static/themes/bstu/schedule/index.php?gid=2197&'),(746,'АД-61',6,1219,'http://www.bstu.ru/static/themes/bstu/schedule/index.php?gid=2249&'),(747,'АР-61',6,1219,'http://www.bstu.ru/static/themes/bstu/schedule/index.php?gid=2217&'),(748,'АР-62',6,1219,'http://www.bstu.ru/static/themes/bstu/schedule/index.php?gid=2223&'),(749,'АБз-11',1,1332,'http://www.bstu.ru/static/themes/bstu/schedule/index.php?gid=2782&'),(750,'АБз-11с',1,1332,'http://www.bstu.ru/static/themes/bstu/schedule/index.php?gid=2783&'),(751,'АСз-11',1,1332,'http://www.bstu.ru/static/themes/bstu/schedule/index.php?gid=2907&'),(752,'АСз-11с',1,1332,'http://www.bstu.ru/static/themes/bstu/schedule/index.php?gid=2828&'),(753,'ВВз-11',1,1332,'http://www.bstu.ru/static/themes/bstu/schedule/index.php?gid=2876&'),(754,'ВВз-11с',1,1332,'http://www.bstu.ru/static/themes/bstu/schedule/index.php?gid=2881&'),(755,'ВГ10',0,1332,'http://www.bstu.ru/static/themes/bstu/schedule/index.php?gid=2523&'),(756,'ВГ11',0,1332,'http://www.bstu.ru/static/themes/bstu/schedule/index.php?gid=2757&'),(757,'ВГ12',0,1332,'http://www.bstu.ru/static/themes/bstu/schedule/index.php?gid=2953&'),(758,'ВГ13',0,1332,'http://www.bstu.ru/static/themes/bstu/schedule/index.php?gid=2954&'),(759,'ВГ14',0,1332,'http://www.bstu.ru/static/themes/bstu/schedule/index.php?gid=2955&'),(760,'ГМз-11',1,1332,'http://www.bstu.ru/static/themes/bstu/schedule/index.php?gid=2471&'),(761,'ГСз-11',1,1332,'http://www.bstu.ru/static/themes/bstu/schedule/index.php?gid=2874&'),(762,'ГСз-11с',1,1332,'http://www.bstu.ru/static/themes/bstu/schedule/index.php?gid=2879&'),(763,'ДСз-11',1,1332,'http://www.bstu.ru/static/themes/bstu/schedule/index.php?gid=2831&'),(764,'ЖДз-11',1,1332,'http://www.bstu.ru/static/themes/bstu/schedule/index.php?gid=2475&'),(765,'ИСМз-11',1,1332,'http://www.bstu.ru/static/themes/bstu/schedule/index.php?gid=2789&'),(766,'ИТз-11',1,1332,'http://www.bstu.ru/static/themes/bstu/schedule/index.php?gid=2483&'),(767,'ИТз-11с',1,1332,'http://www.bstu.ru/static/themes/bstu/schedule/index.php?gid=2497&'),(768,'Мз-11',1,1332,'http://www.bstu.ru/static/themes/bstu/schedule/index.php?gid=2468&'),(769,'Мз-11с',1,1332,'http://www.bstu.ru/static/themes/bstu/schedule/index.php?gid=2512&'),(770,'МОз-11',1,1332,'http://www.bstu.ru/static/themes/bstu/schedule/index.php?gid=2472&'),(771,'МОз-11с',1,1332,'http://www.bstu.ru/static/themes/bstu/schedule/index.php?gid=2510&'),(772,'МОПз-11с',1,1332,'http://www.bstu.ru/static/themes/bstu/schedule/index.php?gid=2786&'),(773,'НКз-11',1,1332,'http://www.bstu.ru/static/themes/bstu/schedule/index.php?gid=2487&'),(774,'НКз-11с',1,1332,'http://www.bstu.ru/static/themes/bstu/schedule/index.php?gid=2488&'),(775,'НСз-11',1,1332,'http://www.bstu.ru/static/themes/bstu/schedule/index.php?gid=2490&'),(776,'ПСз-11с',1,1332,'http://www.bstu.ru/static/themes/bstu/schedule/index.php?gid=2883&'),(777,'САз-11',1,1332,'http://www.bstu.ru/static/themes/bstu/schedule/index.php?gid=2794&'),(778,'САз-11с',1,1332,'http://www.bstu.ru/static/themes/bstu/schedule/index.php?gid=2827&'),(779,'Сз-11',1,1332,'http://www.bstu.ru/static/themes/bstu/schedule/index.php?gid=2479&'),(780,'Сз-11с',1,1332,'http://www.bstu.ru/static/themes/bstu/schedule/index.php?gid=2498&'),(781,'ТВз-11',1,1332,'http://www.bstu.ru/static/themes/bstu/schedule/index.php?gid=2877&'),(782,'ТВз-11с',1,1332,'http://www.bstu.ru/static/themes/bstu/schedule/index.php?gid=2882&'),(783,'ТМз-11',1,1332,'http://www.bstu.ru/static/themes/bstu/schedule/index.php?gid=2478&'),(784,'ТМз-11с',1,1332,'http://www.bstu.ru/static/themes/bstu/schedule/index.php?gid=2514&'),(785,'ТТПз-11',1,1332,'http://www.bstu.ru/static/themes/bstu/schedule/index.php?gid=2474&'),(786,'УНз-11',1,1332,'http://www.bstu.ru/static/themes/bstu/schedule/index.php?gid=2875&'),(787,'УНз-11с',1,1332,'http://www.bstu.ru/static/themes/bstu/schedule/index.php?gid=2880&'),(788,'УПз-11',1,1332,'http://www.bstu.ru/static/themes/bstu/schedule/index.php?gid=2465&'),(789,'ФКз-11',1,1332,'http://www.bstu.ru/static/themes/bstu/schedule/index.php?gid=2784&'),(790,'ФКз-11с',1,1332,'http://www.bstu.ru/static/themes/bstu/schedule/index.php?gid=2785&'),(791,'ХТз-11',1,1332,'http://www.bstu.ru/static/themes/bstu/schedule/index.php?gid=2489&'),(792,'ХТз-11с',1,1332,'http://www.bstu.ru/static/themes/bstu/schedule/index.php?gid=2491&'),(793,'ЭКз-11',1,1332,'http://www.bstu.ru/static/themes/bstu/schedule/index.php?gid=2469&'),(794,'ЭКз-11с',1,1332,'http://www.bstu.ru/static/themes/bstu/schedule/index.php?gid=2470&'),(795,'ЭЛз-11',1,1332,'http://www.bstu.ru/static/themes/bstu/schedule/index.php?gid=2311&'),(796,'ЭЛз-11с',1,1332,'http://www.bstu.ru/static/themes/bstu/schedule/index.php?gid=2492&'),(797,'ЭЛз-12с',1,1332,'http://www.bstu.ru/static/themes/bstu/schedule/index.php?gid=2505&'),(798,'ЭЛз-13с',1,1332,'http://www.bstu.ru/static/themes/bstu/schedule/index.php?gid=2503&'),(799,'ЭПз-11',1,1332,'http://www.bstu.ru/static/themes/bstu/schedule/index.php?gid=2872&'),(800,'ЭПз-11с',1,1332,'http://www.bstu.ru/static/themes/bstu/schedule/index.php?gid=2873&'),(801,'ЭТз-11',1,1332,'http://www.bstu.ru/static/themes/bstu/schedule/index.php?gid=2485&'),(802,'АБЗ-21',2,1332,'http://www.bstu.ru/static/themes/bstu/schedule/index.php?gid=2836&'),(803,'АБз-21с',2,1332,'http://www.bstu.ru/static/themes/bstu/schedule/index.php?gid=2838&'),(804,'ВВз-21',2,1332,'http://www.bstu.ru/static/themes/bstu/schedule/index.php?gid=2892&'),(805,'ГМз-21',2,1332,'http://www.bstu.ru/static/themes/bstu/schedule/index.php?gid=2274&'),(806,'ГСз-21',2,1332,'http://www.bstu.ru/static/themes/bstu/schedule/index.php?gid=2890&'),(807,'ГСз-21с',2,1332,'http://www.bstu.ru/static/themes/bstu/schedule/index.php?gid=2897&'),(808,'ДСз-21',2,1332,'http://www.bstu.ru/static/themes/bstu/schedule/index.php?gid=2868&'),(809,'ЖДз-21',2,1332,'http://www.bstu.ru/static/themes/bstu/schedule/index.php?gid=2211&'),(810,'ЗКз-21',2,1332,'http://www.bstu.ru/static/themes/bstu/schedule/index.php?gid=2035&'),(811,'ЗКз-21с',2,1332,'http://www.bstu.ru/static/themes/bstu/schedule/index.php?gid=2795&'),(812,'ИТз-21',2,1332,'http://www.bstu.ru/static/themes/bstu/schedule/index.php?gid=2267&'),(813,'ИТз-21с',2,1332,'http://www.bstu.ru/static/themes/bstu/schedule/index.php?gid=2268&'),(814,'Мз-21',2,1332,'http://www.bstu.ru/static/themes/bstu/schedule/index.php?gid=2251&'),(815,'Мз-21с',2,1332,'http://www.bstu.ru/static/themes/bstu/schedule/index.php?gid=2852&'),(816,'МЗ21с',0,1332,'http://www.bstu.ru/static/themes/bstu/schedule/index.php?gid=2843&'),(817,'МКз-21',2,1332,'http://www.bstu.ru/static/themes/bstu/schedule/index.php?gid=2850&'),(818,'МКз-21с',2,1332,'http://www.bstu.ru/static/themes/bstu/schedule/index.php?gid=2854&'),(819,'МОз-21',2,1332,'http://www.bstu.ru/static/themes/bstu/schedule/index.php?gid=2865&'),(820,'МОз-21с',2,1332,'http://www.bstu.ru/static/themes/bstu/schedule/index.php?gid=1965&'),(821,'МОПз-21с',2,1332,'http://www.bstu.ru/static/themes/bstu/schedule/index.php?gid=2859&'),(822,'МЭз-21',2,1332,'http://www.bstu.ru/static/themes/bstu/schedule/index.php?gid=2833&'),(823,'НКз-21',2,1332,'http://www.bstu.ru/static/themes/bstu/schedule/index.php?gid=1972&'),(824,'НКз-21с',2,1332,'http://www.bstu.ru/static/themes/bstu/schedule/index.php?gid=1985&'),(825,'НСз-21',2,1332,'http://www.bstu.ru/static/themes/bstu/schedule/index.php?gid=2254&'),(826,'ПСз-21',2,1332,'http://www.bstu.ru/static/themes/bstu/schedule/index.php?gid=2894&'),(827,'ПСз-21с',2,1332,'http://www.bstu.ru/static/themes/bstu/schedule/index.php?gid=2900&'),(828,'Сз-21',2,1332,'http://www.bstu.ru/static/themes/bstu/schedule/index.php?gid=2166&'),(829,'Сз-21с',2,1332,'http://www.bstu.ru/static/themes/bstu/schedule/index.php?gid=2895&'),(830,'Сз-22с',2,1332,'http://www.bstu.ru/static/themes/bstu/schedule/index.php?gid=2812&'),(831,'ТВз-21',2,1332,'http://www.bstu.ru/static/themes/bstu/schedule/index.php?gid=2893&'),(832,'ТВз-21с',2,1332,'http://www.bstu.ru/static/themes/bstu/schedule/index.php?gid=2899&'),(833,'ТМз-21',2,1332,'http://www.bstu.ru/static/themes/bstu/schedule/index.php?gid=1967&'),(834,'ТМз-21c',2,1332,'http://www.bstu.ru/static/themes/bstu/schedule/index.php?gid=1969&'),(835,'ТТПз-21',2,1332,'http://www.bstu.ru/static/themes/bstu/schedule/index.php?gid=1977&'),(836,'ТТПз-21с',2,1332,'http://www.bstu.ru/static/themes/bstu/schedule/index.php?gid=2867&'),(837,'УНз-21',2,1332,'http://www.bstu.ru/static/themes/bstu/schedule/index.php?gid=2891&'),(838,'УНз-21с',2,1332,'http://www.bstu.ru/static/themes/bstu/schedule/index.php?gid=2898&'),(839,'УПз-21',2,1332,'http://www.bstu.ru/static/themes/bstu/schedule/index.php?gid=2266&'),(840,'УПз-21с',2,1332,'http://www.bstu.ru/static/themes/bstu/schedule/index.php?gid=2856&'),(841,'ФКз-21',2,1332,'http://www.bstu.ru/static/themes/bstu/schedule/index.php?gid=2834&'),(842,'ФКз-21с',2,1332,'http://www.bstu.ru/static/themes/bstu/schedule/index.php?gid=2837&'),(843,'ХТз-21',2,1332,'http://www.bstu.ru/static/themes/bstu/schedule/index.php?gid=2889&'),(844,'ХТз-21с',2,1332,'http://www.bstu.ru/static/themes/bstu/schedule/index.php?gid=2269&'),(845,'ЭКз-21',2,1332,'http://www.bstu.ru/static/themes/bstu/schedule/index.php?gid=1974&'),(846,'ЭКз-21c',2,1332,'http://www.bstu.ru/static/themes/bstu/schedule/index.php?gid=1813&'),(847,'ЭЛз-21',2,1332,'http://www.bstu.ru/static/themes/bstu/schedule/index.php?gid=2011&'),(848,'ЭЛз-21с',2,1332,'http://www.bstu.ru/static/themes/bstu/schedule/index.php?gid=2015&'),(849,'ЭЛз-22с',2,1332,'http://www.bstu.ru/static/themes/bstu/schedule/index.php?gid=2085&'),(850,'ЭЛз-23с',2,1332,'http://www.bstu.ru/static/themes/bstu/schedule/index.php?gid=2273&'),(851,'ЭПз-21',2,1332,'http://www.bstu.ru/static/themes/bstu/schedule/index.php?gid=2886&'),(852,'ЭРз-21с',2,1332,'http://www.bstu.ru/static/themes/bstu/schedule/index.php?gid=2950&'),(853,'ЭТАз-21',2,1332,'http://www.bstu.ru/static/themes/bstu/schedule/index.php?gid=2142&'),(854,'ЭТАз-21с',2,1332,'http://www.bstu.ru/static/themes/bstu/schedule/index.php?gid=2866&'),(855,'ЭТАз-22с',2,1332,'http://www.bstu.ru/static/themes/bstu/schedule/index.php?gid=2926&'),(856,'ЭТз-21',2,1332,'http://www.bstu.ru/static/themes/bstu/schedule/index.php?gid=2038&'),(857,'ЭТз-21с',2,1332,'http://www.bstu.ru/static/themes/bstu/schedule/index.php?gid=2911&'),(858,'АБз-31',3,1332,'http://www.bstu.ru/static/themes/bstu/schedule/index.php?gid=2761&'),(859,'АБз31с',0,1332,'http://www.bstu.ru/static/themes/bstu/schedule/index.php?gid=2765&'),(860,'ВВз-31',3,1332,'http://www.bstu.ru/static/themes/bstu/schedule/index.php?gid=2808&'),(861,'ГМз-31',3,1332,'http://www.bstu.ru/static/themes/bstu/schedule/index.php?gid=2781&'),(862,'ГСз-31',3,1332,'http://www.bstu.ru/static/themes/bstu/schedule/index.php?gid=2806&'),(863,'ГСз-31с',3,1332,'http://www.bstu.ru/static/themes/bstu/schedule/index.php?gid=2819&'),(864,'ДСз-31',3,1332,'http://www.bstu.ru/static/themes/bstu/schedule/index.php?gid=2780&'),(865,'ЖДз-31',3,1332,'http://www.bstu.ru/static/themes/bstu/schedule/index.php?gid=2219&'),(866,'ЗКз-31',3,1332,'http://www.bstu.ru/static/themes/bstu/schedule/index.php?gid=2905&'),(867,'ЗКз-31с',3,1332,'http://www.bstu.ru/static/themes/bstu/schedule/index.php?gid=2796&'),(868,'ИТз-31',3,1332,'http://www.bstu.ru/static/themes/bstu/schedule/index.php?gid=2024&'),(869,'ИТз-31с',3,1332,'http://www.bstu.ru/static/themes/bstu/schedule/index.php?gid=2804&'),(870,'Мз-31',3,1332,'http://www.bstu.ru/static/themes/bstu/schedule/index.php?gid=2767&'),(871,'Мз-31с',3,1332,'http://www.bstu.ru/static/themes/bstu/schedule/index.php?gid=2769&'),(872,'МКз-31',3,1332,'http://www.bstu.ru/static/themes/bstu/schedule/index.php?gid=2768&'),(873,'МКз-31с',3,1332,'http://www.bstu.ru/static/themes/bstu/schedule/index.php?gid=2770&'),(874,'МОз-31',3,1332,'http://www.bstu.ru/static/themes/bstu/schedule/index.php?gid=2772&'),(875,'МОзс-31',3,1332,'http://www.bstu.ru/static/themes/bstu/schedule/index.php?gid=1855&'),(876,'МОПз-31',3,1332,'http://www.bstu.ru/static/themes/bstu/schedule/index.php?gid=2773&'),(877,'МОПз-31с',3,1332,'http://www.bstu.ru/static/themes/bstu/schedule/index.php?gid=2775&'),(878,'МЭз-31',3,1332,'http://www.bstu.ru/static/themes/bstu/schedule/index.php?gid=2762&'),(879,'НКз-31',3,1332,'http://www.bstu.ru/static/themes/bstu/schedule/index.php?gid=2801&'),(880,'НКз-31с',3,1332,'http://www.bstu.ru/static/themes/bstu/schedule/index.php?gid=2802&'),(881,'НСз-31',3,1332,'http://www.bstu.ru/static/themes/bstu/schedule/index.php?gid=2826&'),(882,'ПСз-31',3,1332,'http://www.bstu.ru/static/themes/bstu/schedule/index.php?gid=2811&'),(883,'ПСз-31с',3,1332,'http://www.bstu.ru/static/themes/bstu/schedule/index.php?gid=2825&'),(884,'Сз-31',3,1332,'http://www.bstu.ru/static/themes/bstu/schedule/index.php?gid=2170&'),(885,'Сз-31с',3,1332,'http://www.bstu.ru/static/themes/bstu/schedule/index.php?gid=2818&'),(886,'Сз-32',3,1332,'http://www.bstu.ru/static/themes/bstu/schedule/index.php?gid=2171&'),(887,'ТВз-31',3,1332,'http://www.bstu.ru/static/themes/bstu/schedule/index.php?gid=2809&'),(888,'ТВз-31с',3,1332,'http://www.bstu.ru/static/themes/bstu/schedule/index.php?gid=2823&'),(889,'ТМз-31',3,1332,'http://www.bstu.ru/static/themes/bstu/schedule/index.php?gid=1846&'),(890,'ТМз-31c',3,1332,'http://www.bstu.ru/static/themes/bstu/schedule/index.php?gid=1847&'),(891,'ТТПз-31',3,1332,'http://www.bstu.ru/static/themes/bstu/schedule/index.php?gid=2778&'),(892,'ТТПз-31с',3,1332,'http://www.bstu.ru/static/themes/bstu/schedule/index.php?gid=2779&'),(893,'УНз-31',3,1332,'http://www.bstu.ru/static/themes/bstu/schedule/index.php?gid=2807&'),(894,'УПз-31',3,1332,'http://www.bstu.ru/static/themes/bstu/schedule/index.php?gid=2238&'),(895,'УПз-31с',3,1332,'http://www.bstu.ru/static/themes/bstu/schedule/index.php?gid=2771&'),(896,'ФКз-31',3,1332,'http://www.bstu.ru/static/themes/bstu/schedule/index.php?gid=2760&'),(897,'ФКз-31с',3,1332,'http://www.bstu.ru/static/themes/bstu/schedule/index.php?gid=2766&'),(898,'ХТз-31',3,1332,'http://www.bstu.ru/static/themes/bstu/schedule/index.php?gid=2805&'),(899,'ХТз-31с',3,1332,'http://www.bstu.ru/static/themes/bstu/schedule/index.php?gid=1947&'),(900,'ЭКз-31',3,1332,'http://www.bstu.ru/static/themes/bstu/schedule/index.php?gid=1941&'),(901,'ЭКз-31c',3,1332,'http://www.bstu.ru/static/themes/bstu/schedule/index.php?gid=1900&'),(902,'ЭЛз-31',3,1332,'http://www.bstu.ru/static/themes/bstu/schedule/index.php?gid=2032&'),(903,'ЭЛз-31с',3,1332,'http://www.bstu.ru/static/themes/bstu/schedule/index.php?gid=2033&'),(904,'ЭЛз-32с',3,1332,'http://www.bstu.ru/static/themes/bstu/schedule/index.php?gid=2040&'),(905,'ЭЛз-33с',3,1332,'http://www.bstu.ru/static/themes/bstu/schedule/index.php?gid=2099&'),(906,'ЭПз-31',3,1332,'http://www.bstu.ru/static/themes/bstu/schedule/index.php?gid=2797&'),(907,'ЭПз-31с',3,1332,'http://www.bstu.ru/static/themes/bstu/schedule/index.php?gid=2800&'),(908,'ЭТАз-31',3,1332,'http://www.bstu.ru/static/themes/bstu/schedule/index.php?gid=2776&'),(909,'ЭТАз-31с',3,1332,'http://www.bstu.ru/static/themes/bstu/schedule/index.php?gid=2777&'),(910,'ЭТз-31',3,1332,'http://www.bstu.ru/static/themes/bstu/schedule/index.php?gid=2083&'),(911,'ЭТз-31с',3,1332,'http://www.bstu.ru/static/themes/bstu/schedule/index.php?gid=2798&'),(912,'АБз-41',4,1332,'http://www.bstu.ru/static/themes/bstu/schedule/index.php?gid=1931&'),(913,'БДз-41',4,1332,'http://www.bstu.ru/static/themes/bstu/schedule/index.php?gid=1852&'),(914,'ГКз-41',4,1332,'http://www.bstu.ru/static/themes/bstu/schedule/index.php?gid=1904&'),(915,'ГСз-41',4,1332,'http://www.bstu.ru/static/themes/bstu/schedule/index.php?gid=2084&'),(916,'ДМз-41',4,1332,'http://www.bstu.ru/static/themes/bstu/schedule/index.php?gid=1881&'),(917,'ДСз-41',4,1332,'http://www.bstu.ru/static/themes/bstu/schedule/index.php?gid=2031&'),(918,'ЖДз-41',4,1332,'http://www.bstu.ru/static/themes/bstu/schedule/index.php?gid=1891&'),(919,'ИТз-41',4,1332,'http://www.bstu.ru/static/themes/bstu/schedule/index.php?gid=2087&'),(920,'МКз-41',4,1332,'http://www.bstu.ru/static/themes/bstu/schedule/index.php?gid=2352&'),(921,'МОГз-41',4,1332,'http://www.bstu.ru/static/themes/bstu/schedule/index.php?gid=2199&'),(922,'МОз-41',4,1332,'http://www.bstu.ru/static/themes/bstu/schedule/index.php?gid=1856&'),(923,'ПСз-41',4,1332,'http://www.bstu.ru/static/themes/bstu/schedule/index.php?gid=1865&'),(924,'САз-41',4,1332,'http://www.bstu.ru/static/themes/bstu/schedule/index.php?gid=2144&'),(925,'Сз-41',4,1332,'http://www.bstu.ru/static/themes/bstu/schedule/index.php?gid=2174&'),(926,'Сз-42',4,1332,'http://www.bstu.ru/static/themes/bstu/schedule/index.php?gid=2175&'),(927,'ТВз-41',4,1332,'http://www.bstu.ru/static/themes/bstu/schedule/index.php?gid=2913&'),(928,'ТВз-42',4,1332,'http://www.bstu.ru/static/themes/bstu/schedule/index.php?gid=2914&'),(929,'ТМз-41',4,1332,'http://www.bstu.ru/static/themes/bstu/schedule/index.php?gid=1848&'),(930,'УНз-41',4,1332,'http://www.bstu.ru/static/themes/bstu/schedule/index.php?gid=2210&'),(931,'УПз-41',4,1332,'http://www.bstu.ru/static/themes/bstu/schedule/index.php?gid=1817&'),(932,'ФКз-41',4,1332,'http://www.bstu.ru/static/themes/bstu/schedule/index.php?gid=2128&'),(933,'ХТз-41',4,1332,'http://www.bstu.ru/static/themes/bstu/schedule/index.php?gid=2860&'),(934,'ЭКз-41',4,1332,'http://www.bstu.ru/static/themes/bstu/schedule/index.php?gid=1942&'),(935,'ЭКз-42',4,1332,'http://www.bstu.ru/static/themes/bstu/schedule/index.php?gid=2353&'),(936,'ЭЛз-41',4,1332,'http://www.bstu.ru/static/themes/bstu/schedule/index.php?gid=2055&'),(937,'ЭЛз-42',4,1332,'http://www.bstu.ru/static/themes/bstu/schedule/index.php?gid=2354&'),(938,'ЭТз-41',4,1332,'http://www.bstu.ru/static/themes/bstu/schedule/index.php?gid=2071&'),(939,'АБз-51',5,1332,'http://www.bstu.ru/static/themes/bstu/schedule/index.php?gid=2759&'),(940,'ГКз-51',5,1332,'http://www.bstu.ru/static/themes/bstu/schedule/index.php?gid=2206&'),(941,'ГСз-51',5,1332,'http://www.bstu.ru/static/themes/bstu/schedule/index.php?gid=2116&'),(942,'ДМз-51',5,1332,'http://www.bstu.ru/static/themes/bstu/schedule/index.php?gid=1884&'),(943,'МКз-51',5,1332,'http://www.bstu.ru/static/themes/bstu/schedule/index.php?gid=1862&'),(944,'МОГз-51',5,1332,'http://www.bstu.ru/static/themes/bstu/schedule/index.php?gid=1950&'),(945,'САз-51',5,1332,'http://www.bstu.ru/static/themes/bstu/schedule/index.php?gid=2019&'),(946,'САз-52',5,1332,'http://www.bstu.ru/static/themes/bstu/schedule/index.php?gid=2234&'),(947,'Сз-51',5,1332,'http://www.bstu.ru/static/themes/bstu/schedule/index.php?gid=2185&'),(948,'Сз-52',5,1332,'http://www.bstu.ru/static/themes/bstu/schedule/index.php?gid=2186&'),(949,'Сз-53',5,1332,'http://www.bstu.ru/static/themes/bstu/schedule/index.php?gid=2204&'),(950,'ТМз-51',5,1332,'http://www.bstu.ru/static/themes/bstu/schedule/index.php?gid=1850&'),(951,'ФКз-51',5,1332,'http://www.bstu.ru/static/themes/bstu/schedule/index.php?gid=1840&'),(952,'ЭКз-51',5,1332,'http://www.bstu.ru/static/themes/bstu/schedule/index.php?gid=1943&'),(953,'ЭКз-52',5,1332,'http://www.bstu.ru/static/themes/bstu/schedule/index.php?gid=2337&'),(954,'ЭЛз-51',5,1332,'http://www.bstu.ru/static/themes/bstu/schedule/index.php?gid=2081&'),(955,'ЭЛз-52',5,1332,'http://www.bstu.ru/static/themes/bstu/schedule/index.php?gid=2242&'),(956,'ЭТз-51',5,1332,'http://www.bstu.ru/static/themes/bstu/schedule/index.php?gid=2208&'),(957,'АП-11',1,1540,'http://www.bstu.ru/static/themes/bstu/schedule/index.php?gid=2655&'),(958,'ВТ-11',1,1540,'http://www.bstu.ru/static/themes/bstu/schedule/index.php?gid=2659&'),(959,'ИТ-11',1,1540,'http://www.bstu.ru/static/themes/bstu/schedule/index.php?gid=2661&'),(960,'ИТ-12',1,1540,'http://www.bstu.ru/static/themes/bstu/schedule/index.php?gid=2662&'),(961,'КБ-11',1,1540,'http://www.bstu.ru/static/themes/bstu/schedule/index.php?gid=2664&'),(962,'КБ-12',1,1540,'http://www.bstu.ru/static/themes/bstu/schedule/index.php?gid=2665&'),(963,'МР-11',1,1540,'http://www.bstu.ru/static/themes/bstu/schedule/index.php?gid=2656&'),(964,'ПВ-11',1,1540,'http://www.bstu.ru/static/themes/bstu/schedule/index.php?gid=2663&'),(965,'ПВ-12',1,1540,'http://www.bstu.ru/static/themes/bstu/schedule/index.php?gid=2751&'),(966,'СТ-11',1,1540,'http://www.bstu.ru/static/themes/bstu/schedule/index.php?gid=2658&'),(967,'УК-11',1,1540,'http://www.bstu.ru/static/themes/bstu/schedule/index.php?gid=2657&'),(968,'УС-11',1,1540,'http://www.bstu.ru/static/themes/bstu/schedule/index.php?gid=2654&'),(969,'АП-21',2,1540,'http://www.bstu.ru/static/themes/bstu/schedule/index.php?gid=1793&'),(970,'ВТ-21',2,1540,'http://www.bstu.ru/static/themes/bstu/schedule/index.php?gid=1811&'),(971,'ИТ-21',2,1540,'http://www.bstu.ru/static/themes/bstu/schedule/index.php?gid=1798&'),(972,'ИТ-22',2,1540,'http://www.bstu.ru/static/themes/bstu/schedule/index.php?gid=1819&'),(973,'КБ-21',2,1540,'http://www.bstu.ru/static/themes/bstu/schedule/index.php?gid=2201&'),(974,'МР-21',2,1540,'http://www.bstu.ru/static/themes/bstu/schedule/index.php?gid=2135&'),(975,'ПВ-21',2,1540,'http://www.bstu.ru/static/themes/bstu/schedule/index.php?gid=2153&'),(976,'СТ-21',2,1540,'http://www.bstu.ru/static/themes/bstu/schedule/index.php?gid=2258&'),(977,'УК-21',2,1540,'http://www.bstu.ru/static/themes/bstu/schedule/index.php?gid=2005&'),(978,'УС-21',2,1540,'http://www.bstu.ru/static/themes/bstu/schedule/index.php?gid=2004&'),(979,'АП-31',3,1540,'http://www.bstu.ru/static/themes/bstu/schedule/index.php?gid=1803&'),(980,'ВТ-31',3,1540,'http://www.bstu.ru/static/themes/bstu/schedule/index.php?gid=1877&'),(981,'ИТ-31',3,1540,'http://www.bstu.ru/static/themes/bstu/schedule/index.php?gid=1894&'),(982,'КБ-31',3,1540,'http://www.bstu.ru/static/themes/bstu/schedule/index.php?gid=2239&'),(983,'МР-31',3,1540,'http://www.bstu.ru/static/themes/bstu/schedule/index.php?gid=1838&'),(984,'МРин-31',3,1540,'http://www.bstu.ru/static/themes/bstu/schedule/index.php?gid=2956&'),(985,'ПВ-31',3,1540,'http://www.bstu.ru/static/themes/bstu/schedule/index.php?gid=1929&'),(986,'СТ-31',3,1540,'http://www.bstu.ru/static/themes/bstu/schedule/index.php?gid=1869&'),(987,'УК-31',3,1540,'http://www.bstu.ru/static/themes/bstu/schedule/index.php?gid=1864&'),(988,'УС-31',3,1540,'http://www.bstu.ru/static/themes/bstu/schedule/index.php?gid=1794&'),(989,'АП-41',4,1540,'http://www.bstu.ru/static/themes/bstu/schedule/index.php?gid=1796&'),(990,'БАУ-41',4,1540,'http://www.bstu.ru/static/themes/bstu/schedule/index.php?gid=2255&'),(991,'ИТ-41',4,1540,'http://www.bstu.ru/static/themes/bstu/schedule/index.php?gid=1990&'),(992,'КБ-41',4,1540,'http://www.bstu.ru/static/themes/bstu/schedule/index.php?gid=1873&'),(993,'ПВ-41',4,1540,'http://www.bstu.ru/static/themes/bstu/schedule/index.php?gid=1792&'),(994,'СТМ-41',4,1540,'http://www.bstu.ru/static/themes/bstu/schedule/index.php?gid=2261&'),(995,'УК-41',4,1540,'http://www.bstu.ru/static/themes/bstu/schedule/index.php?gid=2046&'),(996,'УС-41',4,1540,'http://www.bstu.ru/static/themes/bstu/schedule/index.php?gid=2045&'),(997,'АП-51',5,1540,'http://www.bstu.ru/static/themes/bstu/schedule/index.php?gid=1797&'),(998,'ИТ-51',5,1540,'http://www.bstu.ru/static/themes/bstu/schedule/index.php?gid=2025&'),(999,'ПВ-51',5,1540,'http://www.bstu.ru/static/themes/bstu/schedule/index.php?gid=1800&'),(1000,'ПВ-52',5,1540,'http://www.bstu.ru/static/themes/bstu/schedule/index.php?gid=1801&'),(1001,'СТМ-51',5,1540,'http://www.bstu.ru/static/themes/bstu/schedule/index.php?gid=2263&'),(1002,'УК-51',5,1540,'http://www.bstu.ru/static/themes/bstu/schedule/index.php?gid=2065&'),(1003,'УС-51',5,1540,'http://www.bstu.ru/static/themes/bstu/schedule/index.php?gid=2062&'),(1004,'ПБ-11',1,1587,'http://www.bstu.ru/static/themes/bstu/schedule/index.php?gid=2436&'),(1005,'ПР-11',1,1587,'http://www.bstu.ru/static/themes/bstu/schedule/index.php?gid=2432&'),(1006,'ТБ-11',1,1587,'http://www.bstu.ru/static/themes/bstu/schedule/index.php?gid=2434&'),(1007,'ТБ-12',1,1587,'http://www.bstu.ru/static/themes/bstu/schedule/index.php?gid=2435&'),(1008,'ТХ-11',1,1587,'http://www.bstu.ru/static/themes/bstu/schedule/index.php?gid=2706&'),(1009,'ХТ-11',1,1587,'http://www.bstu.ru/static/themes/bstu/schedule/index.php?gid=2425&'),(1010,'ХТ-12',1,1587,'http://www.bstu.ru/static/themes/bstu/schedule/index.php?gid=2426&'),(1011,'ХТ-13',1,1587,'http://www.bstu.ru/static/themes/bstu/schedule/index.php?gid=2427&'),(1012,'ХТ-14',1,1587,'http://www.bstu.ru/static/themes/bstu/schedule/index.php?gid=2753&'),(1013,'ЭР-11',1,1587,'http://www.bstu.ru/static/themes/bstu/schedule/index.php?gid=2430&'),(1014,'ЭР-12',1,1587,'http://www.bstu.ru/static/themes/bstu/schedule/index.php?gid=2754&'),(1015,'ПБ-21',2,1587,'http://www.bstu.ru/static/themes/bstu/schedule/index.php?gid=2154&'),(1016,'ПБ-22',2,1587,'http://www.bstu.ru/static/themes/bstu/schedule/index.php?gid=2283&'),(1017,'ПР-21',2,1587,'http://www.bstu.ru/static/themes/bstu/schedule/index.php?gid=1837&'),(1018,'ТБ-21',2,1587,'http://www.bstu.ru/static/themes/bstu/schedule/index.php?gid=2248&'),(1019,'ТБ-22',2,1587,'http://www.bstu.ru/static/themes/bstu/schedule/index.php?gid=2147&'),(1020,'ТБ-23',2,1587,'http://www.bstu.ru/static/themes/bstu/schedule/index.php?gid=2178&'),(1021,'ХТ-21',2,1587,'http://www.bstu.ru/static/themes/bstu/schedule/index.php?gid=2027&'),(1022,'ХТ-22',2,1587,'http://www.bstu.ru/static/themes/bstu/schedule/index.php?gid=2281&'),(1023,'ХТ-23',2,1587,'http://www.bstu.ru/static/themes/bstu/schedule/index.php?gid=2362&'),(1024,'ХТс-21',2,1587,'http://www.bstu.ru/static/themes/bstu/schedule/index.php?gid=2282&'),(1025,'ЭР-21',2,1587,'http://www.bstu.ru/static/themes/bstu/schedule/index.php?gid=2121&'),(1026,'ЭРс-21',2,1587,'http://www.bstu.ru/static/themes/bstu/schedule/index.php?gid=1975&'),(1027,'ПБ-31',3,1587,'http://www.bstu.ru/static/themes/bstu/schedule/index.php?gid=2160&'),(1028,'ПР-31',3,1587,'http://www.bstu.ru/static/themes/bstu/schedule/index.php?gid=2305&'),(1029,'ТБ-31',3,1587,'http://www.bstu.ru/static/themes/bstu/schedule/index.php?gid=2306&'),(1030,'ТБ-32',3,1587,'http://www.bstu.ru/static/themes/bstu/schedule/index.php?gid=2152&'),(1031,'ТБ-33',3,1587,'http://www.bstu.ru/static/themes/bstu/schedule/index.php?gid=2328&'),(1032,'ТБ-34',3,1587,'http://www.bstu.ru/static/themes/bstu/schedule/index.php?gid=2179&'),(1033,'ХТ-31',3,1587,'http://www.bstu.ru/static/themes/bstu/schedule/index.php?gid=2299&'),(1034,'ХТ-32',3,1587,'http://www.bstu.ru/static/themes/bstu/schedule/index.php?gid=2300&'),(1035,'ХТс-31',3,1587,'http://www.bstu.ru/static/themes/bstu/schedule/index.php?gid=2301&'),(1036,'ЭР-31',3,1587,'http://www.bstu.ru/static/themes/bstu/schedule/index.php?gid=2303&'),(1037,'ЭРс-31',3,1587,'http://www.bstu.ru/static/themes/bstu/schedule/index.php?gid=2304&'),(1038,'4ХВ-41',4,1587,'http://www.bstu.ru/static/themes/bstu/schedule/index.php?gid=1911&'),(1039,'4ХВ-42',4,1587,'http://www.bstu.ru/static/themes/bstu/schedule/index.php?gid=1913&'),(1040,'4ХТ-41',4,1587,'http://www.bstu.ru/static/themes/bstu/schedule/index.php?gid=2708&'),(1041,'БЖ-41',4,1587,'http://www.bstu.ru/static/themes/bstu/schedule/index.php?gid=1804&'),(1042,'ИЗ-41',4,1587,'http://www.bstu.ru/static/themes/bstu/schedule/index.php?gid=2022&'),(1043,'ПБ-41',4,1587,'http://www.bstu.ru/static/themes/bstu/schedule/index.php?gid=2124&'),(1044,'ПЭ-41',4,1587,'http://www.bstu.ru/static/themes/bstu/schedule/index.php?gid=1917&'),(1045,'ХВ-41',4,1587,'http://www.bstu.ru/static/themes/bstu/schedule/index.php?gid=1910&'),(1046,'ХТ-41',4,1587,'http://www.bstu.ru/static/themes/bstu/schedule/index.php?gid=2110&'),(1047,'ЧС-41',4,1587,'http://www.bstu.ru/static/themes/bstu/schedule/index.php?gid=2039&'),(1048,'БЖ-51',5,1587,'http://www.bstu.ru/static/themes/bstu/schedule/index.php?gid=1805&'),(1049,'ИЗ-51',5,1587,'http://www.bstu.ru/static/themes/bstu/schedule/index.php?gid=2073&'),(1050,'ПБ-51',5,1587,'http://www.bstu.ru/static/themes/bstu/schedule/index.php?gid=1816&'),(1051,'ПЭ-51',5,1587,'http://www.bstu.ru/static/themes/bstu/schedule/index.php?gid=1918&'),(1052,'ХВ-51',5,1587,'http://www.bstu.ru/static/themes/bstu/schedule/index.php?gid=1912&'),(1053,'ХТ-51',5,1587,'http://www.bstu.ru/static/themes/bstu/schedule/index.php?gid=1908&'),(1054,'ЧС-51',5,1587,'http://www.bstu.ru/static/themes/bstu/schedule/index.php?gid=2076&'),(1055,'АрД-11',1,1638,'http://www.bstu.ru/static/themes/bstu/schedule/index.php?gid=2424&'),(1056,'ВГ-4',4,1638,'http://www.bstu.ru/static/themes/bstu/schedule/index.php?gid=2453&'),(1057,'ГМ-11',1,1638,'http://www.bstu.ru/static/themes/bstu/schedule/index.php?gid=2462&'),(1058,'МО-11',1,1638,'http://www.bstu.ru/static/themes/bstu/schedule/index.php?gid=2457&'),(1059,'МОП-13',1,1638,'http://www.bstu.ru/static/themes/bstu/schedule/index.php?gid=2459&'),(1060,'МОс-11',1,1638,'http://www.bstu.ru/static/themes/bstu/schedule/index.php?gid=2460&'),(1061,'МОс-12',1,1638,'http://www.bstu.ru/static/themes/bstu/schedule/index.php?gid=2461&'),(1063,'МОс-13',1,1638,'http://www.bstu.ru/static/themes/bstu/schedule/index.php?gid=2451&'),(1064,'МТ-11',1,1638,'http://www.bstu.ru/static/themes/bstu/schedule/index.php?gid=2455&'),(1065,'ПМ-11',1,1638,'http://www.bstu.ru/static/themes/bstu/schedule/index.php?gid=2521&'),(1066,'ТМ-11',1,1638,'http://www.bstu.ru/static/themes/bstu/schedule/index.php?gid=2450&'),(1067,'ТМ-12',1,1638,'http://www.bstu.ru/static/themes/bstu/schedule/index.php?gid=2454&'),(1068,'ТМс-11',1,1638,'http://www.bstu.ru/static/themes/bstu/schedule/index.php?gid=2452&'),(1069,'АрД-21',2,1638,'http://www.bstu.ru/static/themes/bstu/schedule/index.php?gid=2327&'),(1070,'ГМ-21',2,1638,'http://www.bstu.ru/static/themes/bstu/schedule/index.php?gid=1932&'),(1071,'МО-21',2,1638,'http://www.bstu.ru/static/themes/bstu/schedule/index.php?gid=1962&'),(1072,'МОП-23',2,1638,'http://www.bstu.ru/static/themes/bstu/schedule/index.php?gid=1901&'),(1073,'МОс-21',2,1638,'http://www.bstu.ru/static/themes/bstu/schedule/index.php?gid=1802&'),(1074,'МОс-22',2,1638,'http://www.bstu.ru/static/themes/bstu/schedule/index.php?gid=1905&'),(1076,'ТМ-21',2,1638,'http://www.bstu.ru/static/themes/bstu/schedule/index.php?gid=2078&'),(1077,'ТМР-23',2,1638,'http://www.bstu.ru/static/themes/bstu/schedule/index.php?gid=1827&'),(1078,'ТМУ-24',2,1638,'http://www.bstu.ru/static/themes/bstu/schedule/index.php?gid=2127&'),(1079,'ГМ-31',3,1638,'http://www.bstu.ru/static/themes/bstu/schedule/index.php?gid=2291&'),(1080,'МО-31',3,1638,'http://www.bstu.ru/static/themes/bstu/schedule/index.php?gid=2241&'),(1081,'МОП-33',3,1638,'http://www.bstu.ru/static/themes/bstu/schedule/index.php?gid=2052&'),(1082,'МОс-31',3,1638,'http://www.bstu.ru/static/themes/bstu/schedule/index.php?gid=1815&'),(1083,'МОс-32',3,1638,'http://www.bstu.ru/static/themes/bstu/schedule/index.php?gid=1903&'),(1085,'ТМ-31',3,1638,'http://www.bstu.ru/static/themes/bstu/schedule/index.php?gid=2705&'),(1086,'ТМ-32',3,1638,'http://www.bstu.ru/static/themes/bstu/schedule/index.php?gid=1935&'),(1087,'ТМ-33',3,1638,'http://www.bstu.ru/static/themes/bstu/schedule/index.php?gid=1952&'),(1088,'4МО-41',4,1638,'http://www.bstu.ru/static/themes/bstu/schedule/index.php?gid=1826&'),(1089,'4МО-42',4,1638,'http://www.bstu.ru/static/themes/bstu/schedule/index.php?gid=2243&'),(1090,'4МОК-43',4,1638,'http://www.bstu.ru/static/themes/bstu/schedule/index.php?gid=2230&'),(1091,'4ТМК-41',4,1638,'http://www.bstu.ru/static/themes/bstu/schedule/index.php?gid=2072&'),(1092,'МО-41',4,1638,'http://www.bstu.ru/static/themes/bstu/schedule/index.php?gid=2256&'),(1093,'МОГ-44',4,1638,'http://www.bstu.ru/static/themes/bstu/schedule/index.php?gid=2113&'),(1094,'МОМ-43',4,1638,'http://www.bstu.ru/static/themes/bstu/schedule/index.php?gid=1825&'),(1095,'МОП-43',4,1638,'http://www.bstu.ru/static/themes/bstu/schedule/index.php?gid=2114&'),(1096,'МОС-42',4,1638,'http://www.bstu.ru/static/themes/bstu/schedule/index.php?gid=1823&'),(1097,'МС-45',4,1638,'http://www.bstu.ru/static/themes/bstu/schedule/index.php?gid=1953&'),(1098,'ТМК-41',4,1638,'http://www.bstu.ru/static/themes/bstu/schedule/index.php?gid=1988&'),(1099,'ТМК-43',4,1638,'http://www.bstu.ru/static/themes/bstu/schedule/index.php?gid=1795&'),(1100,'ТММ-42',4,1638,'http://www.bstu.ru/static/themes/bstu/schedule/index.php?gid=1987&'),(1101,'ИСМ-54',5,1638,'http://www.bstu.ru/static/themes/bstu/schedule/index.php?gid=1899&'),(1102,'МО-51',5,1638,'http://www.bstu.ru/static/themes/bstu/schedule/index.php?gid=1828&'),(1103,'МОГ-57',5,1638,'http://www.bstu.ru/static/themes/bstu/schedule/index.php?gid=2190&'),(1104,'МОК-55',5,1638,'http://www.bstu.ru/static/themes/bstu/schedule/index.php?gid=1978&'),(1105,'МОМ-53',5,1638,'http://www.bstu.ru/static/themes/bstu/schedule/index.php?gid=1833&'),(1106,'МОП-56',5,1638,'http://www.bstu.ru/static/themes/bstu/schedule/index.php?gid=2191&'),(1107,'МОС-52',5,1638,'http://www.bstu.ru/static/themes/bstu/schedule/index.php?gid=1829&'),(1108,'МОЭ-54',5,1638,'http://www.bstu.ru/static/themes/bstu/schedule/index.php?gid=1834&'),(1109,'МС-58',5,1638,'http://www.bstu.ru/static/themes/bstu/schedule/index.php?gid=1820&'),(1110,'ТМК-51',5,1638,'http://www.bstu.ru/static/themes/bstu/schedule/index.php?gid=1839&'),(1111,'ТМК-53',5,1638,'http://www.bstu.ru/static/themes/bstu/schedule/index.php?gid=1845&'),(1112,'ТММ-52',5,1638,'http://www.bstu.ru/static/themes/bstu/schedule/index.php?gid=1844&'),(1113,'М-11',1,1696,'http://www.bstu.ru/static/themes/bstu/schedule/index.php?gid=2375&'),(1114,'М-12',1,1696,'http://www.bstu.ru/static/themes/bstu/schedule/index.php?gid=2376&'),(1115,'УП-11',1,1696,'http://www.bstu.ru/static/themes/bstu/schedule/index.php?gid=2379&'),(1116,'УП-12',1,1696,'http://www.bstu.ru/static/themes/bstu/schedule/index.php?gid=2380&'),(1117,'ЭБ-11',1,1696,'http://www.bstu.ru/static/themes/bstu/schedule/index.php?gid=2381&'),(1118,'ЭБ-12',1,1696,'http://www.bstu.ru/static/themes/bstu/schedule/index.php?gid=2382&'),(1119,'ЭБ-13',1,1696,'http://www.bstu.ru/static/themes/bstu/schedule/index.php?gid=2383&'),(1120,'ЭБ-14',1,1696,'http://www.bstu.ru/static/themes/bstu/schedule/index.php?gid=2384&'),(1121,'ЭБ-15',1,1696,'http://www.bstu.ru/static/themes/bstu/schedule/index.php?gid=2385&'),(1122,'ЭБ-16',1,1696,'http://www.bstu.ru/static/themes/bstu/schedule/index.php?gid=2703&'),(1123,'ЭБ-17',1,1696,'http://www.bstu.ru/static/themes/bstu/schedule/index.php?gid=2704&'),(1124,'ЭК-11',1,1696,'http://www.bstu.ru/static/themes/bstu/schedule/index.php?gid=2366&'),(1125,'ЭК-12',1,1696,'http://www.bstu.ru/static/themes/bstu/schedule/index.php?gid=2367&'),(1126,'ЭК-13',1,1696,'http://www.bstu.ru/static/themes/bstu/schedule/index.php?gid=2368&'),(1127,'ЭК-14',1,1696,'http://www.bstu.ru/static/themes/bstu/schedule/index.php?gid=2369&'),(1128,'ЭК-15',1,1696,'http://www.bstu.ru/static/themes/bstu/schedule/index.php?gid=2370&'),(1129,'ЭК-16',1,1696,'http://www.bstu.ru/static/themes/bstu/schedule/index.php?gid=2371&'),(1130,'ЭК-17',1,1696,'http://www.bstu.ru/static/themes/bstu/schedule/index.php?gid=2372&'),(1131,'ЭКБ-11',1,1696,'http://www.bstu.ru/static/themes/bstu/schedule/index.php?gid=2742&'),(1132,'М-21',2,1696,'http://www.bstu.ru/static/themes/bstu/schedule/index.php?gid=2064&'),(1133,'М-22',2,1696,'http://www.bstu.ru/static/themes/bstu/schedule/index.php?gid=2137&'),(1134,'УП-21',2,1696,'http://www.bstu.ru/static/themes/bstu/schedule/index.php?gid=1902&'),(1135,'УП-22',2,1696,'http://www.bstu.ru/static/themes/bstu/schedule/index.php?gid=2122&'),(1136,'ЭБ-21',2,1696,'http://www.bstu.ru/static/themes/bstu/schedule/index.php?gid=1835&'),(1137,'ЭБ-22',2,1696,'http://www.bstu.ru/static/themes/bstu/schedule/index.php?gid=2257&'),(1138,'ЭБ-23',2,1696,'http://www.bstu.ru/static/themes/bstu/schedule/index.php?gid=2530&'),(1139,'ЭБ-24',2,1696,'http://www.bstu.ru/static/themes/bstu/schedule/index.php?gid=2532&'),(1140,'ЭБ-25',2,1696,'http://www.bstu.ru/static/themes/bstu/schedule/index.php?gid=2533&'),(1141,'ЭК-21',2,1696,'http://www.bstu.ru/static/themes/bstu/schedule/index.php?gid=1791&'),(1142,'ЭК-22',2,1696,'http://www.bstu.ru/static/themes/bstu/schedule/index.php?gid=1960&'),(1143,'ЭК-23',2,1696,'http://www.bstu.ru/static/themes/bstu/schedule/index.php?gid=1822&'),(1144,'ЭК-24',2,1696,'http://www.bstu.ru/static/themes/bstu/schedule/index.php?gid=1981&'),(1145,'ЭК-25',2,1696,'http://www.bstu.ru/static/themes/bstu/schedule/index.php?gid=1984&'),(1146,'ЭК-26',2,1696,'http://www.bstu.ru/static/themes/bstu/schedule/index.php?gid=1993&'),(1147,'ЭК-27',2,1696,'http://www.bstu.ru/static/themes/bstu/schedule/index.php?gid=2034&'),(1148,'ЭК-28',2,1696,'http://www.bstu.ru/static/themes/bstu/schedule/index.php?gid=2357&'),(1149,'ЭКБ-21',2,1696,'http://www.bstu.ru/static/themes/bstu/schedule/index.php?gid=2743&'),(1150,'АБ-31',3,1696,'http://www.bstu.ru/static/themes/bstu/schedule/index.php?gid=2527&'),(1151,'АБ-32',3,1696,'http://www.bstu.ru/static/themes/bstu/schedule/index.php?gid=2528&'),(1152,'МК-31',3,1696,'http://www.bstu.ru/static/themes/bstu/schedule/index.php?gid=2536&'),(1153,'МЭ-31',3,1696,'http://www.bstu.ru/static/themes/bstu/schedule/index.php?gid=2529&'),(1154,'СтМ-31',3,1696,'http://www.bstu.ru/static/themes/bstu/schedule/index.php?gid=1818&'),(1155,'УП-31',3,1696,'http://www.bstu.ru/static/themes/bstu/schedule/index.php?gid=2120&'),(1156,'ФК-31',3,1696,'http://www.bstu.ru/static/themes/bstu/schedule/index.php?gid=2524&'),(1157,'ФК-32',3,1696,'http://www.bstu.ru/static/themes/bstu/schedule/index.php?gid=2526&'),(1158,'ЭБ-31',3,1696,'http://www.bstu.ru/static/themes/bstu/schedule/index.php?gid=2289&'),(1159,'ЭБ-32',3,1696,'http://www.bstu.ru/static/themes/bstu/schedule/index.php?gid=2290&'),(1160,'ЭК-31',3,1696,'http://www.bstu.ru/static/themes/bstu/schedule/index.php?gid=1936&'),(1161,'ЭК-32',3,1696,'http://www.bstu.ru/static/themes/bstu/schedule/index.php?gid=1937&'),(1162,'ЭКБ-31',3,1696,'http://www.bstu.ru/static/themes/bstu/schedule/index.php?gid=2744&'),(1163,'АБ-411',4,1696,'http://www.bstu.ru/static/themes/bstu/schedule/index.php?gid=1916&'),(1164,'АБ-421',4,1696,'http://www.bstu.ru/static/themes/bstu/schedule/index.php?gid=1923&'),(1165,'БМ-41',4,1696,'http://www.bstu.ru/static/themes/bstu/schedule/index.php?gid=1821&'),(1166,'БЭК-41',4,1696,'http://www.bstu.ru/static/themes/bstu/schedule/index.php?gid=2048&'),(1167,'МК-41',4,1696,'http://www.bstu.ru/static/themes/bstu/schedule/index.php?gid=2044&'),(1168,'МЭ-411',4,1696,'http://www.bstu.ru/static/themes/bstu/schedule/index.php?gid=1921&'),(1169,'МЭ-421',4,1696,'http://www.bstu.ru/static/themes/bstu/schedule/index.php?gid=1878&'),(1170,'УП-41',4,1696,'http://www.bstu.ru/static/themes/bstu/schedule/index.php?gid=2203&'),(1171,'ФК-411',4,1696,'http://www.bstu.ru/static/themes/bstu/schedule/index.php?gid=1919&'),(1172,'ФК-421',4,1696,'http://www.bstu.ru/static/themes/bstu/schedule/index.php?gid=2028&'),(1173,'ЭК-411',4,1696,'http://www.bstu.ru/static/themes/bstu/schedule/index.php?gid=1939&'),(1174,'ЭК-421',4,1696,'http://www.bstu.ru/static/themes/bstu/schedule/index.php?gid=2009&'),(1175,'ЭКБ-41',4,1696,'http://www.bstu.ru/static/themes/bstu/schedule/index.php?gid=2745&'),(1176,'АБ-511',5,1696,'http://www.bstu.ru/static/themes/bstu/schedule/index.php?gid=1924&'),(1177,'АБ-521',5,1696,'http://www.bstu.ru/static/themes/bstu/schedule/index.php?gid=2043&'),(1178,'МК-51',5,1696,'http://www.bstu.ru/static/themes/bstu/schedule/index.php?gid=1907&'),(1179,'МЭ-511',5,1696,'http://www.bstu.ru/static/themes/bstu/schedule/index.php?gid=1922&'),(1180,'МЭ-521',5,1696,'http://www.bstu.ru/static/themes/bstu/schedule/index.php?gid=1824&'),(1181,'УП-51',5,1696,'http://www.bstu.ru/static/themes/bstu/schedule/index.php?gid=1955&'),(1182,'ФК-511',5,1696,'http://www.bstu.ru/static/themes/bstu/schedule/index.php?gid=1920&'),(1183,'ФК-521',5,1696,'http://www.bstu.ru/static/themes/bstu/schedule/index.php?gid=1979&'),(1184,'ЭК-511',5,1696,'http://www.bstu.ru/static/themes/bstu/schedule/index.php?gid=1940&'),(1185,'ЭК-521',5,1696,'http://www.bstu.ru/static/themes/bstu/schedule/index.php?gid=2010&'),(1186,'ЭК-522',5,1696,'http://www.bstu.ru/static/themes/bstu/schedule/index.php?gid=2012&'),(1187,'ВГ-2',2,1770,'http://www.bstu.ru/static/themes/bstu/schedule/index.php?gid=2936&'),(1188,'ЖД-11',1,1770,'http://www.bstu.ru/static/themes/bstu/schedule/index.php?gid=2447&'),(1189,'НК-11',1,1770,'http://www.bstu.ru/static/themes/bstu/schedule/index.php?gid=2438&'),(1190,'НК-12',1,1770,'http://www.bstu.ru/static/themes/bstu/schedule/index.php?gid=2756&'),(1191,'НС-11',1,1770,'http://www.bstu.ru/static/themes/bstu/schedule/index.php?gid=2448&'),(1192,'НС-12',1,1770,'http://www.bstu.ru/static/themes/bstu/schedule/index.php?gid=2449&'),(1193,'САД-11',1,1770,'http://www.bstu.ru/static/themes/bstu/schedule/index.php?gid=2445&'),(1194,'ТТП-11',1,1770,'http://www.bstu.ru/static/themes/bstu/schedule/index.php?gid=2443&'),(1195,'ЭТА-11',1,1770,'http://www.bstu.ru/static/themes/bstu/schedule/index.php?gid=2441&'),(1196,'ЖД-21',2,1770,'http://www.bstu.ru/static/themes/bstu/schedule/index.php?gid=2074&'),(1197,'НК-21',2,1770,'http://www.bstu.ru/static/themes/bstu/schedule/index.php?gid=1971&'),(1198,'НКс-21',2,1770,'http://www.bstu.ru/static/themes/bstu/schedule/index.php?gid=1851&'),(1199,'НКс-22',2,1770,'http://www.bstu.ru/static/themes/bstu/schedule/index.php?gid=2082&'),(1200,'НС-21',2,1770,'http://www.bstu.ru/static/themes/bstu/schedule/index.php?gid=1956&'),(1201,'НС-22',2,1770,'http://www.bstu.ru/static/themes/bstu/schedule/index.php?gid=1961&'),(1202,'САД-21',2,1770,'http://www.bstu.ru/static/themes/bstu/schedule/index.php?gid=1868&'),(1203,'ТТП-21',2,1770,'http://www.bstu.ru/static/themes/bstu/schedule/index.php?gid=1915&'),(1204,'ТТП-22',2,1770,'http://www.bstu.ru/static/themes/bstu/schedule/index.php?gid=2329&'),(1205,'ЭТА-21',2,1770,'http://www.bstu.ru/static/themes/bstu/schedule/index.php?gid=2123&'),(1206,'ЭТМ-21',2,1770,'http://www.bstu.ru/static/themes/bstu/schedule/index.php?gid=2089&'),(1207,'ЖД-31',3,1770,'http://www.bstu.ru/static/themes/bstu/schedule/index.php?gid=2296&'),(1208,'НК-31',3,1770,'http://www.bstu.ru/static/themes/bstu/schedule/index.php?gid=2307&'),(1209,'НКс-31',3,1770,'http://www.bstu.ru/static/themes/bstu/schedule/index.php?gid=2308&'),(1210,'НКс-32',3,1770,'http://www.bstu.ru/static/themes/bstu/schedule/index.php?gid=2309&'),(1211,'НС-31',3,1770,'http://www.bstu.ru/static/themes/bstu/schedule/index.php?gid=2493&'),(1212,'НС-32',3,1770,'http://www.bstu.ru/static/themes/bstu/schedule/index.php?gid=2495&'),(1213,'САД-31',3,1770,'http://www.bstu.ru/static/themes/bstu/schedule/index.php?gid=2313&'),(1214,'ТТП-31',3,1770,'http://www.bstu.ru/static/themes/bstu/schedule/index.php?gid=2312&'),(1215,'ЭТА-31',3,1770,'http://www.bstu.ru/static/themes/bstu/schedule/index.php?gid=2310&'),(1216,'ЭТМ-31',3,1770,'http://www.bstu.ru/static/themes/bstu/schedule/index.php?gid=2515&'),(1217,'4ДМ-41',4,1770,'http://www.bstu.ru/static/themes/bstu/schedule/index.php?gid=1880&'),(1218,'БД-41',4,1770,'http://www.bstu.ru/static/themes/bstu/schedule/index.php?gid=1963&'),(1219,'БД-42',4,1770,'http://www.bstu.ru/static/themes/bstu/schedule/index.php?gid=1966&'),(1220,'БДМ-41',4,1770,'http://www.bstu.ru/static/themes/bstu/schedule/index.php?gid=2092&'),(1221,'БДС-41',4,1770,'http://www.bstu.ru/static/themes/bstu/schedule/index.php?gid=2518&'),(1222,'БСТ-41',4,1770,'http://www.bstu.ru/static/themes/bstu/schedule/index.php?gid=1928&'),(1223,'ДС-41',4,1770,'http://www.bstu.ru/static/themes/bstu/schedule/index.php?gid=1870&'),(1224,'ДСм-42',4,1770,'http://www.bstu.ru/static/themes/bstu/schedule/index.php?gid=1986&'),(1225,'ЖД-41',4,1770,'http://www.bstu.ru/static/themes/bstu/schedule/index.php?gid=2202&'),(1226,'СА-41',4,1770,'http://www.bstu.ru/static/themes/bstu/schedule/index.php?gid=2126&'),(1227,'СМ-41',4,1770,'http://www.bstu.ru/static/themes/bstu/schedule/index.php?gid=2091&'),(1228,'БД-51',5,1770,'http://www.bstu.ru/static/themes/bstu/schedule/index.php?gid=1970&'),(1229,'БД-52',5,1770,'http://www.bstu.ru/static/themes/bstu/schedule/index.php?gid=1976&'),(1230,'ДМ-51',5,1770,'http://www.bstu.ru/static/themes/bstu/schedule/index.php?gid=1879&'),(1231,'ДС-51',5,1770,'http://www.bstu.ru/static/themes/bstu/schedule/index.php?gid=1871&'),(1232,'ДСм-52',5,1770,'http://www.bstu.ru/static/themes/bstu/schedule/index.php?gid=2050&'),(1233,'ЖД-51',5,1770,'http://www.bstu.ru/static/themes/bstu/schedule/index.php?gid=1842&'),(1234,'СА-51',5,1770,'http://www.bstu.ru/static/themes/bstu/schedule/index.php?gid=2130&'),(1235,'СМ-51',5,1770,'http://www.bstu.ru/static/themes/bstu/schedule/index.php?gid=2118&'),(1236,'ВГ-1',1,1819,'http://www.bstu.ru/static/themes/bstu/schedule/index.php?gid=2938&'),(1237,'Э-11',1,1819,'http://www.bstu.ru/static/themes/bstu/schedule/index.php?gid=2419&'),(1238,'Э-12',1,1819,'http://www.bstu.ru/static/themes/bstu/schedule/index.php?gid=2420&'),(1239,'Э-13',1,1819,'http://www.bstu.ru/static/themes/bstu/schedule/index.php?gid=2421&'),(1240,'ЭА-14',1,1819,'http://www.bstu.ru/static/themes/bstu/schedule/index.php?gid=2651&'),(1241,'ЭТ-11',1,1819,'http://www.bstu.ru/static/themes/bstu/schedule/index.php?gid=2417&'),(1242,'ЭТ-12',1,1819,'http://www.bstu.ru/static/themes/bstu/schedule/index.php?gid=2418&'),(1243,'ЭТБ-11',1,1819,'http://www.bstu.ru/static/themes/bstu/schedule/index.php?gid=2749&'),(1244,'Э-21',2,1819,'http://www.bstu.ru/static/themes/bstu/schedule/index.php?gid=2007&'),(1245,'Э-22',2,1819,'http://www.bstu.ru/static/themes/bstu/schedule/index.php?gid=2008&'),(1246,'Э-23',2,1819,'http://www.bstu.ru/static/themes/bstu/schedule/index.php?gid=2326&'),(1247,'Э-24',2,1819,'http://www.bstu.ru/static/themes/bstu/schedule/index.php?gid=2360&'),(1248,'ЭА-25',2,1819,'http://www.bstu.ru/static/themes/bstu/schedule/index.php?gid=2262&'),(1249,'ЭТ-21',2,1819,'http://www.bstu.ru/static/themes/bstu/schedule/index.php?gid=1973&'),(1250,'ЭТ-22',2,1819,'http://www.bstu.ru/static/themes/bstu/schedule/index.php?gid=2325&'),(1251,'Э-31',3,1819,'http://www.bstu.ru/static/themes/bstu/schedule/index.php?gid=1807&'),(1252,'Э-32',3,1819,'http://www.bstu.ru/static/themes/bstu/schedule/index.php?gid=1954&'),(1253,'Э-33',3,1819,'http://www.bstu.ru/static/themes/bstu/schedule/index.php?gid=2286&'),(1254,'ЭА-34',3,1819,'http://www.bstu.ru/static/themes/bstu/schedule/index.php?gid=2000&'),(1255,'Эв-33',3,1819,'http://www.bstu.ru/static/themes/bstu/schedule/index.php?gid=2937&'),(1256,'ЭТ-31',3,1819,'http://www.bstu.ru/static/themes/bstu/schedule/index.php?gid=1808&'),(1257,'ЭТ-32',3,1819,'http://www.bstu.ru/static/themes/bstu/schedule/index.php?gid=2298&'),(1258,'Э-41',4,1819,'http://www.bstu.ru/static/themes/bstu/schedule/index.php?gid=2018&'),(1259,'Э-42',4,1819,'http://www.bstu.ru/static/themes/bstu/schedule/index.php?gid=2051&'),(1260,'Э-43',4,1819,'http://www.bstu.ru/static/themes/bstu/schedule/index.php?gid=1836&'),(1261,'ЭА-41',4,1819,'http://www.bstu.ru/static/themes/bstu/schedule/index.php?gid=1876&'),(1262,'ЭТ-41',4,1819,'http://www.bstu.ru/static/themes/bstu/schedule/index.php?gid=1809&'),(1263,'ЭТ-42',4,1819,'http://www.bstu.ru/static/themes/bstu/schedule/index.php?gid=1830&'),(1264,'Э-51',5,1819,'http://www.bstu.ru/static/themes/bstu/schedule/index.php?gid=2014&'),(1265,'Э-52',5,1819,'http://www.bstu.ru/static/themes/bstu/schedule/index.php?gid=1843&'),(1266,'Э-53',5,1819,'http://www.bstu.ru/static/themes/bstu/schedule/index.php?gid=2125&'),(1267,'ЭА-51',5,1819,'http://www.bstu.ru/static/themes/bstu/schedule/index.php?gid=2058&'),(1268,'ЭТ-51',5,1819,'http://www.bstu.ru/static/themes/bstu/schedule/index.php?gid=1989&'),(1269,'ЭТ-52',5,1819,'http://www.bstu.ru/static/themes/bstu/schedule/index.php?gid=1810&'),(1270,'ЭТ-53',5,1819,'http://www.bstu.ru/static/themes/bstu/schedule/index.php?gid=2649&');
/*!40000 ALTER TABLE `GroupUni` ENABLE KEYS */;
UNLOCK TABLES;

--
-- Table structure for table `Prof`
--

DROP TABLE IF EXISTS `Prof`;
/*!40101 SET @saved_cs_client     = @@character_set_client */;
/*!40101 SET character_set_client = utf8 */;
CREATE TABLE `Prof` (
  `idProf` int(11) NOT NULL AUTO_INCREMENT,
  `name` varchar(80) COLLATE utf8_estonian_ci DEFAULT NULL,
  PRIMARY KEY (`idProf`),
  UNIQUE KEY `name` (`name`)
) ENGINE=InnoDB AUTO_INCREMENT=15251 DEFAULT CHARSET=utf8 COLLATE=utf8_estonian_ci;
/*!40101 SET character_set_client = @saved_cs_client */;

--
-- Dumping data for table `Prof`
--

LOCK TABLES `Prof` WRITE;
/*!40000 ALTER TABLE `Prof` DISABLE KEYS */;
INSERT INTO `Prof` VALUES (4,''),(4742,'.Боцман Л.Н.'),(1612,'Абакумов РГ'),(2816,'Агарков АМ'),(10050,'Анциферов СИ'),(4304,'Афонюшкина ОИ'),(14485,'Бабаев ВБ'),(9961,'Бажанов АГ'),(11456,'Бажанова ОИ'),(12576,'Бекетова ОС'),(14116,'Беседина НВ'),(15250,'Бобрышев А.М.'),(1009,'Богомазова М.П.'),(83,'Бондарева ВЮ'),(10493,'Бондаренко НИ'),(9774,'Бондаренко Т.В.'),(4208,'Борисова ЖИ'),(11213,'Бражник ЮВ'),(13286,'Бугаенко Л.В.'),(10016,'Буханов ДГ'),(10424,'Васюткина ДИ'),(4580,'Вахов ВИ'),(116,'Вовженяк П.Ю.'),(5702,'Волков АА'),(12189,'Вялых СВ'),(14422,'Гай ЛЕ'),(11712,'Гапоненко ЕВ'),(9834,'Гвоздевский ИН'),(4614,'Герасимов ДМ'),(1083,'Глухарёв Д. В.'),(10204,'Голев Р.Ю.'),(14173,'Голубенко НВ'),(1202,'Гольцов АБ'),(10836,'Гончаров АА'),(158,'Гончаров ИО'),(10045,'Гончарова М.В.'),(367,'Горбунов ИГ'),(10980,'Горшков ПС'),(9782,'Гребенчук ФМ'),(10685,'Гузеева О.Н.'),(11996,'Гунькин А.А.'),(1060,'Диченский ГИ'),(10499,'Добринская О.А.'),(1369,'доц. Авдеева АС'),(1949,'доц. Аверкова ОА'),(7931,'доц. Авилова ЖН'),(10919,'доц. Агарков ПД'),(1474,'доц. Агеева МС'),(6337,'доц. Акимова ГЗ'),(863,'доц. Аксенова ЛЛ'),(2678,'доц. Александрова ЕБ'),(794,'доц. Алифанова АИ'),(1129,'доц. Алфимова НИ'),(161,'доц. Андреева Н.В.'),(6322,'доц. Арская ЕВ'),(5007,'доц. Архипова НА'),(5909,'доц. Атабиева ЕЛ'),(12719,'доц. Атитсогбуи РМ'),(2781,'доц. Ахтямов АВ'),(6850,'доц. Байдина ОВ'),(1988,'доц. Бацанова СВ'),(4113,'доц. Безкровный ЮД'),(5889,'доц. Безлюдько ВЯ'),(19,'доц. Белоус ТА'),(5661,'доц. Беляева ВИ'),(3885,'доц. Бендерская ОБ'),(2594,'доц. Бережная ИН'),(34,'доц. Беседина ТВ'),(3190,'доц. Блинова ТА'),(9415,'доц. Бобрышов АМ'),(106,'доц. Бондарев ЮИ'),(4319,'доц. Борзенкова КС'),(7119,'доц. Боровской АЕ'),(9532,'доц. Брусенцева ВС'),(10526,'доц. БудникО.А.'),(6565,'доц. Булгаков СБ'),(7351,'доц. Бушуева НП'),(430,'доц. Былин ИП'),(186,'доц. Ванькова ТЕ'),(1358,'доц. Василенко МИ'),(143,'доц. Василенко ТА'),(7688,'доц. Васильев БП'),(7660,'доц. Васильченко ЮВ'),(9792,'доц. Величко ДВ'),(10618,'доц. Ветрова ЮВ'),(9688,'доц. Виноглядов ВН'),(1981,'доц. Власова ЕА'),(14348,'доц. Воля ПА'),(7008,'доц. Воронкова МН'),(7479,'доц. Выборнова СВ'),(5089,'доц. Высоцкая МА'),(3887,'доц. Гавриловская СП'),(4479,'доц. Герасименко ВБ'),(6115,'доц. Гнездилова СА'),(8833,'доц. Гоз ИГ'),(10236,'доц. Голдобина ВГ'),(12886,'доц. Голикова ИВ'),(10758,'доц. Головизнина ТЕ'),(5743,'доц. Гончаров СИ'),(10897,'доц. Гончарова ЕН'),(5472,'доц. Горлов АС'),(2310,'доц. Горшков АС'),(3603,'доц. Горягин ЕП'),(133,'доц. Григорьев АМ'),(7000,'доц. Гринек АВ'),(6255,'доц. Гриненко ГП'),(3753,'доц. Гришко БМ'),(2043,'доц. Губарев АВ'),(3789,'доц. Губарева ВВ'),(2608,'доц. Гузаиров ВШ'),(12708,'доц. Давыденко ТА'),(5348,'доц. Дадалова МВ'),(1353,'доц. Даниленко Е.П.'),(7193,'доц. Данкова Ж.Ю.'),(5215,'доц. Данкова ЖЮ'),(265,'доц. Дегтярь АН'),(5172,'доц. Демура НА'),(3447,'доц. Денисова ЛВ'),(2304,'доц. Дмитриенко ВГ'),(5887,'доц. Доможирова ОВ'),(11120,'доц. Дороганов ВА'),(1348,'доц. Доценко СИ'),(2894,'доц. Дробницкая НВ'),(1535,'доц. Дрокин С.В.'),(978,'доц. Дронов ВИ'),(1155,'доц. Дронова ГЛ'),(9100,'доц. Дубино НВ'),(10878,'доц. Егоров ДЕ'),(8940,'доц. Едаменко АС'),(10516,'доц. Едаменко ОД'),(326,'доц. Елистраткин МЮ'),(1196,'доц. Жданов АЕ'),(1477,'доц. Жерновский ИВ'),(7049,'доц. Жуков ЕМ'),(5030,'доц. Загородний НА'),(5237,'доц. Зайцева ТА'),(11140,'доц. Залаева СШ'),(943,'доц. Затолокина НВ'),(11948,'доц. Зеленков СФ'),(7010,'доц. Зозулева ЛА'),(377,'доц. Зубков ДЭ'),(9533,'доц. Зуев С.В.'),(5381,'доц. Ивлева ИА'),(2641,'доц. Калатози ВВ'),(667,'доц. Калачук ТГ'),(47,'доц. Калинин ЮМ'),(13402,'доц. Капустин ЕВ'),(6497,'доц. Карпачев ДВ'),(518,'доц. Кафтаева МВ'),(10981,'доц. Кеменов СА'),(1919,'доц. Климова ЕВ'),(3173,'доц. Клюев СВ'),(3741,'доц. Ключникова НВ'),(5243,'доц. Ковалева ТН'),(9483,'доц. Кожевников ВП'),(11766,'доц. Колесников СЛ'),(1325,'доц. Колесникова ЛИ'),(5671,'доц. Коновалов ВМ'),(670,'доц. Коренькова ГВ'),(3949,'доц. Корнеев ВТ'),(2522,'доц. Корнилов АВ'),(4281,'доц. Коробкова ЕН'),(14560,'доц. Котухов АН'),(13510,'доц. Кравченко ЕЮ'),(8139,'доц. Кравченко ЛН'),(374,'доц. Крючков АА'),(5083,'доц. Кузнецов ДА'),(53,'доц. Кузнецов РА'),(372,'доц. Кузнецова СВ'),(3745,'доц. Кулешов МИ'),(10452,'доц. Латыпова ММ'),(7,'доц. Лашина ЛС'),(1374,'доц. Лебедев ВМ'),(2113,'доц. Легочкина ЕН'),(9066,'доц. Лещев СИ'),(1321,'доц. Литовкин НИ'),(8093,'доц. Логвиненко АА'),(14610,'доц. Логвинов ВП'),(10690,'доц. Лопанов АН'),(7892,'доц. Лукаш ЕА'),(6218,'доц. Луценко ОВ'),(1354,'доц. Лычева ИМ'),(11222,'доц. Макридина МТ'),(1611,'доц. Максаков А.И.'),(8597,'доц. Максимчук ЕВ'),(1243,'доц. Малыхина ВС'),(3147,'доц. Маслова ИВ'),(2791,'доц. Масловская АН'),(2865,'доц. Матюхин ПВ'),(2616,'доц. Медведев И. П.'),(7078,'доц. Микалут СМ'),(4339,'доц. Минаева ЛА'),(673,'доц. Митякина НА'),(12110,'доц. Михайличенко СА'),(10061,'доц. Михелев ВМ'),(5385,'доц. Мишин ДА'),(3874,'доц. Молчанова ВА'),(41,'доц. Монастырская ИА'),(5681,'доц. Морозова ИА'),(10497,'доц. Морозова ИИ'),(723,'доц. Мухачева ВД'),(2602,'доц. Мясоедов РА'),(871,'доц. Наумов АЕ'),(6844,'доц. Наумова ЛН'),(1349,'доц. Некрасов ЮЮ'),(1473,'доц. Нелюбова ВВ'),(11404,'доц. Никитина МЮ'),(11477,'доц. Никифоров ВМ'),(1969,'доц. Никифорова ЕП'),(1423,'доц. Никулин А.И.'),(14426,'доц. Новиков ИА'),(6263,'доц. Носатова ЕА'),(742,'доц. Овсянников ЮГ'),(13028,'доц. Окунева ГЛ'),(576,'доц. Оноприенко НН'),(11231,'доц. Павленко ЗВ'),(9529,'доц. Паненко ВА'),(688,'доц. Панченко ЛА'),(381,'доц. Пархомова ЕС'),(10306,'доц. Пашков МВ'),(4148,'доц. Пендюрин ЕА'),(10814,'доц. Перескок СА'),(7362,'доц. Перетокина НА'),(92,'доц. Перькова МВ'),(1401,'доц. Петимко АМ'),(3757,'доц. Петрашев ВИ'),(306,'доц. Пири С.Д.'),(130,'доц. Пириев ЮС'),(172,'доц. Подгорный НН'),(7325,'доц. Полуэктова ВА'),(4395,'доц. Пономарева ТН'),(820,'доц. Попков Ю.В.'),(10456,'доц. Порожнюк ЛА'),(9715,'доц. Поспелова ЕА'),(7514,'доц. Прасол ДА'),(1391,'доц. Приставка ТА'),(8893,'доц. Проскурина ИИ'),(973,'доц. Резниченко СВ'),(7310,'доц. Ремизова ИН'),(14416,'доц. Романович ЛГ'),(6450,'доц. Рябов АА'),(14430,'доц. Рябых ВП'),(9528,'доц. Рязанов ЮД'),(573,'доц. Рязанцева Л.В.'),(1227,'доц. Савенкова ИВ'),(6645,'доц. Санин СН'),(7703,'доц. Санина ТМ'),(11248,'доц. Северин НН'),(14255,'доц. Севостьянов МВ'),(2957,'доц. Семернин АН'),(13925,'доц. Семикопенко ЮВ'),(9598,'доц. Сергиенко ЕН'),(414,'доц. Серых ИР'),(7374,'доц. Слюсарь ОА'),(8430,'доц. Смоленская ЛМ'),(2129,'доц. Смоленская ОА'),(655,'доц. Смоляго НА'),(3751,'доц. Соболь ТГ'),(2053,'доц. Солодова ЕВ'),(2082,'доц. Солодовников ДН'),(2550,'доц. Солопов ЮИ'),(8683,'доц. Сомина ИВ'),(14371,'доц. Спесивцева СЕ'),(7298,'доц. Старикова МС'),(568,'доц. Староверов СВ'),(4029,'доц. Старостина ИВ'),(313,'доц. Старченко ДН'),(142,'доц. Стативко РУ'),(4450,'доц. Столярова ЗВ'),(689,'доц. Стрекозова ЛВ'),(10078,'доц. Стремнев АЮ'),(145,'доц. Стрижко АН'),(6507,'доц. Струков ВГ'),(1741,'доц. Сулейманов АГ'),(5912,'доц. Счастливенко ЕВ'),(682,'доц. Тарасенко ВН'),(8541,'доц. Твердохлебов ДВ'),(10831,'доц. Тимошенко ТИ'),(3625,'доц. Тихомирова ТИ'),(8511,'доц. Ткаченко ЮА'),(13,'доц. Токарева ТВ'),(2672,'доц. Токач ЮЕ'),(10615,'доц. Толстопятов СН'),(327,'доц. Толыпина НМ'),(822,'доц. Тоцкая ИВ'),(1460,'доц. Трошин АС'),(8552,'доц. Тупикин ПН'),(2959,'доц. Уральская ЛС'),(5955,'доц. Фанина ЕА'),(178,'доц. Феоктистов ЮА'),(7216,'доц. Филиппова ИГ'),(13953,'доц. Фоменко ЮВ'),(12176,'доц. Ханина ОС'),(5200,'доц. Хомченко ЮВ'),(7207,'доц. Хорошун НА'),(11988,'доц. Хуртасенко АВ'),(921,'доц. Цветкова НН'),(10750,'доц. Черкасов АВ'),(514,'доц. Черныш НД'),(1081,'доц. Чернышева ЕВ'),(864,'доц. Чернышева НВ'),(5840,'доц. Чертов ВГ'),(882,'доц. Чеченина ИВ'),(7456,'доц. Чижов СФ'),(7324,'доц. Чикина ЕД'),(2515,'доц. Чуева ЛП'),(2022,'доц. Шаповалов АА'),(656,'доц. Шаповалов СМ'),(522,'доц. Шаптала ВВ'),(10088,'доц. Шаталов АВ'),(244,'доц. Шевченко АВ'),(3971,'доц. Шилькова В.В.'),(526,'доц. Ширина НВ'),(4600,'доц. Шопина ЕВ'),(10781,'доц. Щелокова ЛС'),(5470,'доц. Щербинин ИА'),(5054,'доц. Щетинина ИА'),(3963,'доц. Юдин КА'),(1136,'доц. Юракова ТГ'),(14522,'доц. Яковлев ЕА'),(137,'доц. Яковлев ОА'),(13444,'доц. Ярмоленко ИВ'),(5398,'доц. Ярмоленко ЛИ'),(7668,'доц. Ястребинская АВ'),(12711,'Дровкина НА'),(230,'Дронов А.В.'),(194,'Дронова А.В.'),(8241,'Дубинин АН'),(14872,'Духанина УС'),(7536,'Еланцев П.А.'),(11020,'Ермоленко ЕП'),(2027,'Жданова СИ'),(920,'Жуков Д.А.'),(413,'Золин ВВ'),(5539,'Зябкина ОН'),(2559,'Иванова ЕВ'),(10290,'Игнатенко ВА'),(10199,'Кальницкий АВ'),(10054,'Кариков ЕБ'),(12713,'Каськова НВ'),(12122,'Качаев АЕ'),(675,'Киреев ВМ'),(1069,'Киценко Ф.С.'),(2684,'Клюев АВ'),(129,'Ковалев ЛА'),(10620,'Ковалева ЕГ'),(396,'Коломыцева ЕП'),(1749,'Колпакова ЕВ'),(8311,'Конев А.А.'),(812,'Кононова О.Ю.'),(12983,'Корнилова ЕЮ'),(959,'Корнилова НВ'),(9605,'Косолапов С.А.'),(6228,'Косоногова М.А.'),(4245,'Кочина СК'),(9901,'Кошлич ЮА'),(14977,'Кравченко ТП'),(8324,'Красовская ЕП'),(1053,'Крутилова М. О.'),(496,'Крушельницкая ЕИ'),(13939,'Лаптева СН'),(2705,'Латышев СС'),(13137,'Левченко АС'),(510,'Ледешкова ЕВ'),(12935,'Логачева ТВ'),(23,'Лоншаков ДА'),(5330,'Лупандина Н.'),(3486,'Мандрикова ОС'),(102,'Микулик ИА'),(415,'Мироненко О.В.'),(4263,'Михайлов В.В.'),(13367,'Михеева НВ'),(15058,'Московченко С.И.'),(7113,'Новописный ЕА'),(10851,'Новоселов АГ'),(179,'Обернихин Д.В.'),(151,'Озерова ЕА'),(9419,'Паращук О.В.'),(12844,'Пархоменко ЛА'),(816,'Пириева ЛЮ'),(9772,'Поляков В.К.'),(21,'преп. Бухтоярова МА'),(2813,'преп. Семенова ТГ'),(2177,'преп. Чернова ОВ'),(4690,'Прокопенко ВС'),(15063,'проф. Авербух МА'),(976,'проф. Авилова ИП'),(5714,'проф. Алиматов Б'),(6329,'проф. Аркатов АЯ'),(9690,'проф. Афанасьев АА'),(11042,'проф. Барбанягрэ ВД'),(5198,'проф. Бахарев ВВ'),(9751,'проф. Белоусов АВ'),(2183,'проф. Бессмертный ВС'),(2173,'проф. Богданов ВС'),(14011,'проф. Богомолов АА'),(7061,'проф. Бойко АФ'),(1627,'проф. Большаков АГ'),(12267,'проф. Бондаренко ЮА'),(2179,'проф. Борисов ИН'),(9596,'проф. Брусенцев АГ'),(2240,'проф. Бухонова СМ'),(5209,'проф. Веретенникова ИИ'),(3636,'проф. Виноградов АА'),(407,'проф. Володченко АН'),(9855,'проф. Воробьев НД'),(725,'проф. Воронцов ВМ'),(3864,'проф. Выборнова ВВ'),(63,'проф. Гарагуля СИ'),(6662,'проф. Герасимов МД'),(3445,'проф. Гладких ЮП'),(14564,'проф. Голиусов АС'),(14095,'проф. Горшкова НГ'),(457,'проф. Дегтев ИА'),(1259,'проф. Донченко ОМ'),(6361,'проф. Дорошенко ЮА'),(8250,'проф. Дубинин НН'),(12037,'проф. Дуганов ВЯ'),(2298,'проф. Дузенко КК'),(15151,'проф. Дунаев ВА'),(13971,'проф. Духовный ГС'),(11967,'проф. Дуюн ТА'),(12156,'проф. Ельцов МЮ'),(10874,'проф. Ефремова ОА'),(5393,'проф. Жерновая НФ'),(1132,'проф. Загороднюк ЛХ'),(4212,'проф. Иванов ИВ'),(1265,'проф. Ильина ТН'),(14558,'проф. Исаенко ЭП'),(2278,'проф. Калашников АТ'),(173,'проф. Карякин ВФ'),(9968,'проф. Кижук АС'),(11058,'проф. Классен ВК'),(10514,'проф. Клименко ВГ'),(1373,'проф. Козлюк АГ'),(649,'проф. Косухин ММ'),(986,'проф. Кочерженко ВВ'),(2600,'проф. Крамской СИ'),(11021,'проф. Кудеярова НП'),(1986,'проф. Кузнецова ИА'),(836,'проф. Кущев ЛА'),(456,'проф. Лаврик ГИ'),(317,'проф. Лесовик ВС'),(842,'проф. Логачев ИН'),(242,'проф. Логачев КИ'),(947,'проф. Лозовая СЮ'),(176,'проф. Лукьянов ГД'),(9956,'проф. Магергут ВЗ'),(10863,'проф. Матвеев АФ'),(11468,'проф. Миндолин СФ'),(832,'проф. Минко ВА'),(3490,'проф. Минько НИ'),(895,'проф. Мироненко ВП'),(174,'проф. Моисеев ВВ'),(4623,'проф. Мочалов ВД'),(6481,'проф. Несмеянов НП'),(2212,'проф. Нестеров МН'),(10925,'проф. Нестерова НВ'),(9760,'проф. Носов ОА'),(4294,'проф. Одарченко АВ'),(10808,'проф. Онищук ВИ'),(10441,'проф. Павленко ВИ'),(5994,'проф. Пахалуев ВФ'),(9271,'проф. Пелипенко НА'),(1261,'проф. Подпоринов БФ'),(9773,'проф. Полунин АИ'),(2208,'проф. Поляков ВМ'),(12,'проф. Попов АД'),(1216,'проф. Потапенко АН'),(11673,'проф. Почупайло БИ'),(10096,'проф. Пучка ОВ'),(1421,'проф. Радоминова НП'),(10928,'проф. Радоуцкий ВЮ'),(722,'проф. Рахимбаев ШМ'),(253,'проф. Редькин ГМ'),(577,'проф. Романович АА'),(9955,'проф. Рубанов ВГ'),(10949,'проф. Рубанов ЮК'),(3212,'проф. Рыбак ЛА'),(252,'проф. Сабылинский АВ'),(3591,'проф. Савотченко СЕ'),(2272,'проф. Свергузова СВ'),(11116,'проф. Севостьянов ВС'),(7752,'проф. Севрюгина НС'),(13519,'проф. Селиверстов ЮИ'),(11736,'проф. Семикопенко ИА'),(9985,'проф. Синюк ВГ'),(5922,'проф. Слабинская ИА'),(127,'проф. Смоляго ГА'),(134,'проф. Солодов НВ'),(6472,'проф. Стативко АА'),(10100,'проф. Степанов АМ'),(5451,'проф. Столярова ВА'),(12581,'проф. Стрябкова ЕА'),(1131,'проф. Сулейманова ЛА'),(7645,'проф. Тарасова ГИ'),(565,'проф. Толбатов АА'),(1125,'проф. Толстой АД'),(7639,'проф. Трубаев ПА'),(2051,'проф. Уваров ВА'),(4608,'проф. Уральский ВИ'),(3895,'проф. Усатова ЛВ'),(12113,'проф. Фадин ЮМ'),(9515,'проф. Федоренко БЗ'),(9059,'проф. Федоренко МА'),(12887,'проф. Фомин ВН'),(11938,'проф. Ханин СИ'),(1135,'проф. Хархардин АН'),(11897,'проф. Храмцов БА'),(11000,'проф. Чемеричко ГИ'),(7059,'проф. Чепчуров МС'),(136,'проф. Череватова АВ'),(12497,'проф. Чижова ЕН'),(1975,'проф. Шамаева ОП'),(547,'проф. Шаптала ВГ'),(2248,'проф. Шарапов РР'),(11412,'проф. Шевцова РГ'),(664,'проф. Шевченко НИ'),(12275,'проф. Шестаков АМ'),(901,'проф. Шило АВ'),(7051,'проф. Шрубченко ИВ'),(8157,'проф. Щетинина ЕД'),(3914,'проф. Юрьев АГ'),(4070,'проф. Ядыкина ВВ'),(11598,'проф. Ястребинский РН'),(153,'Прохоров АВ'),(10635,'Пчела ВИ'),(453,'Ращенко А'),(562,'Рощубкин ПВ'),(69,'Рыжкова ОС'),(6846,'Рыкова МА'),(12828,'Ряпухина ВН'),(6141,'Сачкова АВ'),(331,'Сегедина О.А.'),(12862,'Сергеева СА'),(563,'Сингатулин РС'),(9767,'Смышляева ЛГ'),(1031,'Соколов НГ'),(391,'ст. пр. Лозовой Н.М.'),(113,'ст.пр. Алавердян АЛ'),(1327,'ст.пр. Алейникова НВ'),(138,'ст.пр. Андреева ГВ'),(489,'ст.пр. Аниканова ТВ'),(3593,'ст.пр. Аржавитина ВА'),(11134,'ст.пр. Аркатова ОГ'),(2614,'ст.пр. Афанасьев ИВ'),(14598,'ст.пр. Афонин ВГ'),(59,'ст.пр. Бакалец ОА'),(7475,'ст.пр. Балабанова ГГ'),(2316,'ст.пр. Беловодская ИИ'),(1410,'ст.пр. Белоусов АП'),(1417,'ст.пр. Беляева ЛЮ'),(3747,'ст.пр. Бережной ОЛ'),(18,'ст.пр. Биньковская ЛН'),(2665,'ст.пр. Божков ЮН'),(376,'ст.пр. Бондаренко И.Р.'),(10880,'ст.пр. Бондарь ЮВ'),(10430,'ст.пр. Боровская ОЮ'),(945,'ст.пр. Брежнев АН'),(3850,'ст.пр. Буханцова АН'),(9954,'ст.пр. Бушуев ДА'),(3459,'ст.пр. Варданян ГР'),(13804,'ст.пр. Васильев СА'),(4582,'ст.пр. Ващилин ВС'),(8114,'ст.пр. Веретенников ОВ'),(10218,'ст.пр. Гарибов АИ'),(6220,'ст.пр. Гладкова ИА'),(8118,'ст.пр. Глухоедов АВ'),(10028,'ст.пр. Гольцов ЮА'),(9589,'ст.пр. Гончарова А.В.'),(1520,'ст.пр. Гончарова АВ'),(13226,'ст.пр. Гребенюк ОМ'),(975,'ст.пр. Долженко АВ'),(3642,'ст.пр. Духанин СА'),(2312,'ст.пр. Дюкарева ВИ'),(813,'ст.пр. Жариков ИС'),(9917,'ст.пр. Жданова ИВ'),(152,'ст.пр. Жерновская ИВ'),(666,'ст.пр. Зинькова ВА'),(1123,'ст.пр. Иваненко ВИ'),(6271,'ст.пр. Иванов ИИ'),(5040,'ст.пр. Кажанова ЕЮ'),(3630,'ст.пр. Килин СВ'),(2639,'ст.пр. Киреева АВ'),(382,'ст.пр. Кирильчук ОВ'),(1648,'ст.пр. Киселев СН'),(15144,'ст.пр. Колесникова Е.Н.'),(251,'ст.пр. Колмыкова ИВ'),(1101,'ст.пр. Колясникова В.В.'),(7732,'ст.пр. Корнеев АС'),(160,'ст.пр. Кочеткова ИА'),(4277,'ст.пр. Крюков АВ'),(9836,'ст.пр. Куценко ДА'),(2801,'ст.пр. Лавриненко ТН'),(148,'ст.пр. Лазебная ЕА'),(165,'ст.пр. Лисничук СА'),(523,'ст.пр. Ломако ЛЛ'),(1232,'ст.пр. Лысикова ЭА'),(5488,'ст.пр. Макридин АА'),(409,'ст.пр. Малышева ЭИ'),(4656,'ст.пр. Маслов ВА'),(12646,'ст.пр. Мелихова СБ'),(851,'ст.пр. Михайлова МЮ'),(126,'ст.пр. Мищенко ЛФ'),(13092,'ст.пр. Насибова ЭИ'),(7682,'ст.пр. Носатов ВВ'),(6676,'ст.пр. Орехова ТН'),(9743,'ст.пр. Паращук ЕМ'),(618,'ст.пр. Пашкова ЛА'),(246,'ст.пр. Першина ИЛ'),(14857,'ст.пр. Песенко Т.М.'),(6111,'ст.пр. Погромский АС'),(125,'ст.пр. Польшина ЛБ'),(755,'ст.пр. Попов ЕН'),(10144,'ст.пр. Порхало ВА'),(9074,'ст.пр. Прохорова ЕВ'),(300,'ст.пр. Пузачева ЕИ'),(2332,'ст.пр. Рога СН'),(13806,'ст.пр. Рошаль СВ'),(5615,'ст.пр. Рудаков ЮИ'),(164,'ст.пр. Рыбакова АИ'),(9864,'ст.пр. Рыбин ИА'),(9554,'ст.пр. Рябцева СВ'),(1450,'ст.пр. Салтанова ЕВ'),(1501,'ст.пр. Сапожников П.В.'),(2649,'ст.пр. Свеженцева ИБ'),(2055,'ст.пр. Селиванова ЕВ'),(2466,'ст.пр. Селицкая НВ'),(7651,'ст.пр. Семейкин АЮ'),(849,'ст.пр. Семиненко АС'),(3517,'ст.пр. Сенина ГМ'),(36,'ст.пр. Сердюков АВ'),(9,'ст.пр. Сидякина МЮ'),(11700,'ст.пр. Ситников БД'),(5328,'ст.пр. Смаль ДВ'),(2552,'ст.пр. Смышляев АГ'),(1044,'ст.пр. Соколов АА'),(1215,'ст.пр. Солдатенков АС'),(5468,'ст.пр. Соловьев СВ'),(910,'ст.пр. Солонина НА'),(12494,'ст.пр. Сорокина НП'),(9709,'ст.пр. Спиридонова ЛН'),(2727,'ст.пр. Стрелкина ТП'),(5301,'ст.пр. Суворова АА'),(1206,'ст.пр. Суслов ДЮ'),(5077,'ст.пр. Татаринцев ЕС'),(1839,'ст.пр. Товстий ВП'),(1451,'ст.пр. Уварова ВФ'),(6703,'ст.пр. Уральский АВ'),(12895,'ст.пр. Ухватова ЕА'),(9973,'ст.пр. Федотов ЕА'),(342,'ст.пр. Феоктистов АЮ'),(3471,'ст.пр. Филимонов СИ'),(602,'ст.пр. Харламов ЕВ'),(897,'ст.пр. Храбатин ВМ'),(40,'ст.пр. Храбатина НВ'),(5,'ст.пр. Цуканова НН'),(10550,'ст.пр. Чашин ГП'),(1961,'ст.пр. Чеботарева ЛА'),(9795,'ст.пр. Чернова СБ'),(6261,'ст.пр. Черныш ЛИ'),(7029,'ст.пр. Шаповалов ОИ'),(262,'ст.пр. Шарапова А.В.'),(239,'ст.пр. Шарыпина ЛА'),(12704,'ст.пр. Шевцова СН'),(8599,'ст.пр. Шевченко ИЮ'),(3862,'ст.пр. Шевченко МВ'),(14021,'ст.пр. Шкарпеткин ЕА'),(3632,'ст.пр. Яковлев АО'),(1332,'ст.пр. Ярмош ТС'),(10,'Степанова-Третьякова НС'),(12843,'Столяров БН'),(2023,'Стрельцова ТП'),(894,'Стрябкова ИВ'),(1405,'Сыромятникова Е.В.'),(14177,'Тарасов ВВ'),(14884,'Тарсаидзе АГ'),(12717,'Толмачева ЕИ'),(9970,'Торгонин Е.Ю.'),(4060,'Траутвайн А.И.'),(5652,'Трулев А.В.'),(10492,'Трунов Е.М.'),(13837,'Федосова ЛИ'),(991,'Фролов Н.В.'),(12572,'Харченко ВЕ'),(14764,'Черкашина Н.И.'),(830,'Черныш АС'),(821,'Чернышева ЕВ'),(10890,'Чернявский ОС'),(10145,'Чуев А.В.'),(1398,'Шалпегина ТЮ'),(647,'Шарапов О.Н.'),(14352,'Шевцова АГ'),(417,'Шин Е.Р.'),(12165,'Широкова ЛЮ'),(1285,'Шишков АА'),(11177,'Шульженко ВН'),(883,'Щербакова ТП'),(10037,'Юдин ДА');
/*!40000 ALTER TABLE `Prof` ENABLE KEYS */;
UNLOCK TABLES;

--
-- Table structure for table `Schedule`
--

DROP TABLE IF EXISTS `Schedule`;
/*!40101 SET @saved_cs_client     = @@character_set_client */;
/*!40101 SET character_set_client = utf8 */;
CREATE TABLE `Schedule` (
  `idSchedule` int(11) NOT NULL AUTO_INCREMENT,
  `para` int(11) NOT NULL,
  `day` int(11) NOT NULL,
  `prof` int(11) NOT NULL,
  `subject` int(11) NOT NULL,
  `groupUni` int(11) NOT NULL,
  `typepara` int(11) DEFAULT NULL,
  PRIMARY KEY (`idSchedule`),
  KEY `fk_Schedule_1_idx` (`groupUni`),
  KEY `fk_Schedule_2_idx` (`prof`),
  KEY `fk_Schedule_3_idx` (`subject`),
  CONSTRAINT `fk_Schedule_1` FOREIGN KEY (`groupUni`) REFERENCES `GroupUni` (`idGroup`) ON DELETE NO ACTION ON UPDATE NO ACTION,
  CONSTRAINT `fk_Schedule_2` FOREIGN KEY (`prof`) REFERENCES `Prof` (`idProf`) ON DELETE NO ACTION ON UPDATE NO ACTION,
  CONSTRAINT `fk_Schedule_3` FOREIGN KEY (`subject`) REFERENCES `Subject` (`idSubject`) ON DELETE NO ACTION ON UPDATE NO ACTION
) ENGINE=InnoDB AUTO_INCREMENT=13062 DEFAULT CHARSET=utf8 COLLATE=utf8_estonian_ci;
/*!40101 SET character_set_client = @saved_cs_client */;

--
-- Dumping data for table `Schedule`
--

LOCK TABLES `Schedule` WRITE;
/*!40000 ALTER TABLE `Schedule` DISABLE KEYS */;
INSERT INTO `Schedule` VALUES (2,1,1,4,4,636,2),(3,1,2,5,5,636,2),(4,1,5,5,5,636,2),(5,2,1,7,7,636,2),(6,2,2,5,5,636,2),(7,2,3,9,9,636,2),(8,2,5,5,5,636,2),(9,3,3,4,4,636,2),(10,3,5,7,7,636,0),(11,4,3,18,18,636,2),(12,4,4,19,19,636,0),(13,5,3,21,9,636,2),(14,1,1,4,4,637,2),(15,1,3,23,5,637,2),(16,1,5,23,5,637,2),(17,2,1,7,7,637,2),(18,2,3,23,5,637,2),(19,2,5,23,5,637,2),(20,3,3,4,4,637,2),(21,3,5,7,7,637,1),(22,4,2,34,9,637,2),(23,5,2,36,18,637,2),(24,5,4,19,19,637,0),(25,1,1,4,4,638,2),(26,1,3,40,40,638,2),(27,1,4,41,41,638,2),(28,2,1,7,7,638,2),(29,2,3,40,40,638,2),(30,2,4,40,46,638,0),(31,2,5,7,7,638,1),(32,3,2,47,46,638,0),(33,3,2,41,41,638,1),(34,3,3,18,18,638,2),(35,3,4,19,19,638,0),(36,3,4,53,53,638,1),(37,3,5,40,40,638,2),(38,4,4,4,4,638,2),(39,4,5,40,40,638,2),(40,5,2,59,9,638,2),(41,1,1,4,4,639,2),(42,1,4,40,46,639,0),(43,1,5,63,9,639,2),(44,2,1,7,7,639,2),(45,2,4,41,41,639,2),(46,2,5,7,7,639,0),(47,3,1,69,40,639,2),(48,3,2,47,46,639,0),(49,3,2,41,41,639,1),(50,3,4,53,53,639,0),(51,3,4,19,19,639,1),(52,3,5,53,18,639,2),(53,4,1,69,40,639,2),(54,4,4,4,4,639,2),(55,5,3,69,40,639,2),(56,6,3,69,40,639,2),(57,1,1,4,4,640,2),(58,1,4,4,4,640,2),(59,1,6,83,18,640,0),(60,2,1,7,7,640,2),(61,2,4,19,19,640,0),(62,2,4,53,53,640,1),(63,2,6,83,18,640,0),(64,3,2,47,46,640,0),(65,3,2,41,41,640,1),(66,3,3,92,40,640,2),(67,3,4,41,41,640,2),(68,3,5,92,40,640,2),(69,4,3,92,40,640,2),(70,4,4,40,46,640,0),(71,4,5,92,40,640,2),(72,5,2,7,7,640,0),(73,5,5,102,9,640,2),(74,1,1,4,4,641,2),(75,1,4,4,4,641,2),(76,1,5,40,40,641,2),(77,1,6,106,18,641,1),(78,2,1,7,7,641,2),(79,2,4,53,53,641,0),(80,2,4,19,19,641,1),(81,2,5,40,40,641,2),(82,2,6,106,18,641,1),(83,3,1,113,41,641,2),(84,3,2,47,46,641,0),(85,3,2,41,41,641,1),(86,3,4,116,46,641,0),(87,4,3,59,9,641,2),(88,5,2,7,7,641,1),(89,5,3,40,40,641,2),(90,6,3,40,40,641,2),(91,1,1,125,125,642,0),(92,2,3,126,9,642,2),(93,3,3,127,127,642,1),(94,3,5,4,125,642,1),(95,3,6,129,129,642,2),(96,4,1,130,125,642,1),(97,4,2,4,125,642,0),(98,4,2,125,132,642,1),(99,4,4,133,133,642,1),(100,4,6,134,134,642,2),(101,5,1,127,125,642,2),(102,5,3,136,136,642,2),(103,5,4,137,137,642,2),(104,6,1,138,125,642,2),(105,6,2,4,139,642,2),(106,6,3,138,9,642,2),(107,6,4,4,139,642,2),(108,1,4,142,142,643,2),(109,1,5,143,143,643,1),(110,1,5,143,143,643,1),(111,2,3,145,145,643,2),(112,2,4,4,4,643,2),(113,2,5,143,143,643,0),(114,2,5,148,142,643,1),(115,3,1,7,7,643,2),(116,3,3,145,145,643,2),(117,3,4,151,9,643,2),(118,3,5,152,132,643,2),(119,4,1,153,153,643,2),(120,4,2,4,4,643,2),(121,4,3,145,145,643,0),(122,4,3,7,7,643,1),(123,4,5,152,132,643,2),(124,5,2,158,158,643,2),(125,1,1,125,132,644,1),(126,1,3,160,160,644,1),(127,1,4,161,161,644,2),(128,2,1,125,132,644,2),(129,2,3,160,142,644,0),(130,2,3,164,142,644,1),(131,2,4,165,153,644,0),(132,2,4,161,161,644,1),(133,2,5,145,145,644,2),(134,3,1,4,4,644,2),(135,3,3,4,4,644,2),(136,3,5,145,145,644,1),(137,3,5,145,145,644,1),(138,4,2,172,160,644,0),(139,4,2,173,173,644,1),(140,1,2,174,7,645,2),(141,1,6,4,4,645,2),(142,2,1,176,145,645,2),(143,2,2,173,177,645,0),(144,2,2,178,132,645,1),(145,2,3,179,158,645,0),(146,2,6,129,129,645,2),(147,3,1,178,132,645,2),(148,3,2,63,9,645,2),(149,3,3,4,4,645,2),(150,3,4,179,158,645,1),(151,3,6,129,129,645,2),(152,4,2,186,186,645,2),(153,4,3,176,145,645,1),(154,4,4,174,7,645,1),(155,1,2,174,7,646,2),(156,1,3,129,129,646,2),(157,1,6,4,4,646,2),(158,2,2,173,177,646,0),(159,2,2,178,132,646,1),(160,2,3,194,158,646,2),(161,2,6,129,129,646,2),(162,3,1,176,145,646,2),(163,3,2,186,186,646,2),(164,3,3,4,4,646,2),(165,4,1,178,132,646,2),(166,4,2,63,9,646,2),(167,4,3,174,7,646,0),(168,4,3,176,145,646,1),(169,1,2,174,7,647,2),(170,1,4,129,129,647,2),(171,1,6,4,4,647,2),(172,2,2,173,177,647,0),(173,2,2,178,132,647,1),(174,2,3,174,7,647,0),(175,2,4,179,158,647,2),(176,2,6,129,129,647,2),(177,3,2,21,9,647,2),(178,3,3,4,4,647,2),(179,3,4,186,186,647,2),(180,4,1,176,145,647,2),(181,4,2,178,132,647,2),(182,4,3,176,145,647,1),(183,1,2,174,7,648,2),(184,1,3,176,145,648,2),(185,1,4,179,158,648,2),(186,1,6,4,4,648,2),(187,2,2,173,177,648,0),(188,2,2,178,132,648,1),(189,2,3,186,186,648,2),(190,2,4,21,9,648,2),(191,2,6,129,129,648,2),(192,3,2,178,132,648,2),(193,3,3,4,4,648,2),(194,3,4,174,7,648,1),(195,4,3,176,145,648,1),(196,5,1,230,129,648,2),(197,1,2,174,7,649,2),(198,1,3,194,186,649,2),(199,1,6,4,4,649,2),(200,2,2,173,177,649,0),(201,2,2,178,132,649,1),(202,2,3,176,145,649,2),(203,2,4,174,7,649,1),(204,2,6,129,129,649,2),(205,3,1,239,9,649,2),(206,3,3,4,4,649,2),(207,3,4,230,129,649,2),(208,4,1,242,132,649,2),(209,4,3,176,145,649,1),(210,1,3,246,246,650,1),(211,1,3,246,246,650,1),(212,1,4,186,186,650,2),(213,1,5,40,249,650,2),(214,2,1,4,4,650,2),(215,2,3,251,129,650,2),(216,2,4,252,145,650,2),(217,2,5,253,132,650,2),(218,3,1,7,7,650,2),(219,3,2,251,129,650,2),(220,3,3,7,7,650,1),(221,3,4,4,4,650,2),(222,4,1,253,132,650,0),(223,4,2,59,9,650,2),(224,4,4,173,177,650,0),(225,4,4,252,145,650,1),(226,1,2,262,262,651,0),(227,2,1,4,4,651,2),(228,2,2,242,132,651,0),(229,2,4,265,129,651,2),(230,3,1,7,7,651,2),(231,3,2,252,145,651,2),(232,3,3,151,9,651,2),(233,3,4,4,4,651,2),(234,3,5,19,186,651,2),(235,4,1,7,7,651,0),(236,4,1,262,262,651,1),(237,4,2,242,132,651,2),(238,4,3,265,129,651,2),(239,4,4,173,177,651,0),(240,4,4,252,145,651,1),(241,4,5,262,158,651,2),(242,1,2,262,262,652,0),(243,2,1,4,4,652,2),(244,2,2,242,132,652,0),(245,2,4,265,129,652,2),(246,3,1,7,7,652,2),(247,3,2,242,132,652,2),(248,3,4,4,4,652,2),(249,4,1,262,262,652,0),(250,4,1,7,7,652,1),(251,4,2,252,145,652,2),(252,4,3,151,9,652,2),(253,4,4,173,177,652,0),(254,4,4,252,145,652,1),(255,4,5,19,186,652,2),(256,5,3,265,129,652,2),(257,5,5,262,158,652,2),(258,1,1,19,186,653,2),(259,1,2,262,262,653,0),(260,1,4,7,7,653,0),(261,1,5,230,129,653,2),(262,2,1,4,4,653,2),(263,2,2,242,132,653,0),(264,2,3,300,145,653,0),(265,2,4,265,129,653,2),(266,2,5,262,158,653,1),(267,2,5,262,158,653,1),(268,3,1,7,7,653,2),(269,3,3,300,145,653,0),(270,3,3,306,177,653,1),(271,3,4,4,4,653,2),(272,3,5,262,262,653,1),(273,4,1,151,9,653,2),(274,4,3,242,132,653,2),(275,4,4,173,177,653,0),(276,4,4,252,145,653,1),(277,1,3,313,313,654,0),(278,1,4,21,9,654,2),(279,2,1,4,4,654,2),(280,2,2,251,129,654,2),(281,2,3,317,177,654,0),(282,2,4,186,186,654,2),(283,2,5,151,9,654,2),(284,3,1,7,7,654,2),(285,3,2,251,129,654,2),(286,3,3,174,7,654,0),(287,3,4,4,4,654,2),(288,3,5,253,132,654,2),(289,4,1,253,132,654,0),(290,4,1,326,313,654,1),(291,4,3,327,177,654,0),(292,4,4,252,145,654,1),(293,4,5,252,145,654,2),(294,5,1,4,158,654,2),(295,1,5,331,186,655,2),(296,2,1,4,4,655,2),(297,2,2,242,132,655,0),(298,2,3,242,132,655,2),(299,2,4,265,129,655,2),(300,2,5,252,145,655,2),(301,3,1,7,7,655,2),(302,3,2,265,129,655,2),(303,3,3,9,9,655,2),(304,3,4,4,4,655,2),(305,4,1,174,7,655,0),(306,4,2,342,158,655,2),(307,4,4,173,177,655,0),(308,4,4,252,145,655,1),(309,2,1,4,4,656,2),(310,2,2,242,132,656,0),(311,2,2,174,7,656,1),(312,2,4,265,129,656,2),(313,2,5,331,186,656,2),(314,3,1,7,7,656,2),(315,3,2,342,158,656,2),(316,3,3,242,132,656,2),(317,3,4,4,4,656,2),(318,3,5,252,145,656,2),(319,4,2,265,129,656,2),(320,4,3,21,9,656,2),(321,4,4,173,177,656,0),(322,4,4,252,145,656,1),(323,1,1,176,145,657,2),(324,1,3,173,177,657,0),(325,1,6,4,4,657,2),(326,2,1,7,7,657,2),(327,2,2,173,177,657,0),(328,2,2,178,132,657,1),(329,2,3,4,9,657,2),(330,2,6,129,129,657,2),(331,3,1,367,132,657,2),(332,3,2,4,368,657,0),(333,3,2,7,7,657,1),(334,3,3,4,4,657,2),(335,4,2,4,368,657,0),(336,4,3,372,186,657,0),(337,4,3,176,145,657,1),(338,4,5,374,158,657,2),(339,5,3,372,186,657,0),(340,5,5,376,129,657,2),(341,1,1,377,132,658,2),(342,1,4,230,158,658,2),(343,1,5,142,368,658,1),(344,2,1,377,132,658,2),(345,2,2,381,381,658,1),(346,2,3,382,145,658,1),(347,2,4,7,7,658,2),(348,2,5,381,381,658,0),(349,2,5,142,368,658,1),(350,3,1,19,186,658,2),(351,3,2,382,145,658,2),(352,3,3,4,4,658,2),(353,3,4,7,7,658,0),(354,3,5,4,4,658,2),(355,4,2,391,177,658,1),(356,4,2,391,177,658,1),(357,4,3,230,129,658,2),(358,5,3,230,129,658,2),(359,1,1,382,145,659,2),(360,1,2,396,142,659,2),(361,1,4,4,4,659,2),(362,2,1,382,145,659,1),(363,2,1,382,145,659,1),(364,2,2,265,129,659,0),(365,2,2,396,142,659,1),(366,2,4,151,9,659,2),(367,2,5,173,403,659,2),(368,3,1,4,4,659,2),(369,3,3,372,405,659,2),(370,3,4,265,129,659,2),(371,3,5,407,407,659,1),(372,3,5,407,407,659,1),(373,4,3,409,132,659,2),(374,4,4,372,405,659,2),(375,4,5,409,132,659,1),(376,5,3,409,132,659,2),(377,1,1,413,413,660,2),(378,1,3,414,414,660,0),(379,1,3,415,415,660,1),(380,1,5,414,414,660,0),(381,1,5,417,417,660,1),(382,2,1,12,418,660,2),(383,2,3,10,18,660,2),(384,2,5,12,420,660,2),(385,3,1,4,4,660,2),(386,3,2,18,5,660,2),(387,3,3,415,415,660,1),(388,3,4,4,4,660,2),(389,4,1,12,418,660,0),(390,4,2,18,5,660,2),(391,4,4,18,428,660,2),(392,4,5,12,420,660,0),(393,4,5,430,417,660,1),(394,5,4,18,5,660,2),(395,6,4,18,5,660,2),(396,1,1,12,418,661,2),(397,1,3,414,414,661,0),(398,1,3,415,415,661,1),(399,1,4,18,5,661,2),(400,1,5,12,420,661,2),(401,2,1,413,413,661,2),(402,2,3,18,428,661,2),(403,2,4,18,5,661,2),(404,2,5,414,414,661,0),(405,2,5,417,417,661,1),(406,3,1,4,4,661,2),(407,3,3,10,18,661,2),(408,3,4,4,4,661,2),(409,4,1,12,418,661,0),(410,4,2,415,415,661,1),(411,4,5,12,420,661,0),(412,4,5,430,417,661,1),(413,5,2,18,5,661,2),(414,6,2,18,5,661,2),(415,1,2,453,453,662,0),(416,1,5,4,4,662,2),(417,2,2,456,456,662,0),(418,2,2,457,457,662,1),(419,2,5,457,457,662,2),(420,3,1,40,459,662,1),(421,3,2,453,40,662,2),(422,3,3,453,453,662,1),(423,3,4,453,40,662,2),(424,3,5,59,9,662,1),(425,3,5,59,9,662,1),(426,4,1,4,4,662,2),(427,4,2,453,40,662,2),(428,4,3,453,453,662,1),(429,4,4,453,40,662,2),(430,4,5,430,417,662,1),(431,5,1,10,18,662,2),(432,5,4,456,456,662,0),(433,5,4,417,417,662,1),(434,6,1,10,428,662,2),(435,1,2,453,453,663,0),(436,1,5,4,4,663,2),(437,2,2,456,456,663,0),(438,2,2,457,457,663,1),(439,2,5,59,9,663,2),(440,3,1,40,459,663,0),(441,3,3,47,40,663,2),(442,3,5,453,453,663,2),(443,3,6,83,428,663,2),(444,4,1,4,4,663,2),(445,4,3,47,40,663,2),(446,4,5,430,417,663,1),(447,4,6,83,18,663,2),(448,5,1,47,40,663,2),(449,5,4,489,457,663,2),(450,6,1,47,40,663,2),(451,6,4,456,456,663,0),(452,6,4,417,417,663,1),(453,1,2,453,453,664,0),(454,1,5,4,4,664,2),(455,1,6,496,40,664,2),(456,2,2,456,456,664,0),(457,2,2,457,457,664,1),(458,2,5,10,428,664,2),(459,2,6,496,40,664,2),(460,3,1,151,9,664,2),(461,3,3,453,453,664,0),(462,3,4,40,459,664,0),(463,3,5,36,18,664,2),(464,4,1,4,4,664,2),(465,4,3,453,453,664,0),(466,4,4,456,456,664,0),(467,4,4,417,417,664,1),(468,4,5,430,417,664,1),(469,5,1,510,457,664,2),(470,5,4,496,40,664,2),(471,6,4,496,40,664,2),(472,2,2,21,9,665,1),(473,2,4,514,514,665,2),(474,3,2,4,4,665,2),(475,3,4,514,514,665,0),(476,3,4,514,517,665,1),(477,4,1,518,518,665,2),(478,4,2,514,517,665,0),(479,4,3,518,518,665,2),(480,4,5,4,4,665,2),(481,5,1,523,523,665,1),(482,5,3,523,523,665,1),(483,2,2,21,9,666,0),(484,3,1,153,153,666,1),(485,3,2,4,4,666,2),(486,3,4,514,514,666,0),(487,3,4,514,517,666,1),(488,4,1,518,518,666,2),(489,4,2,514,517,666,1),(490,4,3,522,132,666,0),(491,4,3,523,523,666,1),(492,4,4,514,514,666,2),(493,4,5,4,4,666,2),(494,5,1,523,523,666,1),(495,5,3,518,518,666,2),(496,6,1,153,153,666,1),(497,1,1,133,545,667,1),(498,1,1,133,545,667,1),(499,1,2,547,547,667,2),(500,2,1,133,132,667,1),(501,2,1,133,132,667,1),(502,2,2,547,547,667,2),(503,2,4,164,142,667,0),(504,2,4,165,153,667,1),(505,3,1,160,142,667,1),(506,3,2,4,4,667,2),(507,3,4,4,4,667,2),(508,3,5,151,9,667,2),(509,4,3,9,9,667,2),(510,1,3,4,4,668,2),(511,1,4,565,414,668,2),(512,2,2,514,566,668,2),(513,2,3,514,566,668,2),(514,2,4,568,568,668,2),(515,2,5,565,414,668,1),(516,2,5,565,414,668,1),(517,3,1,4,4,668,2),(518,3,3,514,566,668,0),(519,3,5,568,568,668,1),(520,4,1,576,576,668,1),(521,4,3,577,577,668,0),(522,1,3,4,4,669,2),(523,1,4,565,414,669,2),(524,2,3,514,566,669,2),(525,2,4,568,568,669,2),(526,3,1,4,4,669,2),(527,3,2,514,566,669,2),(528,3,3,577,577,669,0),(529,3,3,514,566,669,1),(530,3,5,565,414,669,2),(531,4,1,576,576,669,1),(532,4,5,568,568,669,1),(533,1,3,4,4,672,2),(534,1,4,565,414,672,2),(535,2,3,514,566,672,2),(536,2,4,568,568,672,2),(537,2,6,565,414,672,2),(538,3,1,4,4,672,2),(539,3,3,602,577,672,1),(540,3,6,489,566,672,2),(541,4,1,576,576,672,1),(542,4,4,489,566,672,0),(543,4,4,568,568,672,1),(544,1,3,4,4,673,2),(545,1,4,565,414,673,2),(546,2,3,514,566,673,2),(547,2,4,568,568,673,2),(548,3,1,4,4,673,2),(549,3,3,618,566,673,0),(550,3,4,568,568,673,0),(551,3,5,602,577,673,1),(552,4,1,576,576,673,1),(553,4,2,618,566,673,2),(554,4,5,565,414,673,1),(555,5,5,565,414,673,1),(556,1,3,4,4,674,2),(557,1,4,565,414,674,2),(558,2,3,514,566,674,2),(559,2,4,568,568,674,2),(560,3,1,4,4,674,2),(561,3,3,618,566,674,1),(562,3,5,602,577,674,0),(563,4,1,576,576,674,1),(564,4,4,568,568,674,0),(565,4,5,565,414,674,0),(566,5,2,618,566,674,2),(567,5,5,565,414,674,0),(568,1,3,4,4,675,2),(569,1,4,565,414,675,2),(570,2,2,649,649,675,2),(571,2,3,649,649,675,2),(572,2,4,568,568,675,2),(573,3,1,4,4,675,2),(574,3,2,655,414,675,2),(575,4,1,576,576,675,1),(576,4,2,568,568,675,1),(577,1,4,565,414,676,2),(578,1,5,4,4,676,2),(579,2,2,4,4,676,2),(580,2,4,666,414,676,2),(581,2,5,667,576,676,0),(582,3,1,670,670,676,1),(583,3,2,326,158,676,2),(584,4,1,670,670,676,1),(585,4,2,675,568,676,0),(586,4,2,326,158,676,1),(587,5,2,675,568,676,2),(588,1,5,4,4,677,2),(589,2,1,682,682,677,1),(590,2,1,682,682,677,1),(591,2,3,673,566,677,0),(592,2,3,682,682,677,1),(593,2,5,667,576,677,0),(594,3,2,688,414,677,0),(595,3,3,688,414,677,2),(596,4,2,4,4,677,2),(597,4,3,673,566,677,2),(598,4,4,262,696,677,2),(599,5,2,675,568,677,2),(600,6,2,675,568,677,1),(601,1,1,682,682,678,1),(602,1,1,682,682,678,1),(603,1,5,4,4,678,2),(604,2,3,673,566,678,0),(605,2,3,682,682,678,1),(606,2,5,667,576,678,0),(607,3,2,688,414,678,0),(608,3,3,673,566,678,2),(609,4,2,4,4,678,2),(610,4,3,688,414,678,2),(611,5,2,675,568,678,2),(612,5,4,262,696,678,2),(613,6,2,675,568,678,0),(614,6,4,576,576,678,0),(615,1,5,4,4,679,2),(616,2,1,722,722,679,0),(617,2,1,723,723,679,1),(618,2,2,4,4,679,2),(619,2,3,725,725,679,1),(620,2,3,725,725,679,1),(621,2,5,667,576,679,0),(622,3,1,722,722,679,0),(623,3,2,723,723,679,0),(624,3,2,722,722,679,1),(625,3,3,725,725,679,2),(626,3,4,689,735,679,1),(627,4,1,675,568,679,0),(628,4,2,723,723,679,0),(629,4,2,722,722,679,1),(630,4,4,689,735,679,1),(631,5,2,675,568,679,2),(632,1,3,342,568,680,0),(633,1,5,4,4,680,2),(634,2,1,688,414,680,1),(635,2,3,342,568,680,2),(636,2,5,667,576,680,0),(637,3,1,675,752,680,1),(638,3,1,675,752,680,1),(639,3,2,688,414,680,0),(640,3,2,755,755,680,1),(641,4,1,675,752,680,1),(642,4,2,4,4,680,2),(643,5,4,755,755,680,1),(644,5,4,755,755,680,1),(645,1,5,4,4,681,2),(646,2,3,342,568,681,2),(647,2,5,667,576,681,0),(648,3,1,342,568,681,0),(649,3,1,675,752,681,1),(650,3,2,688,414,681,0),(651,3,2,755,755,681,1),(652,3,3,755,755,681,0),(653,3,3,675,752,681,1),(654,4,1,688,414,681,1),(655,4,2,4,4,681,2),(656,4,3,755,755,681,0),(657,4,3,675,752,681,1),(658,1,1,675,788,682,1),(659,1,1,675,788,682,1),(660,1,2,742,790,682,0),(661,1,3,742,790,682,0),(662,1,3,342,568,682,1),(663,1,5,4,4,682,2),(664,2,1,742,790,682,1),(665,2,2,675,788,682,1),(666,2,3,342,568,682,2),(667,2,5,667,576,682,0),(668,3,1,688,414,682,1),(669,3,2,688,414,682,0),(670,3,2,755,755,682,1),(671,3,3,576,576,682,0),(672,4,2,4,4,682,2),(673,4,4,755,755,682,1),(674,4,4,755,755,682,1),(675,1,3,4,4,683,2),(676,2,2,816,816,683,0),(677,2,3,417,133,683,2),(678,2,4,816,816,683,2),(679,3,1,820,127,683,2),(680,3,2,821,821,683,0),(681,3,2,822,822,683,1),(682,3,3,822,822,683,0),(683,3,3,666,824,683,1),(684,3,4,816,816,683,2),(685,4,1,820,127,683,1),(686,4,1,820,127,683,1),(687,4,2,666,824,683,0),(688,4,2,821,821,683,1),(689,4,4,830,133,683,0),(690,1,3,4,4,684,2),(691,2,1,832,832,684,2),(692,2,2,821,821,684,0),(693,2,3,832,835,684,0),(694,2,3,836,836,684,1),(695,3,1,832,832,684,1),(696,3,2,821,821,684,0),(697,3,2,822,822,684,1),(698,3,3,842,842,684,0),(699,3,4,836,836,684,1),(700,3,5,822,822,684,1),(701,4,1,342,846,684,0),(702,4,2,755,842,684,1),(703,4,2,755,842,684,1),(704,4,4,849,835,684,2),(705,5,1,342,846,684,0),(706,1,1,851,851,685,1),(707,1,1,851,851,685,1),(708,1,5,396,142,685,0),(709,2,1,4,4,685,2),(710,2,3,670,856,685,2),(711,2,4,9,9,685,0),(712,2,5,4,4,685,2),(713,3,1,125,132,685,2),(714,3,3,670,856,685,2),(715,3,4,565,414,685,2),(716,3,5,863,863,685,0),(717,3,5,864,863,685,1),(718,4,1,125,132,685,2),(719,4,2,396,142,685,0),(720,4,4,565,414,685,0),(721,4,4,670,868,685,1),(722,4,5,151,9,685,1),(723,5,4,670,868,685,2),(724,2,1,871,871,686,1),(725,2,3,871,871,686,0),(726,2,3,673,874,686,1),(727,2,4,673,874,686,2),(728,3,1,871,127,686,2),(729,3,2,822,822,686,1),(730,3,3,4,4,686,2),(731,3,4,666,824,686,0),(732,4,1,871,127,686,0),(733,4,1,882,882,686,1),(734,4,3,822,822,686,1),(735,4,4,688,824,686,0),(736,1,2,12,888,687,1),(737,1,2,12,888,687,1),(738,1,5,4,4,687,2),(739,2,2,12,420,687,1),(740,2,2,12,420,687,1),(741,2,5,53,893,687,2),(742,3,1,894,5,687,2),(743,3,2,895,895,687,2),(744,3,3,894,5,687,2),(745,3,5,897,897,687,2),(746,4,1,894,5,687,2),(747,4,3,894,5,687,2),(748,4,5,413,900,687,2),(749,5,1,901,901,687,1),(750,6,1,901,901,687,1),(751,1,2,414,824,688,1),(752,1,2,414,824,688,1),(753,1,4,116,40,688,2),(754,2,2,910,453,688,2),(755,2,3,4,4,688,2),(756,2,4,116,40,688,2),(757,3,1,116,40,688,2),(758,3,2,518,914,688,2),(759,3,3,518,915,688,0),(760,3,3,414,824,688,1),(761,3,4,518,917,688,2),(762,3,5,664,918,688,2),(763,4,1,116,40,688,2),(764,4,3,920,917,688,1),(765,4,4,921,921,688,2),(766,4,5,910,453,688,1),(767,5,1,518,915,688,0),(768,1,2,910,453,689,2),(769,1,6,883,40,689,2),(770,2,2,414,824,689,1),(771,2,2,414,824,689,1),(772,2,3,4,4,689,2),(773,2,4,920,917,689,0),(774,2,4,518,915,689,1),(775,2,6,883,40,689,2),(776,3,2,518,914,689,2),(777,3,3,518,915,689,0),(778,3,3,414,824,689,1),(779,3,4,518,917,689,2),(780,3,5,664,918,689,2),(781,4,4,921,921,689,2),(782,4,5,910,453,689,1),(783,5,1,883,40,689,2),(784,6,1,883,40,689,2),(785,1,5,943,943,690,1),(786,1,5,943,943,690,1),(787,2,3,945,945,690,0),(788,2,3,430,946,690,1),(789,2,5,947,947,690,2),(790,3,3,4,4,690,2),(791,3,4,4,4,690,1),(792,3,5,947,946,690,2),(793,4,3,945,945,690,2),(794,4,4,526,952,690,2),(795,5,2,947,947,690,0),(796,5,2,153,954,690,1),(797,5,4,526,952,690,0),(798,1,3,851,956,691,0),(799,2,3,959,956,691,0),(800,2,3,851,956,691,1),(801,2,6,133,961,691,0),(802,2,6,165,954,691,1),(803,3,2,947,963,691,2),(804,3,3,430,964,691,0),(805,3,3,430,963,691,1),(806,3,5,4,4,691,2),(807,3,6,133,961,691,0),(808,3,6,165,954,691,1),(809,4,3,4,4,691,2),(810,5,4,391,970,691,2),(811,6,4,391,970,691,2),(812,1,3,655,824,692,0),(813,1,3,973,821,692,1),(814,1,4,4,4,692,2),(815,1,6,975,133,692,2),(816,2,2,655,824,692,1),(817,2,3,978,127,692,1),(818,2,3,978,127,692,1),(819,2,4,127,127,692,2),(820,2,5,822,822,692,0),(821,3,2,821,821,692,0),(822,3,2,822,822,692,1),(823,3,4,986,816,692,2),(824,3,5,986,816,692,0),(825,4,2,986,816,692,2),(826,4,4,830,133,692,0),(827,1,4,4,4,693,2),(828,1,6,991,816,693,2),(829,2,2,655,824,693,1),(830,2,3,655,824,693,0),(831,2,3,973,821,693,1),(832,2,4,127,127,693,2),(833,2,6,975,133,693,2),(834,3,2,821,821,693,0),(835,3,2,822,822,693,1),(836,3,3,179,127,693,1),(837,3,3,179,127,693,1),(838,3,4,986,816,693,2),(839,4,4,830,133,693,0),(840,5,5,991,816,693,0),(841,6,5,822,822,693,0),(842,1,4,4,4,694,2),(843,1,6,1009,816,694,1),(844,2,2,655,824,694,1),(845,2,4,127,127,694,2),(846,2,6,1009,816,694,2),(847,3,2,821,821,694,0),(848,3,2,822,822,694,1),(849,3,3,973,821,694,0),(850,3,4,986,816,694,2),(851,3,5,655,824,694,0),(852,3,6,975,133,694,2),(853,4,3,179,127,694,1),(854,4,3,179,127,694,1),(855,4,4,830,133,694,0),(856,4,5,822,822,694,0),(857,1,4,4,4,695,2),(858,2,2,655,824,695,1),(859,2,4,127,127,695,2),(860,2,6,1031,816,695,0),(861,3,2,821,821,695,0),(862,3,2,822,822,695,1),(863,3,4,986,816,695,2),(864,3,6,1031,816,695,2),(865,4,2,822,822,695,1),(866,4,3,973,821,695,0),(867,4,3,655,824,695,1),(868,4,4,830,133,695,0),(869,4,6,975,133,695,2),(870,5,3,130,127,695,1),(871,5,3,130,127,695,1),(872,1,4,973,821,696,0),(873,2,1,602,1047,696,2),(874,2,2,655,824,696,1),(875,2,4,667,133,696,2),(876,3,1,602,1047,696,1),(877,3,1,602,1047,696,1),(878,3,2,821,821,696,0),(879,3,2,822,822,696,1),(880,3,3,656,1058,696,0),(881,3,3,649,1059,696,1),(882,3,4,1060,1059,696,0),(883,3,4,647,1058,696,1),(884,3,6,518,1062,696,0),(885,4,1,4,4,696,2),(886,4,2,822,822,696,0),(887,4,2,655,824,696,1),(888,4,4,830,133,696,0),(889,4,4,1060,1059,696,1),(890,4,6,518,1062,696,0),(891,1,1,1069,1069,697,2),(892,1,3,682,1070,697,2),(893,1,5,246,1071,697,2),(894,2,1,130,127,697,1),(895,2,1,130,127,697,1),(896,2,3,682,1070,697,0),(897,2,3,414,824,697,1),(898,2,5,673,1071,697,2),(899,3,1,130,127,697,0),(900,3,1,414,824,697,1),(901,3,2,822,822,697,0),(902,3,2,1081,821,697,1),(903,3,4,822,822,697,1),(904,4,2,4,4,697,2),(905,4,4,973,821,697,1),(906,2,1,689,1088,698,2),(907,2,2,689,1088,698,0),(908,3,2,822,822,698,0),(909,3,2,1081,821,698,1),(910,3,3,871,134,698,2),(911,3,6,973,821,698,0),(912,4,1,871,134,698,1),(913,4,2,4,4,698,2),(914,4,5,1101,1101,698,2),(915,5,2,822,822,698,1),(916,5,5,1101,1101,698,2),(917,2,2,689,1088,699,0),(918,2,6,973,821,699,0),(919,3,1,689,1088,699,2),(920,3,2,822,822,699,0),(921,3,2,1081,821,699,1),(922,4,1,871,134,699,1),(923,4,2,4,4,699,2),(924,4,3,871,134,699,2),(925,5,2,822,822,699,0),(926,5,5,1101,1101,699,2),(927,6,5,1101,1101,699,2),(928,2,4,1123,414,700,2),(929,3,1,1125,1125,700,1),(930,3,1,1125,1125,700,1),(931,3,2,822,822,700,0),(932,3,2,1081,821,700,1),(933,3,3,1129,1129,700,2),(934,3,4,1123,414,700,2),(935,3,5,1131,1131,700,1),(936,4,1,1132,1132,700,2),(937,4,2,4,4,700,2),(938,4,3,1129,1129,700,0),(939,4,3,1135,1129,700,1),(940,4,4,1136,821,700,0),(941,4,5,725,1131,700,1),(942,5,1,1132,1132,700,0),(943,5,3,822,822,700,0),(944,2,2,342,846,701,0),(945,2,3,832,835,701,0),(946,2,4,849,835,701,2),(947,2,5,822,822,701,1),(948,3,2,822,822,701,0),(949,3,2,1081,821,701,1),(950,3,3,842,842,701,0),(951,3,4,755,842,701,2),(952,3,5,1136,821,701,0),(953,4,2,4,4,701,2),(954,1,2,568,1153,702,1),(955,1,2,568,1153,702,1),(956,2,2,1155,1155,702,0),(957,2,5,568,1157,702,2),(958,3,1,794,1158,702,0),(959,3,1,794,1159,702,1),(960,3,2,822,822,702,0),(961,3,2,1081,821,702,1),(962,3,3,1155,1155,702,2),(963,3,5,568,1157,702,0),(964,3,5,1136,821,702,1),(965,4,1,794,1158,702,0),(966,4,1,794,1159,702,1),(967,4,2,4,4,702,2),(968,4,3,794,1159,702,0),(969,4,3,794,1158,702,1),(970,5,5,822,822,702,0),(971,1,4,134,1172,703,2),(972,1,5,863,1173,703,2),(973,2,4,871,1174,703,2),(974,2,5,863,1173,703,2),(975,3,1,1131,1176,703,2),(976,3,2,871,1174,703,2),(977,3,4,1131,1179,703,2),(978,4,1,1131,1176,703,2),(979,4,2,863,1181,703,2),(980,4,4,1131,1179,703,2),(981,5,1,134,1172,703,2),(982,5,2,863,1181,703,2),(983,1,5,4,4,704,2),(984,2,1,134,1187,704,2),(985,2,2,134,1187,704,2),(986,2,4,882,882,704,2),(987,2,5,134,1187,704,0),(988,2,5,130,1191,704,1),(989,3,1,134,1187,704,0),(990,3,1,130,1191,704,1),(991,3,2,882,882,704,1),(992,3,2,882,882,704,1),(993,3,5,134,1187,704,0),(994,4,1,130,1191,704,2),(995,4,2,882,882,704,0),(996,5,1,130,1191,704,0),(997,1,1,1202,1202,705,2),(998,1,2,342,1203,705,1),(999,2,1,1202,1202,705,2),(1000,2,2,342,1203,705,1),(1001,2,3,1206,1206,705,1),(1002,3,1,342,1203,705,1),(1003,3,2,568,1208,705,2),(1004,3,3,1206,1206,705,1),(1005,3,4,849,1211,705,1),(1006,3,4,849,1211,705,1),(1007,4,2,568,1208,705,0),(1008,4,4,1215,1215,705,2),(1009,5,3,1216,1215,705,2),(1010,1,2,670,1217,706,1),(1011,2,1,655,824,706,2),(1012,2,2,7,1219,706,0),(1013,2,2,670,1217,706,1),(1014,2,4,576,576,706,1),(1015,2,5,1202,1222,706,1),(1016,3,1,655,824,706,2),(1017,3,2,7,1219,706,0),(1018,3,2,822,822,706,1),(1019,3,3,4,4,706,2),(1020,3,4,1227,1227,706,2),(1021,3,5,1202,1222,706,1),(1022,4,1,576,576,706,0),(1023,4,2,489,1230,706,0),(1024,4,2,7,1219,706,1),(1025,4,3,1232,1232,706,1),(1026,4,3,1232,1232,706,1),(1027,4,4,670,1217,706,0),(1028,4,4,1227,1227,706,1),(1029,4,5,489,1230,706,1),(1030,5,2,489,1230,706,0),(1031,5,3,822,822,706,1),(1032,1,3,4,125,707,2),(1033,1,4,4,125,707,2),(1034,2,1,4,125,707,2),(1035,2,2,4,125,707,2),(1036,2,3,882,1247,707,2),(1037,2,4,882,1247,707,2),(1038,2,5,4,125,707,2),(1039,2,6,4,125,707,2),(1040,3,1,986,1251,707,2),(1041,3,2,986,1251,707,2),(1042,3,3,4,125,707,2),(1043,3,4,4,125,707,2),(1044,4,1,4,125,707,2),(1045,4,2,4,125,707,2),(1046,4,3,1259,1259,707,2),(1047,4,4,1259,1259,707,2),(1048,1,1,1261,1211,708,2),(1049,1,2,1261,1211,708,2),(1050,1,3,4,125,708,2),(1051,1,4,4,125,708,2),(1052,2,1,4,125,708,2),(1053,2,2,4,125,708,2),(1054,2,5,4,125,708,2),(1055,2,6,4,125,708,2),(1056,3,1,1155,1273,708,2),(1057,3,2,1155,1273,708,2),(1058,3,3,4,125,708,2),(1059,3,4,4,125,708,2),(1060,3,5,842,1277,708,2),(1061,3,6,842,1277,708,2),(1062,4,1,4,125,708,2),(1063,4,2,4,125,708,2),(1064,4,3,1206,1206,708,2),(1065,4,4,1206,1206,708,2),(1066,1,1,5,5,709,2),(1067,1,3,5,5,709,2),(1068,1,4,1285,18,709,2),(1069,2,1,5,5,709,2),(1070,2,3,5,5,709,2),(1071,2,4,1285,18,709,2),(1072,4,1,4,4,709,2),(1073,4,2,895,1294,709,2),(1074,6,2,415,1298,709,1),(1075,3,3,5,5,710,2),(1076,4,1,4,4,710,2),(1077,4,2,895,1294,710,2),(1078,4,3,5,5,710,2),(1079,4,4,1285,18,710,2),(1080,5,1,5,5,710,2),(1081,5,4,1285,18,710,2),(1082,6,1,5,5,710,2),(1083,6,2,415,1298,710,1),(1084,1,2,1285,18,711,2),(1085,2,2,1285,18,711,2),(1086,2,6,921,1294,711,0),(1087,3,6,921,1294,711,0),(1088,4,1,4,4,711,2),(1089,4,4,1325,1325,711,1),(1090,5,1,1327,40,711,2),(1091,5,4,1327,40,711,2),(1092,6,1,1327,40,711,2),(1093,6,4,1327,40,711,2),(1094,1,4,1332,40,712,2),(1095,2,4,1332,40,712,2),(1096,2,6,921,1294,712,0),(1097,3,2,1285,18,712,2),(1098,3,6,921,1294,712,0),(1099,4,1,4,4,712,2),(1100,4,2,1285,18,712,2),(1101,4,4,1325,1325,712,1),(1102,5,2,1332,40,712,2),(1103,6,2,1348,40,712,2),(1104,1,1,1349,1349,713,1),(1105,1,1,1349,1349,713,1),(1106,1,5,4,4,713,2),(1107,1,6,1349,1349,713,1),(1108,2,5,1354,1354,713,2),(1109,2,6,1349,1349,713,1),(1110,3,1,667,1357,713,1),(1111,3,5,1354,1354,713,2),(1112,4,1,667,1357,713,2),(1113,4,5,526,1363,713,2),(1114,6,4,526,1363,713,0),(1115,2,2,656,1367,714,0),(1116,2,2,689,1368,714,1),(1117,3,1,1369,1369,714,1),(1118,3,2,689,1368,714,0),(1119,3,2,647,1367,714,1),(1120,4,1,1373,1373,714,2),(1121,4,2,1374,1047,714,0),(1122,4,4,4,4,714,2),(1123,5,2,1374,1047,714,0),(1124,6,1,1373,1373,714,0),(1125,1,1,4,4,715,2),(1126,1,2,342,846,715,0),(1127,1,4,1206,1206,715,2),(1128,2,1,1261,1211,715,2),(1129,2,2,832,835,715,0),(1130,2,3,689,1388,715,2),(1131,2,4,836,1389,715,0),(1132,2,4,1206,1206,715,1),(1133,3,1,1391,1391,715,0),(1134,3,1,1369,1369,715,1),(1135,3,2,842,842,715,0),(1136,3,3,342,846,715,0),(1137,3,3,689,1388,715,1),(1138,3,4,836,1389,715,0),(1139,4,1,849,835,715,1),(1140,4,3,1398,1398,715,1),(1141,4,3,1398,1398,715,1),(1142,1,2,161,1400,716,2),(1143,1,4,1401,1401,716,0),(1144,1,6,165,954,716,1),(1145,2,2,165,954,716,2),(1146,2,4,161,1400,716,0),(1147,4,3,830,1407,716,1),(1148,4,3,830,1407,716,1),(1149,5,3,1401,1401,716,2),(1150,1,4,1410,1187,717,1),(1151,1,4,1410,1187,717,1),(1152,1,5,871,1412,717,2),(1153,2,1,670,1413,717,2),(1154,2,2,41,41,717,2),(1155,2,4,246,1071,717,2),(1156,2,5,41,41,717,2),(1157,3,1,1417,682,717,0),(1158,3,1,1369,1369,717,1),(1159,3,2,830,133,717,2),(1160,3,4,1410,1187,717,0),(1161,3,4,1421,1071,717,1),(1162,4,1,670,1413,717,0),(1163,4,2,1423,1423,717,0),(1164,4,2,830,133,717,1),(1165,4,4,4,4,717,2),(1166,5,1,1417,682,717,0),(1167,5,2,1423,1423,717,0),(1168,1,4,673,1071,718,2),(1169,2,1,670,1413,718,2),(1170,2,2,41,41,718,2),(1171,2,4,1410,1187,718,1),(1172,2,4,1410,1187,718,1),(1173,2,5,871,1412,718,2),(1174,3,1,670,1413,718,0),(1175,3,1,1369,1369,718,1),(1176,3,2,830,133,718,2),(1177,3,4,1410,1187,718,0),(1178,3,4,1421,1071,718,1),(1179,3,5,41,41,718,1),(1180,3,5,41,41,718,1),(1181,4,1,1417,682,718,0),(1182,4,2,830,133,718,0),(1183,4,2,1423,1423,718,1),(1184,4,4,4,4,718,2),(1185,5,1,1417,682,718,0),(1186,5,2,1423,1423,718,0),(1187,1,1,1321,1447,719,2),(1188,1,2,1129,1448,719,2),(1189,1,5,4,4,719,2),(1190,2,1,1450,1450,719,2),(1191,2,2,1451,1451,719,2),(1192,2,4,1129,1448,719,2),(1193,2,5,1131,1131,719,2),(1194,3,1,1391,1391,719,0),(1195,3,1,1369,1369,719,1),(1196,3,2,1451,1451,719,1),(1197,3,2,1451,1451,719,1),(1198,3,4,1129,1448,719,0),(1199,3,4,1450,1450,719,1),(1200,4,2,725,1131,719,2),(1201,4,4,1321,1447,719,1),(1202,1,1,1321,1447,720,2),(1203,1,2,1129,1448,720,2),(1204,1,5,4,4,720,2),(1205,2,1,1450,1450,720,2),(1206,2,2,1451,1451,720,2),(1207,2,5,1131,1131,720,2),(1208,3,1,1391,1391,720,0),(1209,3,1,1369,1369,720,1),(1210,3,2,1451,1451,720,0),(1211,3,3,1474,1131,720,2),(1212,3,4,1450,1450,720,0),(1213,3,4,1135,1448,720,1),(1214,4,2,1451,1451,720,1),(1215,4,4,1135,1448,720,2),(1216,5,4,1321,1447,720,1),(1217,1,1,1321,1447,721,2),(1218,1,2,1129,1448,721,2),(1219,1,5,4,4,721,2),(1220,2,1,1450,1450,721,2),(1221,2,2,1451,1451,721,2),(1222,2,4,1129,1448,721,2),(1223,2,5,1131,1131,721,2),(1224,3,1,1391,1391,721,0),(1225,3,1,1369,1369,721,1),(1226,3,2,1451,1451,721,1),(1227,3,2,1451,1451,721,1),(1228,3,4,1129,1448,721,0),(1229,3,4,1450,1450,721,1),(1230,4,1,863,1496,721,1),(1231,4,1,863,1496,721,1),(1232,4,2,725,1131,721,2),(1233,4,4,1321,1447,721,1),(1234,1,1,4,4,722,2),(1235,1,4,1227,1227,722,1),(1236,1,5,130,127,722,1),(1237,2,2,130,1259,722,1),(1238,2,3,1259,1259,722,2),(1239,2,4,830,133,722,1),(1240,2,5,374,871,722,1),(1241,2,5,374,871,722,1),(1242,3,1,134,1187,722,1),(1243,3,2,134,1187,722,0),(1244,3,4,1227,1227,722,2),(1245,4,1,127,127,722,0),(1246,4,1,374,871,722,1),(1247,4,4,1520,1369,722,0),(1248,4,4,830,133,722,1),(1249,1,1,4,4,723,2),(1250,1,4,975,133,723,1),(1251,2,3,1259,1259,723,2),(1252,2,4,1227,1227,723,1),(1253,2,5,978,127,723,1),(1254,3,1,134,1187,723,1),(1255,3,2,130,1259,723,1),(1256,3,4,1227,1227,723,2),(1257,3,5,1535,871,723,1),(1258,3,5,1535,871,723,1),(1259,4,1,127,127,723,0),(1260,4,1,374,871,723,1),(1261,4,2,134,1187,723,0),(1262,4,4,1520,1369,723,0),(1263,4,4,830,133,723,1),(1264,1,1,4,4,724,2),(1265,1,4,975,133,724,0),(1266,2,3,1259,1259,724,2),(1267,2,4,1227,1227,724,0),(1268,3,1,134,1187,724,1),(1269,3,2,820,127,724,0),(1270,3,4,1227,1227,724,2),(1271,3,5,230,1187,724,1),(1272,4,1,127,127,724,0),(1273,4,1,374,871,724,1),(1274,4,2,130,1259,724,1),(1275,4,4,1520,1369,724,0),(1276,4,4,830,133,724,1),(1277,4,5,991,871,724,1),(1278,4,5,991,871,724,1),(1279,1,1,4,125,725,2),(1280,1,2,4,125,725,2),(1281,1,3,127,127,725,2),(1282,1,4,127,127,725,2),(1283,1,5,4,125,725,2),(1284,1,6,4,125,725,2),(1285,2,1,830,133,725,2),(1286,2,2,830,133,725,2),(1287,2,3,4,125,725,2),(1288,2,4,4,125,725,2),(1289,2,5,134,1187,725,2),(1290,2,6,134,1187,725,2),(1291,1,1,4,4,726,2),(1292,1,4,1227,1227,726,0),(1293,2,4,830,133,726,0),(1294,3,1,134,1187,726,1),(1295,3,2,1535,871,726,1),(1296,3,2,1535,871,726,1),(1297,3,4,1227,1227,726,2),(1298,4,1,127,127,726,0),(1299,4,1,374,871,726,1),(1300,4,2,820,127,726,0),(1301,4,2,134,1187,726,1),(1302,4,4,1520,1369,726,0),(1303,4,4,830,133,726,1),(1304,1,1,4,4,727,2),(1305,1,4,1206,1206,727,2),(1306,2,1,1261,1211,727,2),(1307,2,2,832,835,727,0),(1308,2,3,689,1388,727,2),(1309,2,4,1206,1206,727,0),(1310,2,4,836,1389,727,1),(1311,3,1,1391,1391,727,0),(1312,3,1,1369,1369,727,1),(1313,3,2,842,842,727,0),(1314,3,3,689,1388,727,0),(1315,3,3,342,846,727,1),(1316,3,4,836,1389,727,0),(1317,4,1,849,835,727,0),(1318,4,3,342,846,727,0),(1319,1,1,4,4,728,2),(1320,1,2,976,1610,728,2),(1321,1,3,1611,1611,728,1),(1322,2,1,882,1613,728,1),(1323,2,1,882,1613,728,1),(1324,2,2,882,882,728,2),(1325,2,3,1611,1611,728,1),(1326,2,4,262,1610,728,0),(1327,2,5,1612,1619,728,0),(1328,3,4,830,1447,728,1),(1329,3,4,830,1447,728,1),(1330,3,5,1612,1619,728,2),(1331,4,4,1520,1369,728,0),(1332,4,4,882,882,728,1),(1333,1,3,895,1628,729,0),(1334,1,4,23,5,729,1),(1335,1,6,23,5,729,2),(1336,2,3,895,1628,729,0),(1337,2,4,23,5,729,1),(1338,2,6,23,5,729,2),(1339,3,1,901,1635,729,1),(1340,4,1,901,1635,729,1),(1341,4,2,1391,1391,729,1),(1342,5,2,1627,1638,729,2),(1343,5,4,23,5,729,0),(1344,6,2,895,1628,729,0),(1345,6,2,1358,143,729,1),(1346,6,4,23,5,729,0),(1347,3,2,1332,1645,730,0),(1348,3,3,1627,456,730,0),(1349,3,6,1648,1648,730,2),(1350,4,2,1332,1645,730,0),(1351,4,2,1391,1391,730,1),(1352,4,3,13,1635,730,2),(1353,4,6,1648,1648,730,2),(1354,5,2,1627,1638,730,2),(1355,5,3,116,40,730,2),(1356,5,5,116,40,730,2),(1357,6,2,1358,143,730,1),(1358,6,3,116,40,730,2),(1359,6,5,116,40,730,2),(1360,1,6,1648,1648,731,2),(1361,2,6,1648,1648,731,2),(1362,3,1,1327,40,731,2),(1363,3,2,1332,1645,731,1),(1364,3,3,1627,456,731,0),(1365,3,4,1327,40,731,2),(1366,4,1,1327,40,731,2),(1367,4,2,1332,1645,731,0),(1368,4,2,1391,1391,731,1),(1369,4,3,13,1635,731,2),(1370,4,4,1327,40,731,2),(1371,5,2,1627,1638,731,2),(1372,6,2,1358,143,731,1),(1373,1,1,4,125,732,2),(1374,1,2,4,125,732,2),(1375,1,3,526,1677,732,2),(1376,1,4,526,1677,732,2),(1377,1,5,4,125,732,2),(1378,1,6,4,125,732,2),(1379,2,1,667,1357,732,2),(1380,2,2,667,1357,732,2),(1381,2,3,4,125,732,2),(1382,2,4,4,125,732,2),(1383,2,5,882,1685,732,2),(1384,2,6,882,1685,732,2),(1385,3,1,4,125,732,2),(1386,3,2,4,125,732,2),(1387,3,3,1353,1689,732,2),(1388,3,4,1353,1689,732,2),(1389,1,1,4,125,733,2),(1390,1,2,4,125,733,2),(1391,1,3,882,1693,733,2),(1392,1,4,882,1693,733,2),(1393,1,5,4,125,733,2),(1394,1,6,4,125,733,2),(1395,2,3,4,125,733,2),(1396,2,4,4,125,733,2),(1397,2,5,1373,1373,733,2),(1398,2,6,1373,1373,733,2),(1399,3,1,4,125,733,2),(1400,3,2,4,125,733,2),(1401,1,1,4,125,734,2),(1402,1,2,4,125,734,2),(1403,1,5,4,125,734,2),(1404,1,6,4,125,734,2),(1405,2,3,4,125,734,2),(1406,2,4,4,125,734,2),(1407,2,5,1155,1273,734,2),(1408,2,6,1155,1273,734,2),(1409,3,1,4,125,734,2),(1410,3,2,4,125,734,2),(1411,3,3,1206,1721,734,2),(1412,3,4,1206,1721,734,2),(1413,2,2,883,1724,735,0),(1414,2,2,164,1725,735,1),(1415,2,5,882,1247,735,0),(1416,3,2,883,1724,735,2),(1417,3,5,618,1071,735,2),(1418,4,2,7,1219,735,0),(1419,4,2,1391,1391,735,1),(1420,4,4,164,1725,735,1),(1421,4,5,882,1247,735,1),(1422,5,4,921,1628,735,1),(1423,5,4,921,1628,735,1),(1424,6,4,921,1071,735,0),(1425,1,1,4,125,736,2),(1426,1,2,4,125,736,2),(1427,1,3,1741,1131,736,2),(1428,1,4,1741,1131,736,2),(1429,1,5,4,125,736,2),(1430,1,6,4,125,736,2),(1431,2,1,1474,1745,736,2),(1432,2,2,1474,1745,736,2),(1433,2,3,4,125,736,2),(1434,2,4,4,125,736,2),(1435,2,5,1749,1749,736,2),(1436,2,6,1749,1749,736,2),(1437,3,1,4,125,736,2),(1438,3,2,4,125,736,2),(1439,1,1,4,125,737,2),(1440,1,2,4,125,737,2),(1441,1,3,1741,1131,737,2),(1442,1,4,1741,1131,737,2),(1443,1,5,4,125,737,2),(1444,1,6,4,125,737,2),(1445,2,1,1474,1745,737,2),(1446,2,2,1474,1745,737,2),(1447,2,3,4,125,737,2),(1448,2,4,4,125,737,2),(1449,1,1,4,125,738,2),(1450,1,2,4,125,738,2),(1451,1,3,1741,1131,738,2),(1452,1,4,1741,1131,738,2),(1453,1,5,4,125,738,2),(1454,1,6,4,125,738,2),(1455,2,1,1474,1745,738,2),(1456,2,2,1474,1745,738,2),(1457,2,3,4,125,738,2),(1458,2,4,4,125,738,2),(1459,2,5,327,1611,738,2),(1460,2,6,327,1611,738,2),(1461,3,1,4,125,738,2),(1462,3,2,4,125,738,2),(1463,3,3,863,1781,738,2),(1464,3,4,863,1781,738,2),(1465,3,5,4,125,738,2),(1466,3,6,4,125,738,2),(1467,1,1,4,125,739,2),(1468,1,2,4,125,739,2),(1469,1,5,4,125,739,2),(1470,1,6,4,125,739,2),(1471,2,1,882,1247,739,2),(1472,2,2,882,1247,739,2),(1473,2,3,4,125,739,2),(1474,2,4,4,125,739,2),(1475,3,1,4,125,739,2),(1476,3,2,4,125,739,2),(1477,1,1,4,125,740,2),(1478,1,2,4,125,740,2),(1479,1,5,4,125,740,2),(1480,1,6,4,125,740,2),(1481,2,1,882,1247,740,2),(1482,2,2,882,1247,740,2),(1483,2,3,4,125,740,2),(1484,2,4,4,125,740,2),(1485,3,1,4,125,740,2),(1486,3,2,4,125,740,2),(1487,1,3,4,125,741,2),(1488,1,4,4,125,741,2),(1489,2,1,4,125,741,2),(1490,2,2,4,125,741,2),(1491,2,3,882,1247,741,2),(1492,2,4,882,1247,741,2),(1493,2,5,4,125,741,2),(1494,2,6,4,125,741,2),(1495,3,1,262,1613,741,2),(1496,3,2,262,1613,741,2),(1497,3,3,4,125,741,2),(1498,3,4,4,125,741,2),(1499,4,1,4,125,741,2),(1500,4,2,4,125,741,2),(1501,4,3,1839,1354,741,2),(1502,4,4,1839,1354,741,2),(1503,1,1,4,125,742,2),(1504,1,2,4,125,742,2),(1505,1,5,4,125,742,2),(1506,1,6,4,125,742,2),(1507,2,3,4,125,742,2),(1508,2,4,4,125,742,2),(1509,3,1,4,125,742,2),(1510,3,2,4,125,742,2),(1511,3,3,882,1247,742,2),(1512,3,4,882,1247,742,2),(1513,3,5,4,125,742,2),(1514,3,6,4,125,742,2),(1515,1,1,4,125,743,2),(1516,1,2,4,125,743,2),(1517,1,5,4,125,743,2),(1518,1,6,4,125,743,2),(1519,2,3,4,125,743,2),(1520,2,4,4,125,743,2),(1521,2,5,1155,1273,743,2),(1522,2,6,1155,1273,743,2),(1523,3,1,4,125,743,2),(1524,3,2,4,125,743,2),(1525,1,1,4,125,744,2),(1526,1,2,4,125,744,2),(1527,1,5,4,125,744,2),(1528,1,6,4,125,744,2),(1529,2,1,1839,1883,744,2),(1530,2,2,1839,1883,744,2),(1531,2,3,4,125,744,2),(1532,2,4,4,125,744,2),(1533,3,1,4,125,744,2),(1534,3,2,4,125,744,2),(1535,3,3,1354,1891,744,2),(1536,3,4,1354,1891,744,2),(1537,3,5,4,125,744,2),(1538,3,6,4,125,744,2),(1539,1,1,4,125,745,2),(1540,1,2,4,125,745,2),(1541,1,5,4,125,745,2),(1542,1,6,4,125,745,2),(1543,2,1,1839,1883,745,2),(1544,2,2,1839,1883,745,2),(1545,2,3,4,125,745,2),(1546,2,4,4,125,745,2),(1547,3,1,4,125,745,2),(1548,3,2,4,125,745,2),(1549,3,3,1354,1891,745,2),(1550,3,4,1354,1891,745,2),(1551,3,5,4,125,745,2),(1552,3,6,4,125,745,2),(1553,1,1,4,125,746,2),(1554,1,2,4,125,746,2),(1555,1,3,1919,1919,746,2),(1556,1,4,1919,1919,746,2),(1557,1,5,4,125,746,2),(1558,1,6,4,125,746,2),(1559,2,1,12,1923,746,2),(1560,2,2,12,1923,746,2),(1561,1,1,4,125,747,2),(1562,1,2,4,125,747,2),(1563,1,3,92,1927,747,2),(1564,1,4,92,1927,747,2),(1565,1,5,4,125,747,2),(1566,1,6,4,125,747,2),(1567,2,1,1919,1919,747,2),(1568,2,2,1919,1919,747,2),(1569,2,3,4,125,747,2),(1570,2,4,4,125,747,2),(1571,2,5,13,1635,747,2),(1572,2,6,13,1635,747,2),(1573,1,1,4,125,748,2),(1574,1,2,4,125,748,2),(1575,1,3,13,1635,748,2),(1576,1,4,13,1635,748,2),(1577,1,5,4,125,748,2),(1578,1,6,4,125,748,2),(1579,2,1,92,1927,748,2),(1580,2,2,92,1927,748,2),(1581,2,3,4,125,748,2),(1582,2,4,4,125,748,2),(1583,2,5,1919,1919,748,2),(1584,2,6,1919,1919,748,2),(1585,1,1,1949,1949,749,2),(1586,1,2,1949,1949,749,2),(1587,1,3,1949,1949,749,2),(1588,1,4,1949,1949,749,2),(1589,1,5,1949,1949,749,2),(1590,1,6,1949,1949,749,2),(1591,2,1,1949,1949,749,2),(1592,2,2,1949,1949,749,2),(1593,2,3,1949,1949,749,2),(1594,2,4,1949,1949,749,2),(1595,2,5,1949,1949,749,2),(1596,2,6,1949,1949,749,2),(1597,3,1,1961,9,749,2),(1598,3,2,1961,9,749,2),(1599,3,3,1961,9,749,2),(1600,3,4,1961,9,749,2),(1601,3,5,1961,9,749,2),(1602,3,6,1961,9,749,2),(1603,4,1,1961,9,749,2),(1604,4,2,1961,9,749,2),(1605,4,3,1969,1969,749,2),(1606,4,4,1969,1969,749,2),(1607,4,5,1969,1969,749,2),(1608,4,6,1969,1969,749,2),(1609,5,1,1969,1969,749,2),(1610,5,2,1969,1969,749,2),(1611,5,3,1975,1227,749,2),(1612,5,4,1975,1227,749,2),(1613,5,5,1975,1227,749,2),(1614,5,6,1975,1227,749,2),(1615,6,1,1975,1227,749,2),(1616,6,2,1975,1227,749,2),(1617,6,3,1981,1981,749,2),(1618,6,4,1981,1981,749,2),(1619,6,5,1981,1981,749,2),(1620,6,6,1981,1981,749,2),(1621,7,1,1981,1981,749,2),(1622,1,1,1986,1986,750,2),(1623,1,2,1986,1986,750,2),(1624,1,3,1988,523,750,2),(1625,1,4,1988,523,750,2),(1626,1,5,1988,523,750,2),(1627,1,6,1988,523,750,2),(1628,2,1,1988,523,750,2),(1629,2,2,1988,523,750,2),(1630,2,3,1988,523,750,2),(1631,2,4,1988,523,750,2),(1632,2,5,1961,9,750,2),(1633,2,6,1961,9,750,2),(1634,3,1,1961,9,750,2),(1635,3,2,1961,9,750,2),(1636,3,3,1961,9,750,2),(1637,3,4,1961,9,750,2),(1638,3,5,1961,9,750,2),(1639,3,6,1961,9,750,2),(1640,4,1,1969,1969,750,2),(1641,4,2,1969,1969,750,2),(1642,4,3,1969,1969,750,2),(1643,4,4,1969,1969,750,2),(1644,4,5,1969,1969,750,2),(1645,4,6,1969,1969,750,2),(1646,5,1,1975,1227,750,2),(1647,5,2,1975,1227,750,2),(1648,5,3,1975,1227,750,2),(1649,5,4,1975,1227,750,2),(1650,5,5,1981,1981,750,2),(1651,5,6,1981,1981,750,2),(1652,6,1,1981,1981,750,2),(1653,6,2,1981,1981,750,2),(1654,6,3,1981,1981,750,2),(1655,6,4,1981,1981,750,2),(1656,6,5,1981,1981,750,2),(1657,6,6,1981,1981,750,2),(1658,7,1,2022,2022,750,2),(1659,1,1,2023,2023,751,2),(1660,1,2,2023,2023,751,2),(1661,1,3,2023,2023,751,2),(1662,1,4,2023,2023,751,2),(1663,1,5,2027,142,751,2),(1664,1,6,2027,142,751,2),(1665,2,1,2027,142,751,2),(1666,2,2,2027,142,751,2),(1667,2,3,138,9,751,2),(1668,2,4,138,9,751,2),(1669,2,5,138,9,751,2),(1670,2,6,138,9,751,2),(1671,3,1,138,9,751,2),(1672,3,2,138,9,751,2),(1673,3,3,138,9,751,2),(1674,3,4,138,9,751,2),(1675,3,5,138,9,751,2),(1676,3,6,138,9,751,2),(1677,4,1,138,9,751,2),(1678,4,2,138,9,751,2),(1679,4,3,2043,2043,751,2),(1680,4,4,2043,2043,751,2),(1681,4,5,2043,2043,751,2),(1682,4,6,2043,2043,751,2),(1683,5,1,2043,2043,751,2),(1684,5,2,2043,2043,751,2),(1685,5,3,2043,2043,751,2),(1686,5,4,2043,2043,751,2),(1687,6,1,2053,41,751,2),(1688,6,2,2053,41,751,2),(1689,6,3,2055,132,751,2),(1690,6,4,2055,132,751,2),(1691,6,5,2055,132,751,2),(1692,6,6,2055,132,751,2),(1693,7,1,2055,132,751,2),(1694,1,1,4,2060,752,2),(1695,1,2,4,2060,752,2),(1696,1,3,573,41,752,2),(1697,1,4,573,41,752,2),(1698,1,5,573,41,752,2),(1699,1,6,573,41,752,2),(1700,2,1,4,523,752,2),(1701,2,2,4,523,752,2),(1702,2,3,573,41,752,2),(1703,2,4,573,41,752,2),(1704,2,5,573,41,752,2),(1705,2,6,573,41,752,2),(1706,3,1,138,2072,752,2),(1707,3,2,138,2072,752,2),(1708,3,3,138,9,752,2),(1709,3,4,138,9,752,2),(1710,3,5,138,9,752,2),(1711,3,6,138,9,752,2),(1712,4,1,138,9,752,2),(1713,4,2,138,9,752,2),(1714,4,3,138,9,752,2),(1715,4,4,138,9,752,2),(1716,5,5,2043,2043,752,2),(1717,5,6,2043,2043,752,2),(1718,6,1,2043,2043,752,2),(1719,6,2,2043,2043,752,2),(1720,6,3,2043,2043,752,2),(1721,6,4,2043,2043,752,2),(1722,6,5,573,41,752,2),(1723,6,6,573,41,752,2),(1724,1,1,148,142,753,2),(1725,1,2,148,142,753,2),(1726,1,3,148,142,753,2),(1727,1,4,148,142,753,2),(1728,1,5,148,142,753,2),(1729,1,6,148,142,753,2),(1730,2,1,148,142,753,2),(1731,2,2,148,142,753,2),(1732,2,5,4,2107,753,2),(1733,2,6,4,2107,753,2),(1734,3,1,59,9,753,2),(1735,3,2,59,9,753,2),(1736,3,3,573,41,753,2),(1737,3,4,573,41,753,2),(1738,3,5,2113,1369,753,2),(1739,3,6,2113,1369,753,2),(1740,4,1,2113,1369,753,2),(1741,4,2,2113,1369,753,2),(1742,4,3,148,142,753,2),(1743,4,4,148,142,753,2),(1744,4,5,313,158,753,2),(1745,4,6,313,158,753,2),(1746,5,1,313,158,753,2),(1747,5,2,313,158,753,2),(1748,5,3,313,158,753,2),(1749,5,4,313,158,753,2),(1750,5,5,313,158,753,2),(1751,5,6,313,158,753,2),(1752,6,1,165,153,753,2),(1753,6,2,165,153,753,2),(1754,6,3,2129,7,753,2),(1755,6,4,2129,7,753,2),(1756,6,5,1125,863,753,2),(1757,6,6,1125,863,753,2),(1758,7,1,2129,7,753,2),(1759,1,3,19,186,754,2),(1760,1,4,19,186,754,2),(1761,1,5,19,186,754,2),(1762,1,6,19,186,754,2),(1763,2,1,342,568,754,2),(1764,2,2,342,568,754,2),(1765,2,3,489,2142,754,2),(1766,2,4,489,2142,754,2),(1767,2,5,666,2144,754,2),(1768,2,6,666,2144,754,2),(1769,3,1,59,9,754,2),(1770,3,2,59,9,754,2),(1771,3,3,573,41,754,2),(1772,3,4,573,41,754,2),(1773,4,3,173,177,754,2),(1774,4,4,173,177,754,2),(1775,4,5,173,177,754,2),(1776,4,6,173,177,754,2),(1777,5,1,173,177,754,2),(1778,5,2,173,177,754,2),(1779,5,3,173,177,754,2),(1780,5,4,173,177,754,2),(1781,5,5,252,145,754,2),(1782,5,6,252,145,754,2),(1783,6,1,252,145,754,2),(1784,6,2,252,145,754,2),(1785,6,3,252,145,754,2),(1786,6,4,252,145,754,2),(1787,6,5,252,145,754,2),(1788,6,6,252,145,754,2),(1789,7,1,252,145,754,2),(1790,1,1,4,2171,755,2),(1791,1,2,4,2171,755,2),(1792,1,3,2173,2171,755,2),(1793,1,4,2173,2171,755,2),(1794,2,3,2179,2179,755,2),(1795,2,4,2179,2179,755,2),(1796,2,5,649,2181,755,2),(1797,2,6,649,2181,755,2),(1798,3,1,2183,2183,755,2),(1799,3,2,2183,2183,755,2),(1800,3,3,2179,2179,755,2),(1801,3,4,2179,2179,755,2),(1802,3,5,649,2181,755,2),(1803,3,6,649,2181,755,2),(1804,4,1,2183,2183,755,2),(1805,4,2,2183,2183,755,2),(1806,4,3,2179,2179,755,2),(1807,4,4,2179,2179,755,2),(1808,4,5,649,2181,755,2),(1809,4,6,649,2181,755,2),(1810,5,1,2183,2183,755,2),(1811,5,2,2183,2183,755,2),(1812,5,3,2179,2179,755,2),(1813,5,4,2179,2179,755,2),(1814,5,5,649,2181,755,2),(1815,5,6,649,2181,755,2),(1816,6,1,1986,2183,755,2),(1817,6,2,1986,2183,755,2),(1818,6,3,2179,2179,755,2),(1819,6,4,2179,2179,755,2),(1820,6,5,649,2181,755,2),(1821,6,6,649,2181,755,2),(1822,7,1,2179,2179,755,2),(1823,1,1,2208,2171,756,2),(1824,1,2,2208,2171,756,2),(1825,1,3,2208,2171,756,2),(1826,1,4,2208,2171,756,2),(1827,1,5,2212,2183,756,2),(1828,1,6,2212,2183,756,2),(1829,2,1,2179,2183,756,2),(1830,2,2,2179,2183,756,2),(1831,2,3,2179,2183,756,2),(1832,2,4,2179,2183,756,2),(1833,2,5,2179,2183,756,2),(1834,2,6,2179,2183,756,2),(1835,3,1,2179,2183,756,2),(1836,3,2,2179,2183,756,2),(1837,3,3,2212,2183,756,2),(1838,3,4,2212,2183,756,2),(1839,3,5,2179,2183,756,2),(1840,3,6,2179,2183,756,2),(1841,4,1,2212,2183,756,2),(1842,4,2,2212,2183,756,2),(1843,4,3,2212,2183,756,2),(1844,4,4,2212,2183,756,2),(1845,4,5,2212,2183,756,2),(1846,4,6,2212,2183,756,2),(1847,5,1,2212,2183,756,2),(1848,5,2,2212,2183,756,2),(1849,5,3,2212,2183,756,2),(1850,5,4,2212,2183,756,2),(1851,5,5,2212,2183,756,2),(1852,5,6,2212,2183,756,2),(1853,6,1,2212,2183,756,2),(1854,6,2,2212,2183,756,2),(1855,1,1,2240,2240,757,2),(1856,1,2,2240,2240,757,2),(1857,1,3,2240,2240,757,2),(1858,1,4,2240,2240,757,2),(1859,1,5,2240,2240,757,2),(1860,1,6,2240,2240,757,2),(1861,2,1,2240,2240,757,2),(1862,2,2,2240,2240,757,2),(1863,2,3,2248,2240,757,2),(1864,2,4,2248,2240,757,2),(1865,2,5,2248,2240,757,2),(1866,2,6,2248,2240,757,2),(1867,3,1,2248,2240,757,2),(1868,3,2,2248,2240,757,2),(1869,3,3,2248,2240,757,2),(1870,3,4,2248,2240,757,2),(1871,3,5,2240,2240,757,2),(1872,3,6,2240,2240,757,2),(1873,4,1,2248,2240,757,2),(1874,4,2,2248,2240,757,2),(1875,4,3,2248,2240,757,2),(1876,4,4,2248,2240,757,2),(1877,4,5,976,2240,757,2),(1878,4,6,976,2240,757,2),(1879,5,1,976,2240,757,2),(1880,5,2,976,2240,757,2),(1881,1,1,2051,2240,758,2),(1882,1,2,2051,2240,758,2),(1883,1,3,2051,2240,758,2),(1884,1,4,2051,2240,758,2),(1885,1,5,2051,2240,758,2),(1886,1,6,2051,2240,758,2),(1887,2,1,2272,2240,758,2),(1888,2,2,2272,2240,758,2),(1889,2,3,2272,2240,758,2),(1890,2,4,2272,2240,758,2),(1891,2,5,2051,2240,758,2),(1892,2,6,2051,2240,758,2),(1893,3,1,2278,2240,758,2),(1894,3,2,2278,2240,758,2),(1895,3,3,2278,2240,758,2),(1896,3,4,2278,2240,758,2),(1897,3,5,2278,2240,758,2),(1898,3,6,2278,2240,758,2),(1899,4,1,2278,2240,758,2),(1900,4,2,2278,2240,758,2),(1901,4,3,2278,2240,758,2),(1902,4,4,2278,2240,758,2),(1903,1,1,92,2240,759,2),(1904,1,2,92,2240,759,2),(1905,1,3,92,2240,759,2),(1906,1,4,92,2240,759,2),(1907,1,5,92,2240,759,2),(1908,1,6,92,2240,759,2),(1909,2,1,92,2240,759,2),(1910,2,2,92,2240,759,2),(1911,1,1,4,2060,760,2),(1912,1,2,4,2060,760,2),(1913,1,3,2298,405,760,2),(1914,1,4,2298,405,760,2),(1915,1,5,2298,405,760,2),(1916,1,6,2298,405,760,2),(1917,2,1,376,2302,760,2),(1918,2,2,376,2302,760,2),(1919,2,3,2304,2304,760,2),(1920,2,4,2304,2304,760,2),(1921,2,5,2304,2304,760,2),(1922,2,6,2304,2304,760,2),(1923,3,1,2304,2304,760,2),(1924,3,2,2304,2304,760,2),(1925,3,3,2310,414,760,2),(1926,3,4,2310,414,760,2),(1927,3,5,2312,132,760,2),(1928,3,6,2312,132,760,2),(1929,4,1,2312,132,760,2),(1930,4,2,2312,132,760,2),(1931,4,3,2316,9,760,2),(1932,4,4,2316,9,760,2),(1933,4,5,2316,9,760,2),(1934,4,6,2316,9,760,2),(1935,5,1,2316,9,760,2),(1936,5,2,2316,9,760,2),(1937,5,3,2304,2304,760,2),(1938,5,4,2304,2304,760,2),(1939,5,5,2312,132,760,2),(1940,5,6,2312,132,760,2),(1941,6,1,2312,132,760,2),(1942,6,2,2312,132,760,2),(1943,6,3,2312,132,760,2),(1944,6,4,2312,132,760,2),(1945,6,5,2312,132,760,2),(1946,6,6,2312,132,760,2),(1947,7,1,2332,142,760,2),(1948,1,1,148,142,761,2),(1949,1,2,148,142,761,2),(1950,1,3,148,142,761,2),(1951,1,4,148,142,761,2),(1952,1,5,148,142,761,2),(1953,1,6,148,142,761,2),(1954,2,1,148,142,761,2),(1955,2,2,148,142,761,2),(1956,2,3,4,2107,761,2),(1957,2,4,4,2107,761,2),(1958,2,5,59,9,761,2),(1959,2,6,59,9,761,2),(1960,3,1,573,41,761,2),(1961,3,2,573,41,761,2),(1962,3,3,2113,1369,761,2),(1963,3,4,2113,1369,761,2),(1964,3,5,2113,1369,761,2),(1965,3,6,2113,1369,761,2),(1966,4,1,148,142,761,2),(1967,4,2,148,142,761,2),(1968,4,3,313,158,761,2),(1969,4,4,313,158,761,2),(1970,4,5,313,158,761,2),(1971,4,6,313,158,761,2),(1972,5,1,313,158,761,2),(1973,5,2,313,158,761,2),(1974,5,3,313,158,761,2),(1975,5,4,313,158,761,2),(1976,5,5,165,153,761,2),(1977,5,6,165,153,761,2),(1978,6,1,2129,7,761,2),(1979,6,2,2129,7,761,2),(1980,6,3,1125,863,761,2),(1981,6,4,1125,863,761,2),(1982,6,5,2129,7,761,2),(1983,6,6,2129,7,761,2),(1984,7,1,2129,7,761,2),(1985,1,3,19,186,762,2),(1986,1,4,19,186,762,2),(1987,1,5,19,186,762,2),(1988,1,6,19,186,762,2),(1989,2,1,670,2142,762,2),(1990,2,2,670,2142,762,2),(1991,2,5,59,9,762,2),(1992,2,6,59,9,762,2),(1993,3,1,688,2144,762,2),(1994,3,2,688,2144,762,2),(1995,3,3,573,41,762,2),(1996,3,4,573,41,762,2),(1997,4,3,173,177,762,2),(1998,4,4,173,177,762,2),(1999,4,5,173,177,762,2),(2000,4,6,173,177,762,2),(2001,5,1,173,177,762,2),(2002,5,2,173,177,762,2),(2003,5,3,173,177,762,2),(2004,5,4,173,177,762,2),(2005,5,5,252,145,762,2),(2006,5,6,252,145,762,2),(2007,6,1,252,145,762,2),(2008,6,2,252,145,762,2),(2009,6,3,252,145,762,2),(2010,6,4,252,145,762,2),(2011,6,5,252,145,762,2),(2012,6,6,252,145,762,2),(2013,7,1,252,145,762,2),(2014,1,1,148,142,763,2),(2015,1,2,148,142,763,2),(2016,1,3,148,142,763,2),(2017,1,4,148,142,763,2),(2018,1,5,148,142,763,2),(2019,1,6,148,142,763,2),(2020,2,1,148,142,763,2),(2021,2,2,148,142,763,2),(2022,2,3,4,2107,763,2),(2023,2,4,4,2107,763,2),(2024,2,5,59,9,763,2),(2025,2,6,59,9,763,2),(2026,3,1,573,41,763,2),(2027,3,2,573,41,763,2),(2028,3,3,2113,1369,763,2),(2029,3,4,2113,1369,763,2),(2030,3,5,2113,1369,763,2),(2031,3,6,2113,1369,763,2),(2032,4,1,148,142,763,2),(2033,4,2,148,142,763,2),(2034,4,3,313,158,763,2),(2035,4,4,313,158,763,2),(2036,4,5,313,158,763,2),(2037,4,6,313,158,763,2),(2038,5,1,313,158,763,2),(2039,5,2,313,158,763,2),(2040,5,3,313,158,763,2),(2041,5,4,313,158,763,2),(2042,5,5,165,153,763,2),(2043,5,6,165,153,763,2),(2044,6,1,2129,7,763,2),(2045,6,2,2129,7,763,2),(2046,6,3,1125,863,763,2),(2047,6,4,1125,863,763,2),(2048,6,5,2129,7,763,2),(2049,6,6,2129,7,763,2),(2050,7,1,2129,7,763,2),(2051,2,1,151,9,764,2),(2052,2,2,151,9,764,2),(2053,2,3,151,9,764,2),(2054,2,4,151,9,764,2),(2055,2,5,151,9,764,2),(2056,2,6,151,9,764,2),(2057,3,1,151,9,764,2),(2058,3,2,151,9,764,2),(2059,3,3,151,9,764,2),(2060,3,4,151,9,764,2),(2061,3,5,151,9,764,2),(2062,3,6,151,9,764,2),(2063,4,1,151,9,764,2),(2064,4,2,151,9,764,2),(2065,4,3,151,9,764,2),(2066,4,4,151,9,764,2),(2067,4,5,2466,2466,764,2),(2068,4,6,2466,2466,764,2),(2069,5,1,125,132,764,2),(2070,5,2,125,132,764,2),(2071,5,3,125,132,764,2),(2072,5,4,125,132,764,2),(2073,5,5,151,9,764,2),(2074,5,6,151,9,764,2),(2075,6,1,265,129,764,2),(2076,6,2,265,129,764,2),(2077,6,3,265,129,764,2),(2078,6,4,265,129,764,2),(2079,6,5,265,129,764,2),(2080,6,6,265,129,764,2),(2081,7,1,265,129,764,2),(2082,1,1,4,2060,765,2),(2083,1,2,4,2060,765,2),(2084,1,3,1949,132,765,2),(2085,1,4,1949,132,765,2),(2086,1,5,1949,132,765,2),(2087,1,6,1949,132,765,2),(2088,2,1,1949,132,765,2),(2089,2,2,1949,132,765,2),(2090,2,3,1949,132,765,2),(2091,2,4,1949,132,765,2),(2092,2,5,1949,132,765,2),(2093,2,6,1949,132,765,2),(2094,3,1,1949,132,765,2),(2095,3,2,1949,132,765,2),(2096,3,3,1949,132,765,2),(2097,3,4,1949,132,765,2),(2098,3,5,1949,132,765,2),(2099,3,6,1949,132,765,2),(2100,4,1,1949,132,765,2),(2101,4,2,1949,132,765,2),(2102,4,3,1949,132,765,2),(2103,4,4,1949,132,765,2),(2104,4,5,1949,132,765,2),(2105,4,6,1949,132,765,2),(2106,5,1,172,142,765,2),(2107,5,2,172,142,765,2),(2108,5,3,172,142,765,2),(2109,5,4,172,142,765,2),(2110,5,5,172,142,765,2),(2111,5,6,172,142,765,2),(2112,6,1,172,142,765,2),(2113,6,2,172,142,765,2),(2114,6,3,172,142,765,2),(2115,6,4,172,142,765,2),(2116,6,5,2515,405,765,2),(2117,6,6,2515,405,765,2),(2118,7,1,2515,405,765,2),(2119,1,1,4,2060,766,2),(2120,1,2,4,2060,766,2),(2121,1,3,9,9,766,2),(2122,1,4,9,9,766,2),(2123,1,5,2522,145,766,2),(2124,1,6,2522,145,766,2),(2125,2,1,2522,145,766,2),(2126,2,2,2522,145,766,2),(2127,2,3,2129,7,766,2),(2128,2,4,2129,7,766,2),(2129,2,5,2129,7,766,2),(2130,2,6,2129,7,766,2),(2131,3,1,2522,145,766,2),(2132,3,2,2522,145,766,2),(2133,3,3,2522,145,766,2),(2134,3,4,2522,145,766,2),(2135,3,5,2129,7,766,2),(2136,3,6,2129,7,766,2),(2137,4,1,2129,7,766,2),(2138,4,2,2129,7,766,2),(2139,4,3,2129,7,766,2),(2140,4,4,2129,7,766,2),(2141,4,5,2129,7,766,2),(2142,4,6,2129,7,766,2),(2143,5,1,2522,145,766,2),(2144,5,2,2522,145,766,2),(2145,5,3,2522,145,766,2),(2146,5,4,2522,145,766,2),(2147,5,5,2522,145,766,2),(2148,5,6,2522,145,766,2),(2149,6,1,2129,7,766,2),(2150,6,2,2129,7,766,2),(2151,6,3,2550,2550,766,2),(2152,6,4,2550,2550,766,2),(2153,6,5,2552,142,766,2),(2154,6,6,2552,142,766,2),(2155,7,1,2552,142,766,2),(2156,1,1,4,2060,767,2),(2157,1,2,4,2060,767,2),(2158,1,3,172,2557,767,2),(2159,1,4,172,2557,767,2),(2160,2,1,2522,145,767,2),(2161,2,2,2522,145,767,2),(2162,2,3,2522,145,767,2),(2163,2,4,2522,145,767,2),(2164,2,5,2129,7,767,2),(2165,2,6,2129,7,767,2),(2166,3,1,2129,7,767,2),(2167,3,2,2129,7,767,2),(2168,3,3,2522,145,767,2),(2169,3,4,2522,145,767,2),(2170,3,5,2522,145,767,2),(2171,3,6,2522,145,767,2),(2172,4,1,2129,7,767,2),(2173,4,2,2129,7,767,2),(2174,4,3,2129,7,767,2),(2175,4,4,2129,7,767,2),(2176,4,5,2129,7,767,2),(2177,4,6,2129,7,767,2),(2178,5,1,2129,7,767,2),(2179,5,2,2129,7,767,2),(2180,5,3,2522,145,767,2),(2181,5,4,2522,145,767,2),(2182,5,5,2522,145,767,2),(2183,5,6,2522,145,767,2),(2184,6,1,2522,145,767,2),(2185,6,2,2522,145,767,2),(2186,6,3,2129,7,767,2),(2187,6,4,2129,7,767,2),(2188,6,5,2550,2550,767,2),(2189,6,6,2550,2550,767,2),(2190,7,1,2552,142,767,2),(2191,1,1,1986,1986,768,2),(2192,1,2,1986,1986,768,2),(2193,1,3,2594,523,768,2),(2194,1,4,2594,523,768,2),(2195,1,5,2594,523,768,2),(2196,1,6,2594,523,768,2),(2197,2,1,2594,523,768,2),(2198,2,2,2594,523,768,2),(2199,2,3,2600,4,768,2),(2200,2,4,2600,4,768,2),(2201,2,5,2602,2602,768,2),(2202,2,6,2602,2602,768,2),(2203,3,1,125,132,768,2),(2204,3,2,125,132,768,2),(2205,3,3,125,132,768,2),(2206,3,4,125,132,768,2),(2207,3,5,2608,1227,768,2),(2208,3,6,2608,1227,768,2),(2209,4,1,2608,1227,768,2),(2210,4,2,2608,1227,768,2),(2211,4,3,2608,1227,768,2),(2212,4,4,2608,1227,768,2),(2213,4,5,2614,2614,768,2),(2214,4,6,2614,2614,768,2),(2215,7,1,125,132,768,2),(2216,1,1,2594,523,769,2),(2217,1,2,2594,523,769,2),(2218,1,3,2594,523,769,2),(2219,1,4,2594,523,769,2),(2220,1,5,2594,523,769,2),(2221,1,6,2594,523,769,2),(2222,2,1,2600,4,769,2),(2223,2,2,2600,4,769,2),(2224,2,3,4,1949,769,2),(2225,2,4,4,1949,769,2),(2226,2,5,2639,2639,769,2),(2227,2,6,2639,2639,769,2),(2228,3,1,2641,2641,769,2),(2229,3,2,2641,2641,769,2),(2230,3,3,2608,1227,769,2),(2231,3,4,2608,1227,769,2),(2232,3,5,2608,1227,769,2),(2233,3,6,2608,1227,769,2),(2234,4,1,2614,2614,769,2),(2235,4,2,2614,2614,769,2),(2236,4,3,2649,9,769,2),(2237,4,4,2649,9,769,2),(2238,4,5,2649,9,769,2),(2239,4,6,2649,9,769,2),(2240,5,1,2602,2602,769,2),(2241,5,2,2602,2602,769,2),(2242,5,3,2602,2602,769,2),(2243,5,4,2602,2602,769,2),(2244,5,5,2602,2602,769,2),(2245,5,6,2602,2602,769,2),(2246,6,1,2602,2602,769,2),(2247,6,2,2602,2602,769,2),(2248,6,5,2602,2602,769,2),(2249,6,6,2602,2602,769,2),(2250,7,1,2665,2665,769,2),(2251,1,1,4,2060,770,2),(2252,1,2,4,2060,770,2),(2253,1,3,2316,9,770,2),(2254,1,4,2316,9,770,2),(2255,1,5,113,41,770,2),(2256,1,6,113,41,770,2),(2257,2,1,2672,143,770,2),(2258,2,2,2672,143,770,2),(2259,2,3,2672,143,770,2),(2260,2,4,2672,143,770,2),(2261,2,5,2672,143,770,2),(2262,2,6,2672,143,770,2),(2263,3,1,2678,2678,770,2),(2264,3,2,2678,2678,770,2),(2265,3,3,2678,2678,770,2),(2266,3,4,2678,2678,770,2),(2267,3,5,2678,2678,770,2),(2268,3,6,2678,2678,770,2),(2269,4,1,2684,414,770,2),(2270,4,2,2684,414,770,2),(2271,4,3,409,132,770,2),(2272,4,4,409,132,770,2),(2273,4,5,409,132,770,2),(2274,4,6,409,132,770,2),(2275,5,1,2316,9,770,2),(2276,5,2,2316,9,770,2),(2277,5,3,2316,9,770,2),(2278,5,4,2316,9,770,2),(2279,5,5,409,132,770,2),(2280,5,6,409,132,770,2),(2281,6,1,409,132,770,2),(2282,6,2,409,132,770,2),(2283,6,3,409,132,770,2),(2284,6,4,409,132,770,2),(2285,6,5,409,132,770,2),(2286,6,6,409,132,770,2),(2287,7,1,409,132,770,2),(2288,1,1,4,2060,771,2),(2289,1,2,4,2060,771,2),(2290,1,3,2705,186,771,2),(2291,1,4,2705,186,771,2),(2292,1,5,2316,9,771,2),(2293,1,6,2316,9,771,2),(2294,2,1,2316,9,771,2),(2295,2,2,2316,9,771,2),(2296,2,3,376,129,771,2),(2297,2,4,376,129,771,2),(2298,2,5,376,129,771,2),(2299,2,6,376,129,771,2),(2300,3,1,376,129,771,2),(2301,3,2,376,129,771,2),(2302,3,5,376,129,771,2),(2303,3,6,376,129,771,2),(2304,4,1,376,129,771,2),(2305,4,2,376,129,771,2),(2306,4,3,376,129,771,2),(2307,4,4,376,129,771,2),(2308,4,5,2684,414,771,2),(2309,4,6,2684,414,771,2),(2310,5,1,2727,2727,771,2),(2311,5,2,2727,2727,771,2),(2312,5,3,409,132,771,2),(2313,5,4,409,132,771,2),(2314,5,5,409,132,771,2),(2315,5,6,409,132,771,2),(2316,6,1,2316,9,771,2),(2317,6,2,2316,9,771,2),(2318,6,3,2316,9,771,2),(2319,6,4,2316,9,771,2),(2320,6,5,376,129,771,2),(2321,6,6,376,129,771,2),(2322,7,1,409,132,771,2),(2323,1,1,4,2060,772,2),(2324,1,2,4,2060,772,2),(2325,1,3,2705,186,772,2),(2326,1,4,2705,186,772,2),(2327,1,5,2316,9,772,2),(2328,1,6,2316,9,772,2),(2329,2,1,2316,9,772,2),(2330,2,2,2316,9,772,2),(2331,2,3,4,41,772,2),(2332,2,4,4,41,772,2),(2333,2,5,376,129,772,2),(2334,2,6,376,129,772,2),(2335,3,1,376,129,772,2),(2336,3,2,376,129,772,2),(2337,3,3,376,129,772,2),(2338,3,4,376,129,772,2),(2339,4,1,376,129,772,2),(2340,4,2,376,129,772,2),(2341,4,3,376,129,772,2),(2342,4,4,376,129,772,2),(2343,4,5,376,129,772,2),(2344,4,6,376,129,772,2),(2345,5,1,2684,414,772,2),(2346,5,2,2684,414,772,2),(2347,5,3,2727,2727,772,2),(2348,5,4,2727,2727,772,2),(2349,5,5,409,132,772,2),(2350,5,6,409,132,772,2),(2351,6,1,409,132,772,2),(2352,6,2,409,132,772,2),(2353,6,3,2316,9,772,2),(2354,6,4,2316,9,772,2),(2355,6,5,2316,9,772,2),(2356,6,6,2316,9,772,2),(2357,7,1,376,129,772,2),(2358,1,1,239,9,773,2),(2359,1,2,239,9,773,2),(2360,1,3,239,9,773,2),(2361,1,4,239,9,773,2),(2362,1,5,2781,129,773,2),(2363,1,6,2781,129,773,2),(2364,2,3,577,2785,773,2),(2365,2,4,577,2785,773,2),(2366,2,5,577,2785,773,2),(2367,2,6,577,2785,773,2),(2368,3,1,577,2785,773,2),(2369,3,2,577,2785,773,2),(2370,3,3,2791,19,773,2),(2371,3,4,2791,19,773,2),(2372,3,5,2791,19,773,2),(2373,3,6,2791,19,773,2),(2374,4,1,2791,19,773,2),(2375,4,2,2791,19,773,2),(2376,4,3,2791,19,773,2),(2377,4,4,2791,19,773,2),(2378,4,5,2791,19,773,2),(2379,4,6,2791,19,773,2),(2380,5,1,2801,132,773,2),(2381,5,2,2801,132,773,2),(2382,5,3,2801,132,773,2),(2383,5,4,2801,132,773,2),(2384,5,5,2801,132,773,2),(2385,5,6,2801,132,773,2),(2386,6,1,2727,2727,773,2),(2387,6,2,2727,2727,773,2),(2388,6,3,2727,2727,773,2),(2389,6,4,2727,2727,773,2),(2390,6,5,2727,2727,773,2),(2391,6,6,2727,2727,773,2),(2392,7,1,2813,142,773,2),(2393,1,1,4,2814,774,2),(2394,1,2,4,2814,774,2),(2395,1,3,2816,2816,774,2),(2396,1,4,2816,2816,774,2),(2397,2,1,2816,2816,774,2),(2398,2,2,2816,2816,774,2),(2399,2,3,2781,129,774,2),(2400,2,4,2781,129,774,2),(2401,2,5,2816,2816,774,2),(2402,2,6,2816,2816,774,2),(2403,3,1,2816,2816,774,2),(2404,3,2,2816,2816,774,2),(2405,3,3,2816,2816,774,2),(2406,3,4,2816,2816,774,2),(2407,3,5,2791,19,774,2),(2408,3,6,2791,19,774,2),(2409,4,1,2791,19,774,2),(2410,4,2,2791,19,774,2),(2411,4,3,2791,19,774,2),(2412,4,4,2791,19,774,2),(2413,4,5,2791,19,774,2),(2414,4,6,2791,19,774,2),(2415,5,1,2791,19,774,2),(2416,5,2,2791,19,774,2),(2417,5,3,2791,19,774,2),(2418,5,4,2791,19,774,2),(2419,5,5,239,9,774,2),(2420,5,6,239,9,774,2),(2421,6,1,2801,132,774,2),(2422,6,2,2801,132,774,2),(2423,6,3,2801,132,774,2),(2424,6,4,2801,132,774,2),(2425,6,5,2801,132,774,2),(2426,6,6,2801,132,774,2),(2427,7,1,2801,132,774,2),(2428,1,1,239,9,775,2),(2429,1,2,239,9,775,2),(2430,1,3,239,9,775,2),(2431,1,4,239,9,775,2),(2432,1,5,2781,129,775,2),(2433,1,6,2781,129,775,2),(2434,2,1,2600,4,775,2),(2435,2,2,2600,4,775,2),(2436,2,3,2600,4,775,2),(2437,2,4,2600,4,775,2),(2438,2,5,2600,4,775,2),(2439,2,6,2600,4,775,2),(2440,3,1,2600,4,775,2),(2441,3,2,2600,4,775,2),(2442,3,3,2865,2865,775,2),(2443,3,4,2865,2865,775,2),(2444,3,5,2616,2867,775,2),(2445,3,6,2616,2867,775,2),(2446,4,1,577,2785,775,2),(2447,4,2,577,2785,775,2),(2448,4,3,577,2785,775,2),(2449,4,4,577,2785,775,2),(2450,4,5,577,2785,775,2),(2451,4,6,577,2785,775,2),(2452,5,1,2791,19,775,2),(2453,5,2,2791,19,775,2),(2454,5,3,2791,19,775,2),(2455,5,4,2791,19,775,2),(2456,5,5,2791,19,775,2),(2457,5,6,2791,19,775,2),(2458,6,1,2791,19,775,2),(2459,6,2,2791,19,775,2),(2460,6,3,2791,19,775,2),(2461,6,4,2791,19,775,2),(2462,6,5,2791,19,775,2),(2463,6,6,2791,19,775,2),(2464,7,1,2801,132,775,2),(2465,1,3,19,186,776,2),(2466,1,4,19,186,776,2),(2467,1,5,19,186,776,2),(2468,1,6,19,186,776,2),(2469,2,1,2894,2894,776,2),(2470,2,2,2894,2894,776,2),(2471,2,3,2894,2894,776,2),(2472,2,4,2894,2894,776,2),(2473,2,5,666,2144,776,2),(2474,2,6,666,2144,776,2),(2475,3,1,59,9,776,2),(2476,3,2,59,9,776,2),(2477,3,3,682,2142,776,2),(2478,3,4,682,2142,776,2),(2479,3,5,573,41,776,2),(2480,3,6,573,41,776,2),(2481,4,5,173,177,776,2),(2482,4,6,173,177,776,2),(2483,5,1,173,177,776,2),(2484,5,2,173,177,776,2),(2485,5,3,173,177,776,2),(2486,5,4,173,177,776,2),(2487,5,5,173,177,776,2),(2488,5,6,173,177,776,2),(2489,6,1,252,145,776,2),(2490,6,2,252,145,776,2),(2491,6,3,252,145,776,2),(2492,6,4,252,145,776,2),(2493,6,5,252,145,776,2),(2494,6,6,252,145,776,2),(2495,7,1,252,145,776,2),(2496,1,1,2023,2023,777,2),(2497,1,2,2023,2023,777,2),(2498,1,3,2023,2023,777,2),(2499,1,4,2023,2023,777,2),(2500,1,5,2027,142,777,2),(2501,1,6,2027,142,777,2),(2502,2,1,2027,142,777,2),(2503,2,2,2027,142,777,2),(2504,2,3,138,9,777,2),(2505,2,4,138,9,777,2),(2506,3,1,2053,41,777,2),(2507,3,2,2053,41,777,2),(2508,3,3,2053,41,777,2),(2509,3,4,2053,41,777,2),(2510,3,5,2053,41,777,2),(2511,3,6,2053,41,777,2),(2512,4,1,2053,41,777,2),(2513,4,2,2053,41,777,2),(2514,4,3,2055,132,777,2),(2515,4,4,2055,132,777,2),(2516,4,5,2055,132,777,2),(2517,4,6,2055,132,777,2),(2518,5,1,2053,41,777,2),(2519,5,2,2053,41,777,2),(2520,5,3,2082,2951,777,2),(2521,5,4,2082,2951,777,2),(2522,5,5,2027,142,777,2),(2523,5,6,2027,142,777,2),(2524,6,1,2027,142,777,2),(2525,6,2,2027,142,777,2),(2526,6,5,2959,2959,777,2),(2527,6,6,2959,2959,777,2),(2528,7,1,2959,2959,777,2),(2529,1,1,4,2060,778,2),(2530,1,2,4,2060,778,2),(2531,1,3,573,41,778,2),(2532,1,4,573,41,778,2),(2533,1,5,573,41,778,2),(2534,1,6,573,41,778,2),(2535,2,1,4,523,778,2),(2536,2,2,4,523,778,2),(2537,2,3,573,41,778,2),(2538,2,4,573,41,778,2),(2539,2,5,573,41,778,2),(2540,2,6,573,41,778,2),(2541,3,1,138,2072,778,2),(2542,3,2,138,2072,778,2),(2543,3,3,138,9,778,2),(2544,3,4,138,9,778,2),(2545,3,5,138,9,778,2),(2546,3,6,138,9,778,2),(2547,4,1,138,9,778,2),(2548,4,2,138,9,778,2),(2549,4,3,138,9,778,2),(2550,4,4,138,9,778,2),(2551,5,5,2043,2043,778,2),(2552,5,6,2043,2043,778,2),(2553,6,1,2043,2043,778,2),(2554,6,2,2043,2043,778,2),(2555,6,3,2043,2043,778,2),(2556,6,4,2043,2043,778,2),(2557,6,5,573,41,778,2),(2558,6,6,573,41,778,2),(2559,1,1,148,142,779,2),(2560,1,2,148,142,779,2),(2561,1,3,148,142,779,2),(2562,1,4,148,142,779,2),(2563,1,5,148,142,779,2),(2564,1,6,148,142,779,2),(2565,2,1,148,142,779,2),(2566,2,2,148,142,779,2),(2567,2,5,4,2107,779,2),(2568,2,6,4,2107,779,2),(2569,3,1,59,9,779,2),(2570,3,2,59,9,779,2),(2571,3,3,573,41,779,2),(2572,3,4,573,41,779,2),(2573,3,5,2113,1369,779,2),(2574,3,6,2113,1369,779,2),(2575,4,1,2113,1369,779,2),(2576,4,2,2113,1369,779,2),(2577,4,3,148,142,779,2),(2578,4,4,148,142,779,2),(2579,4,5,313,158,779,2),(2580,4,6,313,158,779,2),(2581,5,1,313,158,779,2),(2582,5,2,313,158,779,2),(2583,5,3,313,158,779,2),(2584,5,4,313,158,779,2),(2585,5,5,313,158,779,2),(2586,5,6,313,158,779,2),(2587,6,1,165,153,779,2),(2588,6,2,165,153,779,2),(2589,6,3,2129,7,779,2),(2590,6,4,2129,7,779,2),(2591,6,5,1125,863,779,2),(2592,6,6,1125,863,779,2),(2593,7,1,2129,7,779,2),(2594,1,3,19,186,780,2),(2595,1,4,19,186,780,2),(2596,1,5,19,186,780,2),(2597,1,6,19,186,780,2),(2598,2,1,673,2142,780,2),(2599,2,2,673,2142,780,2),(2600,2,3,59,9,780,2),(2601,2,4,59,9,780,2),(2602,2,5,688,2144,780,2),(2603,2,6,688,2144,780,2),(2604,3,1,573,41,780,2),(2605,3,2,573,41,780,2),(2606,4,1,173,177,780,2),(2607,4,2,173,177,780,2),(2608,4,3,568,568,780,2),(2609,4,4,568,568,780,2),(2610,4,5,173,177,780,2),(2611,4,6,173,177,780,2),(2612,5,1,173,177,780,2),(2613,5,2,173,177,780,2),(2614,5,3,173,177,780,2),(2615,5,4,173,177,780,2),(2616,5,5,252,145,780,2),(2617,5,6,252,145,780,2),(2618,6,1,252,145,780,2),(2619,6,2,252,145,780,2),(2620,6,3,252,145,780,2),(2621,6,4,252,145,780,2),(2622,6,5,252,145,780,2),(2623,6,6,252,145,780,2),(2624,7,1,252,145,780,2),(2625,1,1,148,142,781,2),(2626,1,2,148,142,781,2),(2627,1,3,148,142,781,2),(2628,1,4,148,142,781,2),(2629,1,5,148,142,781,2),(2630,1,6,148,142,781,2),(2631,2,1,148,142,781,2),(2632,2,2,148,142,781,2),(2633,2,5,4,2107,781,2),(2634,2,6,4,2107,781,2),(2635,3,1,59,9,781,2),(2636,3,2,59,9,781,2),(2637,3,3,573,41,781,2),(2638,3,4,573,41,781,2),(2639,3,5,2113,1369,781,2),(2640,3,6,2113,1369,781,2),(2641,4,1,2113,1369,781,2),(2642,4,2,2113,1369,781,2),(2643,4,3,148,142,781,2),(2644,4,4,148,142,781,2),(2645,4,5,313,158,781,2),(2646,4,6,313,158,781,2),(2647,5,1,313,158,781,2),(2648,5,2,313,158,781,2),(2649,5,3,313,158,781,2),(2650,5,4,313,158,781,2),(2651,5,5,313,158,781,2),(2652,5,6,313,158,781,2),(2653,6,1,165,153,781,2),(2654,6,2,165,153,781,2),(2655,6,3,2129,7,781,2),(2656,6,4,2129,7,781,2),(2657,6,5,1125,863,781,2),(2658,6,6,1125,863,781,2),(2659,7,1,2129,7,781,2),(2660,1,3,19,186,782,2),(2661,1,4,19,186,782,2),(2662,1,5,19,186,782,2),(2663,1,6,19,186,782,2),(2664,2,1,342,568,782,2),(2665,2,2,342,568,782,2),(2666,2,3,342,752,782,2),(2667,2,4,342,752,782,2),(2668,2,5,489,2142,782,2),(2669,2,6,489,2142,782,2),(2670,3,1,666,2144,782,2),(2671,3,2,666,2144,782,2),(2672,3,3,59,9,782,2),(2673,3,4,59,9,782,2),(2674,4,1,573,41,782,2),(2675,4,2,573,41,782,2),(2676,5,1,173,177,782,2),(2677,5,2,173,177,782,2),(2678,5,3,173,177,782,2),(2679,5,4,173,177,782,2),(2680,5,5,173,177,782,2),(2681,5,6,173,177,782,2),(2682,6,1,173,177,782,2),(2683,6,2,173,177,782,2),(2684,6,3,252,145,782,2),(2685,6,4,252,145,782,2),(2686,6,5,252,145,782,2),(2687,6,6,252,145,782,2),(2688,7,1,252,145,782,2),(2689,1,1,3147,3147,783,2),(2690,1,2,3147,3147,783,2),(2691,1,3,4,2060,783,2),(2692,1,4,4,2060,783,2),(2693,1,5,1949,132,783,2),(2694,1,6,1949,132,783,2),(2695,2,1,1949,132,783,2),(2696,2,2,1949,132,783,2),(2697,2,3,2053,41,783,2),(2698,2,4,2053,41,783,2),(2699,2,5,1949,132,783,2),(2700,2,6,1949,132,783,2),(2701,3,1,1949,132,783,2),(2702,3,2,1949,132,783,2),(2703,3,3,1949,132,783,2),(2704,3,4,1949,132,783,2),(2705,3,5,1949,132,783,2),(2706,3,6,1949,132,783,2),(2707,4,1,1949,132,783,2),(2708,4,2,1949,132,783,2),(2709,4,3,1949,132,783,2),(2710,4,4,1949,132,783,2),(2711,4,5,1949,132,783,2),(2712,4,6,1949,132,783,2),(2713,5,1,1949,132,783,2),(2714,5,2,1949,132,783,2),(2715,5,3,3173,414,783,2),(2716,5,4,3173,414,783,2),(2717,5,5,1949,132,783,2),(2718,5,6,1949,132,783,2),(2719,6,1,172,142,783,2),(2720,6,2,172,142,783,2),(2721,6,3,172,142,783,2),(2722,6,4,172,142,783,2),(2723,6,5,172,142,783,2),(2724,6,6,172,142,783,2),(2725,7,1,172,142,783,2),(2726,1,1,4,2060,784,2),(2727,1,2,4,2060,784,2),(2728,1,3,1949,132,784,2),(2729,1,4,1949,132,784,2),(2730,1,5,1949,132,784,2),(2731,1,6,1949,132,784,2),(2732,2,1,3190,3190,784,2),(2733,2,2,3190,3190,784,2),(2734,2,3,1949,132,784,2),(2735,2,4,1949,132,784,2),(2736,2,5,1949,132,784,2),(2737,2,6,1949,132,784,2),(2738,3,1,3147,3196,784,2),(2739,3,2,3147,3196,784,2),(2740,3,3,3147,3196,784,2),(2741,3,4,3147,3196,784,2),(2742,3,5,1949,132,784,2),(2743,3,6,1949,132,784,2),(2744,4,1,1949,132,784,2),(2745,4,2,1949,132,784,2),(2746,4,3,3147,3196,784,2),(2747,4,4,3147,3196,784,2),(2748,4,5,3147,3196,784,2),(2749,4,6,3147,3196,784,2),(2750,5,1,1949,132,784,2),(2751,5,2,1949,132,784,2),(2752,5,3,1949,132,784,2),(2753,5,4,1949,132,784,2),(2754,5,5,3212,3212,784,2),(2755,5,6,3212,3212,784,2),(2756,6,1,523,523,784,2),(2757,6,2,523,523,784,2),(2758,6,3,523,523,784,2),(2759,6,4,523,523,784,2),(2760,6,5,523,523,784,2),(2761,6,6,523,523,784,2),(2762,7,1,3173,414,784,2),(2763,1,1,523,41,785,2),(2764,1,2,523,41,785,2),(2765,1,3,523,41,785,2),(2766,1,4,523,41,785,2),(2767,1,5,2600,4,785,2),(2768,1,6,2600,4,785,2),(2769,2,1,2600,4,785,2),(2770,2,2,2600,4,785,2),(2771,2,3,2600,4,785,2),(2772,2,4,2600,4,785,2),(2773,2,5,2600,4,785,2),(2774,2,6,2600,4,785,2),(2775,3,1,523,41,785,2),(2776,3,2,523,41,785,2),(2777,3,3,523,41,785,2),(2778,3,4,523,41,785,2),(2779,3,5,377,132,785,2),(2780,3,6,377,132,785,2),(2781,4,1,377,132,785,2),(2782,4,2,377,132,785,2),(2783,4,3,523,41,785,2),(2784,4,4,523,41,785,2),(2785,4,5,377,132,785,2),(2786,4,6,377,132,785,2),(2787,5,1,377,132,785,2),(2788,5,2,377,132,785,2),(2789,5,3,151,9,785,2),(2790,5,4,151,9,785,2),(2791,5,5,151,9,785,2),(2792,5,6,151,9,785,2),(2793,6,1,151,9,785,2),(2794,6,2,151,9,785,2),(2795,6,3,151,9,785,2),(2796,6,4,151,9,785,2),(2797,6,5,164,142,785,2),(2798,6,6,164,142,785,2),(2799,7,1,164,142,785,2),(2800,1,1,148,142,786,2),(2801,1,2,148,142,786,2),(2802,1,3,148,142,786,2),(2803,1,4,148,142,786,2),(2804,1,5,148,142,786,2),(2805,1,6,148,142,786,2),(2806,2,1,148,142,786,2),(2807,2,2,148,142,786,2),(2808,2,3,4,2107,786,2),(2809,2,4,4,2107,786,2),(2810,2,5,59,9,786,2),(2811,2,6,59,9,786,2),(2812,3,1,573,41,786,2),(2813,3,2,573,41,786,2),(2814,3,3,2113,1369,786,2),(2815,3,4,2113,1369,786,2),(2816,3,5,2113,1369,786,2),(2817,3,6,2113,1369,786,2),(2818,4,1,148,142,786,2),(2819,4,2,148,142,786,2),(2820,4,3,313,158,786,2),(2821,4,4,313,158,786,2),(2822,4,5,313,158,786,2),(2823,4,6,313,158,786,2),(2824,5,1,313,158,786,2),(2825,5,2,313,158,786,2),(2826,5,3,313,158,786,2),(2827,5,4,313,158,786,2),(2828,5,5,165,153,786,2),(2829,5,6,165,153,786,2),(2830,6,1,2129,7,786,2),(2831,6,2,2129,7,786,2),(2832,6,3,871,262,786,2),(2833,6,4,871,262,786,2),(2834,6,5,1125,863,786,2),(2835,6,6,1125,863,786,2),(2836,7,1,2129,7,786,2),(2837,1,3,19,186,787,2),(2838,1,4,19,186,787,2),(2839,1,5,19,186,787,2),(2840,1,6,19,186,787,2),(2841,2,1,673,2142,787,2),(2842,2,2,673,2142,787,2),(2843,2,3,666,2144,787,2),(2844,2,4,666,2144,787,2),(2845,2,5,59,9,787,2),(2846,2,6,59,9,787,2),(2847,3,1,1202,568,787,2),(2848,3,2,1202,568,787,2),(2849,3,3,573,41,787,2),(2850,3,4,573,41,787,2),(2851,4,3,173,177,787,2),(2852,4,4,173,177,787,2),(2853,4,5,173,177,787,2),(2854,4,6,173,177,787,2),(2855,5,1,173,177,787,2),(2856,5,2,173,177,787,2),(2857,5,3,173,177,787,2),(2858,5,4,173,177,787,2),(2859,5,5,252,145,787,2),(2860,5,6,252,145,787,2),(2861,6,1,252,145,787,2),(2862,6,2,252,145,787,2),(2863,6,3,252,145,787,2),(2864,6,4,252,145,787,2),(2865,6,5,252,145,787,2),(2866,6,6,252,145,787,2),(2867,7,1,252,145,787,2),(2868,1,1,1988,41,788,2),(2869,1,2,1988,41,788,2),(2870,1,3,4,2060,788,2),(2871,1,4,4,2060,788,2),(2872,1,5,126,9,788,2),(2873,1,6,126,9,788,2),(2874,2,1,126,9,788,2),(2875,2,2,126,9,788,2),(2876,2,3,126,9,788,2),(2877,2,4,126,9,788,2),(2878,2,5,2600,4,788,2),(2879,2,6,2600,4,788,2),(2880,3,1,2600,4,788,2),(2881,3,2,2600,4,788,2),(2882,3,3,2600,4,788,2),(2883,3,4,2600,4,788,2),(2884,3,5,2600,4,788,2),(2885,3,6,2600,4,788,2),(2886,4,1,4,3350,788,2),(2887,4,2,4,3350,788,2),(2888,4,3,2608,1227,788,2),(2889,4,4,2608,1227,788,2),(2890,4,5,1227,3354,788,2),(2891,4,6,1227,3354,788,2),(2892,5,1,1227,3354,788,2),(2893,5,2,1227,3354,788,2),(2894,5,3,125,132,788,2),(2895,5,4,125,132,788,2),(2896,5,5,125,132,788,2),(2897,5,6,125,132,788,2),(2898,6,1,1227,3354,788,2),(2899,6,2,1227,3354,788,2),(2900,6,3,1227,3354,788,2),(2901,6,4,1227,3354,788,2),(2902,6,5,1981,3366,788,2),(2903,6,6,1981,3366,788,2),(2904,7,1,126,9,788,2),(2905,1,1,126,9,789,2),(2906,1,2,126,9,789,2),(2907,1,3,126,9,789,2),(2908,1,4,126,9,789,2),(2909,1,5,126,9,789,2),(2910,1,6,126,9,789,2),(2911,2,1,126,9,789,2),(2912,2,2,126,9,789,2),(2913,2,3,1969,1969,789,2),(2914,2,4,1969,1969,789,2),(2915,2,5,1969,1969,789,2),(2916,2,6,1969,1969,789,2),(2917,3,1,1969,1969,789,2),(2918,3,2,1969,1969,789,2),(2919,3,3,1975,1227,789,2),(2920,3,4,1975,1227,789,2),(2921,3,5,1975,1227,789,2),(2922,3,6,1975,1227,789,2),(2923,4,1,1975,1227,789,2),(2924,4,2,1975,1227,789,2),(2925,4,3,1981,1981,789,2),(2926,4,4,1981,1981,789,2),(2927,4,5,1981,1981,789,2),(2928,4,6,1981,1981,789,2),(2929,5,1,1981,1981,789,2),(2930,5,2,1981,1981,789,2),(2931,5,3,1981,1981,789,2),(2932,5,4,1981,1981,789,2),(2933,5,5,1975,1391,789,2),(2934,5,6,1975,1391,789,2),(2935,6,1,1975,1391,789,2),(2936,6,2,1975,1391,789,2),(2937,6,3,1975,1391,789,2),(2938,6,4,1975,1391,789,2),(2939,6,5,1969,1969,789,2),(2940,6,6,1969,1969,789,2),(2941,7,1,1969,1969,789,2),(2942,1,1,1986,1986,790,2),(2943,1,2,1986,1986,790,2),(2944,1,3,1988,523,790,2),(2945,1,4,1988,523,790,2),(2946,1,5,1988,523,790,2),(2947,1,6,1988,523,790,2),(2948,2,1,1988,523,790,2),(2949,2,2,1988,523,790,2),(2950,2,3,1988,523,790,2),(2951,2,4,1988,523,790,2),(2952,2,5,126,9,790,2),(2953,2,6,126,9,790,2),(2954,3,1,126,9,790,2),(2955,3,2,126,9,790,2),(2956,3,3,126,9,790,2),(2957,3,4,126,9,790,2),(2958,3,5,126,9,790,2),(2959,3,6,126,9,790,2),(2960,4,1,1969,1969,790,2),(2961,4,2,1969,1969,790,2),(2962,4,3,1969,1969,790,2),(2963,4,4,1969,1969,790,2),(2964,4,5,1969,1969,790,2),(2965,4,6,1969,1969,790,2),(2966,5,1,1975,1227,790,2),(2967,5,2,1975,1227,790,2),(2968,5,3,1975,1227,790,2),(2969,5,4,1975,1227,790,2),(2970,5,5,1981,1981,790,2),(2971,5,6,1981,1981,790,2),(2972,6,1,1981,1981,790,2),(2973,6,2,1981,1981,790,2),(2974,6,3,1981,1981,790,2),(2975,6,4,1981,1981,790,2),(2976,6,5,1981,1981,790,2),(2977,6,6,1981,1981,790,2),(2978,7,1,2022,2022,790,2),(2979,1,1,2894,2894,791,2),(2980,1,2,2894,2894,791,2),(2981,1,3,3445,145,791,2),(2982,1,4,3445,145,791,2),(2983,1,5,3447,3447,791,2),(2984,1,6,3447,3447,791,2),(2985,2,1,3447,3447,791,2),(2986,2,2,3447,3447,791,2),(2987,2,3,3447,3447,791,2),(2988,2,4,3447,3447,791,2),(2989,2,5,3447,3447,791,2),(2990,2,6,3447,3447,791,2),(2991,3,1,3447,3447,791,2),(2992,3,2,3447,3447,791,2),(2993,3,3,102,9,791,2),(2994,3,4,102,9,791,2),(2995,3,5,3459,2302,791,2),(2996,3,6,3459,2302,791,2),(2997,4,1,3447,3461,791,2),(2998,4,2,3447,3461,791,2),(2999,4,3,3447,3461,791,2),(3000,4,4,3447,3461,791,2),(3001,4,5,3447,3461,791,2),(3002,4,6,3447,3461,791,2),(3003,5,1,3447,3461,791,2),(3004,5,2,3447,3461,791,2),(3005,5,3,3447,3447,791,2),(3006,5,4,3447,3447,791,2),(3007,6,1,2312,132,791,2),(3008,6,2,2312,132,791,2),(3009,6,3,2312,132,791,2),(3010,6,4,2312,132,791,2),(3011,6,5,2312,132,791,2),(3012,6,6,2312,132,791,2),(3013,7,1,2312,132,791,2),(3014,1,1,2894,2894,792,2),(3015,1,2,2894,2894,792,2),(3016,1,3,2894,2894,792,2),(3017,1,4,2894,2894,792,2),(3018,1,5,2894,2894,792,2),(3019,1,6,2894,2894,792,2),(3020,2,1,3486,2060,792,2),(3021,2,2,3486,2060,792,2),(3022,2,5,3490,3490,792,2),(3023,2,6,3490,3490,792,2),(3024,3,1,3490,3490,792,2),(3025,3,2,3490,3490,792,2),(3026,3,3,3490,3490,792,2),(3027,3,4,3490,3490,792,2),(3028,3,5,102,9,792,2),(3029,3,6,102,9,792,2),(3030,4,1,3459,2302,792,2),(3031,4,2,3459,2302,792,2),(3032,4,3,3447,3461,792,2),(3033,4,4,3447,3461,792,2),(3034,4,5,3447,3461,792,2),(3035,4,6,3447,3461,792,2),(3036,5,1,3447,3461,792,2),(3037,5,2,3447,3461,792,2),(3038,5,3,3447,3461,792,2),(3039,5,4,3447,3461,792,2),(3040,5,5,2894,2894,792,2),(3041,5,6,2894,2894,792,2),(3042,6,1,2894,2894,792,2),(3043,6,2,2894,2894,792,2),(3044,6,3,2894,2894,792,2),(3045,6,4,2894,2894,792,2),(3046,6,5,2894,2894,792,2),(3047,6,6,2894,2894,792,2),(3048,7,1,2894,2894,792,2),(3049,1,1,3517,9,793,2),(3050,1,2,3517,9,793,2),(3051,1,3,3517,9,793,2),(3052,1,4,3517,9,793,2),(3053,1,5,3517,9,793,2),(3054,1,6,3517,9,793,2),(3055,2,1,3517,9,793,2),(3056,2,2,3517,9,793,2),(3057,2,3,3517,9,793,2),(3058,2,4,3517,9,793,2),(3059,2,5,1969,1969,793,2),(3060,2,6,1969,1969,793,2),(3061,3,1,1969,1969,793,2),(3062,3,2,1969,1969,793,2),(3063,3,3,1969,1969,793,2),(3064,3,4,1969,1969,793,2),(3065,3,5,1975,1227,793,2),(3066,3,6,1975,1227,793,2),(3067,4,1,1975,1227,793,2),(3068,4,2,1975,1227,793,2),(3069,4,3,1975,1227,793,2),(3070,4,4,1975,1227,793,2),(3071,4,5,1981,1981,793,2),(3072,4,6,1981,1981,793,2),(3073,5,1,1981,1981,793,2),(3074,5,2,1981,1981,793,2),(3075,5,3,1981,1981,793,2),(3076,5,4,1981,1981,793,2),(3077,5,5,1981,1981,793,2),(3078,5,6,1981,1981,793,2),(3079,6,1,1975,1391,793,2),(3080,6,2,1975,1391,793,2),(3081,6,3,1975,1391,793,2),(3082,6,4,1975,1391,793,2),(3083,6,5,1975,1391,793,2),(3084,6,6,1975,1391,793,2),(3085,7,1,1969,1969,793,2),(3086,1,1,1986,1986,794,2),(3087,1,2,1986,1986,794,2),(3088,1,3,1988,523,794,2),(3089,1,4,1988,523,794,2),(3090,1,5,1988,523,794,2),(3091,1,6,1988,523,794,2),(3092,2,1,1988,523,794,2),(3093,2,2,1988,523,794,2),(3094,2,3,1988,523,794,2),(3095,2,4,1988,523,794,2),(3096,2,5,3517,9,794,2),(3097,2,6,3517,9,794,2),(3098,3,1,3517,9,794,2),(3099,3,2,3517,9,794,2),(3100,3,3,3517,9,794,2),(3101,3,4,3517,9,794,2),(3102,3,5,3517,9,794,2),(3103,3,6,3517,9,794,2),(3104,4,1,3517,9,794,2),(3105,4,2,3517,9,794,2),(3106,4,3,1969,1969,794,2),(3107,4,4,1969,1969,794,2),(3108,4,5,4,2060,794,2),(3109,4,6,4,2060,794,2),(3110,5,1,1969,1969,794,2),(3111,5,2,1969,1969,794,2),(3112,5,3,1969,1969,794,2),(3113,5,4,1969,1969,794,2),(3114,5,5,1975,1227,794,2),(3115,5,6,1975,1227,794,2),(3116,6,1,1975,1227,794,2),(3117,6,2,1975,1227,794,2),(3118,6,3,1981,1981,794,2),(3119,6,4,1981,1981,794,2),(3120,6,5,1981,1981,794,2),(3121,6,6,1981,1981,794,2),(3122,7,1,1981,1981,794,2),(3123,1,1,3591,3591,795,2),(3124,1,2,3591,3591,795,2),(3125,1,3,3593,9,795,2),(3126,1,4,3593,9,795,2),(3127,1,5,142,3147,795,2),(3128,1,6,142,3147,795,2),(3129,2,1,2781,129,795,2),(3130,2,2,2781,129,795,2),(3131,2,3,851,851,795,2),(3132,2,4,851,851,795,2),(3133,2,5,7,1219,795,2),(3134,2,6,7,1219,795,2),(3135,3,1,3603,145,795,2),(3136,3,2,3603,145,795,2),(3137,3,3,3603,145,795,2),(3138,3,4,3603,145,795,2),(3139,3,5,3603,145,795,2),(3140,3,6,3603,145,795,2),(3141,4,1,3603,145,795,2),(3142,4,2,3603,145,795,2),(3143,4,3,3603,145,795,2),(3144,4,4,3603,145,795,2),(3145,4,5,3603,145,795,2),(3146,4,6,3603,145,795,2),(3147,5,1,3591,3591,795,2),(3148,5,2,3591,3591,795,2),(3149,5,3,3591,3591,795,2),(3150,5,4,3591,3591,795,2),(3151,5,5,3591,3591,795,2),(3152,5,6,3591,3591,795,2),(3153,6,1,3591,3591,795,2),(3154,6,2,3591,3591,795,2),(3155,6,3,3591,3591,795,2),(3156,6,4,3591,3591,795,2),(3157,6,5,3625,3625,795,2),(3158,6,6,3625,3625,795,2),(3159,7,1,2053,41,795,2),(3160,1,1,4,2107,796,2),(3161,1,2,4,2107,796,2),(3162,1,5,3632,3632,796,2),(3163,1,6,3632,3632,796,2),(3164,2,1,3593,9,796,2),(3165,2,2,3593,9,796,2),(3166,2,3,3636,851,796,2),(3167,2,4,3636,851,796,2),(3168,2,5,252,145,796,2),(3169,2,6,252,145,796,2),(3170,3,1,252,145,796,2),(3171,3,2,252,145,796,2),(3172,3,3,3642,3642,796,2),(3173,3,4,3642,3642,796,2),(3174,3,5,252,145,796,2),(3175,3,6,252,145,796,2),(3176,4,1,252,145,796,2),(3177,4,2,252,145,796,2),(3178,4,3,252,145,796,2),(3179,4,4,252,145,796,2),(3180,4,5,2781,129,796,2),(3181,4,6,2781,129,796,2),(3182,5,1,2781,129,796,2),(3183,5,2,2781,129,796,2),(3184,5,3,2781,129,796,2),(3185,5,4,2781,129,796,2),(3186,5,5,3625,3625,796,2),(3187,5,6,3625,3625,796,2),(3188,6,1,2053,41,796,2),(3189,6,2,2053,41,796,2),(3190,6,3,2053,41,796,2),(3191,6,4,2053,41,796,2),(3192,6,5,2053,41,796,2),(3193,6,6,2053,41,796,2),(3194,7,1,2053,41,796,2),(3195,1,1,4,2107,797,2),(3196,1,2,4,2107,797,2),(3197,1,5,3632,3632,797,2),(3198,1,6,3632,3632,797,2),(3199,2,1,3593,9,797,2),(3200,2,2,3593,9,797,2),(3201,2,3,2791,186,797,2),(3202,2,4,2791,186,797,2),(3203,2,5,2791,186,797,2),(3204,2,6,2791,186,797,2),(3205,3,1,3636,851,797,2),(3206,3,2,3636,851,797,2),(3207,3,3,252,145,797,2),(3208,3,4,252,145,797,2),(3209,3,5,252,145,797,2),(3210,3,6,252,145,797,2),(3211,4,1,3642,3642,797,2),(3212,4,2,3642,3642,797,2),(3213,4,3,252,145,797,2),(3214,4,4,252,145,797,2),(3215,4,5,252,145,797,2),(3216,4,6,252,145,797,2),(3217,5,1,252,145,797,2),(3218,5,2,252,145,797,2),(3219,5,3,2781,129,797,2),(3220,5,4,2781,129,797,2),(3221,5,5,2781,129,797,2),(3222,5,6,2781,129,797,2),(3223,6,1,2781,129,797,2),(3224,6,2,2781,129,797,2),(3225,6,3,3625,3625,797,2),(3226,6,4,3625,3625,797,2),(3227,6,5,2053,41,797,2),(3228,6,6,2053,41,797,2),(3229,7,1,2053,41,797,2),(3230,1,1,4,2107,798,2),(3231,1,2,4,2107,798,2),(3232,1,5,3632,3632,798,2),(3233,1,6,3632,3632,798,2),(3234,2,1,3593,9,798,2),(3235,2,2,3593,9,798,2),(3236,2,3,3636,851,798,2),(3237,2,4,3636,851,798,2),(3238,2,5,252,145,798,2),(3239,2,6,252,145,798,2),(3240,3,1,252,145,798,2),(3241,3,2,252,145,798,2),(3242,3,3,3642,3642,798,2),(3243,3,4,3642,3642,798,2),(3244,3,5,252,145,798,2),(3245,3,6,252,145,798,2),(3246,4,1,252,145,798,2),(3247,4,2,252,145,798,2),(3248,4,3,252,145,798,2),(3249,4,4,252,145,798,2),(3250,4,5,2781,129,798,2),(3251,4,6,2781,129,798,2),(3252,5,1,2781,129,798,2),(3253,5,2,2781,129,798,2),(3254,5,3,2781,129,798,2),(3255,5,4,2781,129,798,2),(3256,5,5,3625,3625,798,2),(3257,5,6,3625,3625,798,2),(3258,6,1,2053,41,798,2),(3259,6,2,2053,41,798,2),(3260,6,3,2053,41,798,2),(3261,6,4,2053,41,798,2),(3262,6,5,2053,41,798,2),(3263,6,6,2053,41,798,2),(3264,7,1,2053,41,798,2),(3265,1,1,2113,1369,799,2),(3266,1,2,2113,1369,799,2),(3267,1,3,3741,407,799,2),(3268,1,4,3741,407,799,2),(3269,1,5,382,145,799,2),(3270,1,6,382,145,799,2),(3271,2,3,3747,3747,799,2),(3272,2,4,3747,3747,799,2),(3273,2,5,2649,9,799,2),(3274,2,6,2649,9,799,2),(3275,3,1,3751,19,799,2),(3276,3,2,3751,19,799,2),(3277,3,3,3753,3753,799,2),(3278,3,4,3753,3753,799,2),(3279,3,5,2781,129,799,2),(3280,3,6,2781,129,799,2),(3281,4,1,3757,132,799,2),(3282,4,2,3757,132,799,2),(3283,4,3,3757,132,799,2),(3284,4,4,3757,132,799,2),(3285,4,5,3757,132,799,2),(3286,4,6,3757,132,799,2),(3287,5,1,4,2060,799,2),(3288,5,2,4,2060,799,2),(3289,5,3,3757,132,799,2),(3290,5,4,3757,132,799,2),(3291,5,5,3757,132,799,2),(3292,5,6,3757,132,799,2),(3293,6,1,3757,132,799,2),(3294,6,2,3757,132,799,2),(3295,1,1,3625,755,800,2),(3296,1,2,3625,755,800,2),(3297,1,3,3625,3773,800,2),(3298,1,4,3625,3773,800,2),(3299,1,5,2113,1369,800,2),(3300,1,6,2113,1369,800,2),(3301,2,1,382,145,800,2),(3302,2,2,382,145,800,2),(3303,2,5,3747,3747,800,2),(3304,2,6,3747,3747,800,2),(3305,3,1,2649,9,800,2),(3306,3,2,2649,9,800,2),(3307,3,3,113,41,800,2),(3308,3,4,113,41,800,2),(3309,3,5,3753,3753,800,2),(3310,3,6,3753,3753,800,2),(3311,4,1,3789,3789,800,2),(3312,4,2,3789,3789,800,2),(3313,4,3,2781,129,800,2),(3314,4,4,2781,129,800,2),(3315,4,5,1391,1219,800,2),(3316,4,6,1391,1219,800,2),(3317,5,1,3757,132,800,2),(3318,5,2,3757,132,800,2),(3319,5,3,3757,132,800,2),(3320,5,4,3757,132,800,2),(3321,5,5,3757,132,800,2),(3322,5,6,3757,132,800,2),(3323,6,1,3757,132,800,2),(3324,6,2,3757,132,800,2),(3325,6,3,4,2060,800,2),(3326,6,4,4,2060,800,2),(3327,6,5,3757,132,800,2),(3328,6,6,3757,132,800,2),(3329,7,1,3757,132,800,2),(3330,1,1,2113,1369,801,2),(3331,1,2,2113,1369,801,2),(3332,1,3,3741,407,801,2),(3333,1,4,3741,407,801,2),(3334,1,5,382,145,801,2),(3335,1,6,382,145,801,2),(3336,2,3,3747,3747,801,2),(3337,2,4,3747,3747,801,2),(3338,2,5,2649,9,801,2),(3339,2,6,2649,9,801,2),(3340,3,1,3751,19,801,2),(3341,3,2,3751,19,801,2),(3342,3,3,2781,129,801,2),(3343,3,4,2781,129,801,2),(3344,3,5,3757,132,801,2),(3345,3,6,3757,132,801,2),(3346,4,1,3757,132,801,2),(3347,4,2,3757,132,801,2),(3348,4,3,3757,132,801,2),(3349,4,4,3757,132,801,2),(3350,4,5,4,2060,801,2),(3351,4,6,4,2060,801,2),(3352,5,1,3757,132,801,2),(3353,5,2,3757,132,801,2),(3354,5,3,3757,132,801,2),(3355,5,4,3757,132,801,2),(3356,5,5,3757,132,801,2),(3357,5,6,3757,132,801,2),(3358,1,1,1986,3838,802,2),(3359,1,2,1986,3838,802,2),(3360,1,3,1986,3838,802,2),(3361,1,4,1986,3838,802,2),(3362,1,5,1986,3838,802,2),(3363,1,6,1986,3838,802,2),(3364,2,1,1986,3838,802,2),(3365,2,2,1986,3838,802,2),(3366,2,3,1986,3838,802,2),(3367,2,4,1986,3838,802,2),(3368,2,5,1986,3838,802,2),(3369,2,6,1986,3838,802,2),(3370,3,1,3850,9,802,2),(3371,3,2,3850,9,802,2),(3372,3,3,3850,9,802,2),(3373,3,4,3850,9,802,2),(3374,3,5,1986,3838,802,2),(3375,3,6,1986,3838,802,2),(3376,4,1,1986,3838,802,2),(3377,4,2,1986,3838,802,2),(3378,4,3,2665,3858,802,2),(3379,4,4,2665,3858,802,2),(3380,4,5,2665,3858,802,2),(3381,4,6,2665,3858,802,2),(3382,5,5,1986,3838,802,2),(3383,5,6,1986,3838,802,2),(3384,6,1,1986,3838,802,2),(3385,6,2,1986,3838,802,2),(3386,6,3,2665,3858,802,2),(3387,6,4,2665,3858,802,2),(3388,6,5,2665,3858,802,2),(3389,6,6,2665,3858,802,2),(3390,7,1,3874,3874,802,2),(3391,4,3,3895,3895,803,2),(3392,4,4,3895,3895,803,2),(3393,4,5,3895,3895,803,2),(3394,4,6,3895,3895,803,2),(3395,5,5,3895,3895,803,2),(3396,5,6,3895,3895,803,2),(3397,1,3,3914,2144,804,2),(3398,1,4,3914,2144,804,2),(3399,1,5,3914,2144,804,2),(3400,1,6,3914,2144,804,2),(3401,3,3,742,3926,804,2),(3402,3,4,742,3926,804,2),(3403,3,5,4,788,804,2),(3404,3,6,4,788,804,2),(3405,4,1,489,2142,804,2),(3406,4,2,489,2142,804,2),(3407,4,3,173,177,804,2),(3408,4,4,173,177,804,2),(3409,4,5,173,177,804,2),(3410,4,6,173,177,804,2),(3411,1,1,3949,145,805,2),(3412,1,2,3949,145,805,2),(3413,1,3,3949,145,805,2),(3414,1,4,3949,145,805,2),(3415,1,5,3949,145,805,2),(3416,1,6,3949,145,805,2),(3417,2,1,3949,145,805,2),(3418,2,2,3949,145,805,2),(3419,2,3,2310,414,805,2),(3420,2,4,2310,414,805,2),(3421,2,5,2310,414,805,2),(3422,2,6,2310,414,805,2),(3423,3,1,2310,414,805,2),(3424,3,2,2310,414,805,2),(3425,3,3,3963,3963,805,2),(3426,3,4,3963,3963,805,2),(3427,3,5,2312,132,805,2),(3428,3,6,2312,132,805,2),(3429,4,1,2312,132,805,2),(3430,4,2,2312,132,805,2),(3431,4,3,2312,132,805,2),(3432,4,4,2312,132,805,2),(3433,4,5,3971,2867,805,2),(3434,4,6,3971,2867,805,2),(3435,5,1,3949,145,805,2),(3436,5,2,3949,145,805,2),(3437,5,3,3949,145,805,2),(3438,5,4,3949,145,805,2),(3439,5,5,3949,145,805,2),(3440,5,6,3949,145,805,2),(3441,6,1,2312,132,805,2),(3442,6,2,2312,132,805,2),(3443,6,3,2312,132,805,2),(3444,6,4,2312,132,805,2),(3445,6,5,2312,132,805,2),(3446,6,6,2312,132,805,2),(3447,7,1,3949,145,805,2),(3448,1,3,3914,414,806,2),(3449,1,4,3914,414,806,2),(3450,1,5,3914,2144,806,2),(3451,1,6,3914,2144,806,2),(3452,2,1,3914,2144,806,2),(3453,2,2,3914,2144,806,2),(3454,2,3,670,2142,806,2),(3455,2,4,670,2142,806,2),(3456,4,1,4,649,806,2),(3457,4,2,4,649,806,2),(3458,4,5,173,177,806,2),(3459,4,6,173,177,806,2),(3460,5,1,173,177,806,2),(3461,5,2,173,177,806,2),(3462,1,1,4,4023,807,2),(3463,1,2,4,4023,807,2),(3464,1,3,649,649,807,2),(3465,1,4,649,649,807,2),(3466,1,5,4,4027,807,2),(3467,1,6,4,4027,807,2),(3468,2,1,4029,143,807,2),(3469,2,2,4029,143,807,2),(3470,2,3,1202,568,807,2),(3471,2,4,1202,568,807,2),(3472,2,5,1202,568,807,2),(3473,2,6,1202,568,807,2),(3474,3,1,1202,568,807,2),(3475,3,2,1202,568,807,2),(3476,3,3,1202,568,807,2),(3477,3,4,1202,568,807,2),(3478,3,5,1202,568,807,2),(3479,3,6,1202,568,807,2),(3480,4,1,576,576,807,2),(3481,4,2,576,576,807,2),(3482,4,3,576,576,807,2),(3483,4,4,576,576,807,2),(3484,4,5,667,576,807,2),(3485,4,6,667,576,807,2),(3486,5,1,667,576,807,2),(3487,5,2,667,576,807,2),(3488,5,3,1202,568,807,2),(3489,5,4,1202,568,807,2),(3490,5,5,2616,945,807,2),(3491,5,6,2616,945,807,2),(3492,6,1,830,133,807,2),(3493,6,2,830,133,807,2),(3494,6,3,1123,414,807,2),(3495,6,4,1123,414,807,2),(3496,6,5,1123,414,807,2),(3497,6,6,1123,414,807,2),(3498,7,1,1123,414,807,2),(3499,1,1,4060,4023,808,2),(3500,1,2,4060,4023,808,2),(3501,1,3,4060,4062,808,2),(3502,1,4,4060,4062,808,2),(3503,1,5,3914,414,808,2),(3504,1,6,3914,414,808,2),(3505,2,1,3914,2144,808,2),(3506,2,2,3914,2144,808,2),(3507,2,3,3914,2144,808,2),(3508,2,4,3914,2144,808,2),(3509,2,5,4070,4070,808,2),(3510,2,6,4070,4070,808,2),(3511,3,1,4070,4072,808,2),(3512,3,2,4070,4072,808,2),(3513,4,3,618,2142,808,2),(3514,4,4,618,2142,808,2),(3515,4,5,173,177,808,2),(3516,4,6,173,177,808,2),(3517,5,1,173,177,808,2),(3518,5,2,173,177,808,2),(3519,1,1,4,4097,809,2),(3520,1,2,4,4097,809,2),(3521,1,3,1391,1219,809,2),(3522,1,4,1391,1219,809,2),(3523,1,5,1391,1219,809,2),(3524,1,6,1391,1219,809,2),(3525,2,1,1391,1219,809,2),(3526,2,2,1391,1219,809,2),(3527,2,3,252,145,809,2),(3528,2,4,252,145,809,2),(3529,2,5,252,145,809,2),(3530,2,6,252,145,809,2),(3531,3,1,252,145,809,2),(3532,3,2,252,145,809,2),(3533,3,3,113,41,809,2),(3534,3,4,113,41,809,2),(3535,3,5,4113,132,809,2),(3536,3,6,4113,132,809,2),(3537,4,1,4113,132,809,2),(3538,4,2,4113,132,809,2),(3539,4,3,173,417,809,2),(3540,4,4,173,417,809,2),(3541,4,5,252,145,809,2),(3542,4,6,252,145,809,2),(3543,5,1,252,145,809,2),(3544,5,2,252,145,809,2),(3545,5,3,173,417,809,2),(3546,5,4,173,417,809,2),(3547,5,5,2466,4125,809,2),(3548,5,6,2466,4125,809,2),(3549,6,1,2466,4125,809,2),(3550,6,2,2466,4125,809,2),(3551,6,3,2466,4125,809,2),(3552,6,4,2466,4125,809,2),(3553,6,5,4113,132,809,2),(3554,6,6,4113,132,809,2),(3555,7,1,4113,132,809,2),(3556,1,1,143,143,810,2),(3557,1,2,143,143,810,2),(3558,1,3,523,523,810,2),(3559,1,4,523,523,810,2),(3560,1,5,523,523,810,2),(3561,1,6,523,523,810,2),(3562,2,1,4,2060,810,2),(3563,2,2,4,2060,810,2),(3564,2,3,523,523,810,2),(3565,2,4,523,523,810,2),(3566,2,5,523,523,810,2),(3567,2,6,523,523,810,2),(3568,3,1,822,822,810,2),(3569,3,2,822,822,810,2),(3570,3,3,4148,4148,810,2),(3571,3,4,4148,4148,810,2),(3572,3,5,4148,4148,810,2),(3573,3,6,4148,4148,810,2),(3574,4,1,4148,4148,810,2),(3575,4,2,4148,4148,810,2),(3576,4,5,4148,4148,810,2),(3577,4,6,4148,4148,810,2),(3578,5,1,4148,4148,810,2),(3579,5,2,4148,4148,810,2),(3580,5,3,4148,4148,810,2),(3581,5,4,4148,4148,810,2),(3582,5,5,4148,4148,810,2),(3583,5,6,4148,4148,810,2),(3584,6,1,4148,4148,810,2),(3585,6,2,4148,4148,810,2),(3586,1,1,943,943,811,2),(3587,1,2,943,943,811,2),(3588,1,3,523,523,811,2),(3589,1,4,523,523,811,2),(3590,1,5,523,523,811,2),(3591,1,6,523,523,811,2),(3592,2,1,4,2060,811,2),(3593,2,2,4,2060,811,2),(3594,2,3,523,523,811,2),(3595,2,4,523,523,811,2),(3596,2,5,523,523,811,2),(3597,2,6,523,523,811,2),(3598,3,1,4148,4148,811,2),(3599,3,2,4148,4148,811,2),(3600,3,3,4148,4148,811,2),(3601,3,4,4148,4148,811,2),(3602,3,5,4148,4148,811,2),(3603,3,6,4148,4148,811,2),(3604,4,1,4148,4148,811,2),(3605,4,2,4148,4148,811,2),(3606,4,3,4148,4148,811,2),(3607,4,4,4148,4148,811,2),(3608,4,5,4148,4148,811,2),(3609,4,6,4148,4148,811,2),(3610,5,1,4148,4148,811,2),(3611,5,2,4148,4148,811,2),(3612,5,3,4148,4197,811,2),(3613,5,4,4148,4197,811,2),(3614,5,5,4148,4197,811,2),(3615,5,6,4148,4197,811,2),(3616,6,1,4148,4197,811,2),(3617,6,2,4148,4197,811,2),(3618,6,3,4148,4148,811,2),(3619,6,4,4148,4148,811,2),(3620,6,5,1349,1349,811,2),(3621,6,6,1349,1349,811,2),(3622,1,3,9,2072,812,2),(3623,1,4,9,2072,812,2),(3624,2,1,2522,145,812,2),(3625,2,2,2522,145,812,2),(3626,2,3,2522,145,812,2),(3627,2,4,2522,145,812,2),(3628,2,5,2522,145,812,2),(3629,2,6,2522,145,812,2),(3630,3,1,2550,2550,812,2),(3631,3,2,2550,2550,812,2),(3632,3,3,2550,2550,812,2),(3633,3,4,2550,2550,812,2),(3634,3,5,2550,2550,812,2),(3635,3,6,2550,2550,812,2),(3636,4,1,148,4226,812,2),(3637,4,2,148,4226,812,2),(3638,4,3,148,4226,812,2),(3639,4,4,148,4226,812,2),(3640,4,5,522,4230,812,2),(3641,4,6,522,4230,812,2),(3642,5,1,522,4230,812,2),(3643,5,2,522,4230,812,2),(3644,5,3,522,4230,812,2),(3645,5,4,522,4230,812,2),(3646,5,5,522,4230,812,2),(3647,5,6,522,4230,812,2),(3648,6,1,2550,2550,812,2),(3649,6,2,2550,2550,812,2),(3650,6,3,2550,2550,812,2),(3651,6,4,2550,2550,812,2),(3652,6,5,2550,2550,812,2),(3653,6,6,2550,2550,812,2),(3654,7,1,2522,145,812,2),(3655,1,1,4245,945,813,2),(3656,1,2,4245,945,813,2),(3657,1,3,4245,945,813,2),(3658,1,4,4245,945,813,2),(3659,1,5,4245,945,813,2),(3660,1,6,4245,945,813,2),(3661,2,1,9,2072,813,2),(3662,2,2,9,2072,813,2),(3663,2,5,2559,4255,813,2),(3664,2,6,2559,4255,813,2),(3665,3,1,4245,945,813,2),(3666,3,2,4245,945,813,2),(3667,3,3,4245,945,813,2),(3668,3,4,4245,945,813,2),(3669,3,5,4245,945,813,2),(3670,3,6,4245,945,813,2),(3671,4,1,4263,4263,813,2),(3672,4,2,4263,4263,813,2),(3673,4,3,4263,4263,813,2),(3674,4,4,4263,4263,813,2),(3675,4,5,4263,4263,813,2),(3676,4,6,4263,4263,813,2),(3677,5,1,4263,4263,813,2),(3678,5,2,4263,4263,813,2),(3679,5,3,148,4226,813,2),(3680,5,4,148,4226,813,2),(3681,5,5,148,4226,813,2),(3682,5,6,148,4226,813,2),(3683,6,1,4245,945,813,2),(3684,6,2,4245,945,813,2),(3685,6,3,4277,4277,813,2),(3686,6,4,4277,4277,813,2),(3687,6,5,4277,4277,813,2),(3688,6,6,4277,4277,813,2),(3689,1,1,2614,2614,814,2),(3690,1,2,2614,2614,814,2),(3691,1,3,2614,2614,814,2),(3692,1,4,2614,2614,814,2),(3693,1,5,2649,9,814,2),(3694,1,6,2649,9,814,2),(3695,2,1,2649,9,814,2),(3696,2,2,2649,9,814,2),(3697,2,3,2614,2614,814,2),(3698,2,4,2614,2614,814,2),(3699,2,5,2614,2614,814,2),(3700,2,6,2614,2614,814,2),(3701,3,1,4294,4294,814,2),(3702,3,2,4294,4294,814,2),(3703,3,3,2614,2614,814,2),(3704,3,4,2614,2614,814,2),(3705,3,5,2614,2614,814,2),(3706,3,6,2614,2614,814,2),(3707,4,1,2614,2614,814,2),(3708,4,2,2614,2614,814,2),(3709,4,3,2614,2614,814,2),(3710,4,4,2614,2614,814,2),(3711,4,5,4304,4304,814,2),(3712,4,6,4304,4304,814,2),(3713,5,1,4304,4304,814,2),(3714,5,2,4304,4304,814,2),(3715,5,3,4113,1949,814,2),(3716,5,4,4113,1949,814,2),(3717,5,5,4113,1949,814,2),(3718,5,6,4113,1949,814,2),(3719,6,1,4304,4304,814,2),(3720,6,2,4304,4304,814,2),(3721,6,3,2614,2614,814,2),(3722,6,4,2614,2614,814,2),(3723,6,5,2614,2614,814,2),(3724,6,6,2614,2614,814,2),(3725,7,1,2614,2614,814,2),(3726,1,1,4319,2060,815,2),(3727,1,2,4319,2060,815,2),(3728,1,3,2614,2614,815,2),(3729,1,4,2614,2614,815,2),(3730,1,5,2614,2614,815,2),(3731,1,6,2614,2614,815,2),(3732,2,1,2614,2614,815,2),(3733,2,2,2614,2614,815,2),(3734,2,3,2614,2614,815,2),(3735,2,4,2614,2614,815,2),(3736,3,1,2602,4331,815,2),(3737,3,2,2602,4331,815,2),(3738,3,5,2614,2614,815,2),(3739,3,6,2614,2614,815,2),(3740,4,1,2614,2614,815,2),(3741,4,2,2614,2614,815,2),(3742,4,3,4339,4339,815,2),(3743,4,4,4339,4339,815,2),(3744,4,5,2614,2614,815,2),(3745,4,6,2614,2614,815,2),(3746,5,1,2614,2614,815,2),(3747,5,2,2614,2614,815,2),(3748,5,5,4113,1949,815,2),(3749,5,6,4113,1949,815,2),(3750,6,1,4113,1949,815,2),(3751,6,2,4113,1949,815,2),(3752,6,3,4339,4339,815,2),(3753,6,4,4339,4339,815,2),(3754,6,5,4339,4339,815,2),(3755,6,6,4339,4339,815,2),(3756,7,1,2614,2614,815,2),(3757,1,1,1961,9,817,2),(3758,1,2,1961,9,817,2),(3759,1,3,1961,9,817,2),(3760,1,4,1961,9,817,2),(3761,1,5,2614,2614,817,2),(3762,1,6,2614,2614,817,2),(3763,2,1,2614,2614,817,2),(3764,2,2,2614,2614,817,2),(3765,2,3,1961,9,817,2),(3766,2,4,1961,9,817,2),(3767,2,5,2614,2614,817,2),(3768,2,6,2614,2614,817,2),(3769,3,1,2614,2614,817,2),(3770,3,2,2614,2614,817,2),(3771,3,3,4294,4294,817,2),(3772,3,4,4294,4294,817,2),(3773,3,5,2614,2614,817,2),(3774,3,6,2614,2614,817,2),(3775,4,1,2614,2614,817,2),(3776,4,2,2614,2614,817,2),(3777,4,3,2614,2614,817,2),(3778,4,4,2614,2614,817,2),(3779,4,5,2614,2614,817,2),(3780,4,6,2614,2614,817,2),(3781,5,1,4304,4304,817,2),(3782,5,2,4304,4304,817,2),(3783,5,3,4304,4304,817,2),(3784,5,4,4304,4304,817,2),(3785,5,5,4113,1949,817,2),(3786,5,6,4113,1949,817,2),(3787,6,1,4113,1949,817,2),(3788,6,2,4113,1949,817,2),(3789,6,3,4304,4304,817,2),(3790,6,4,4304,4304,817,2),(3791,6,5,2614,2614,817,2),(3792,6,6,2614,2614,817,2),(3793,7,1,2614,2614,817,2),(3794,1,1,4395,4395,818,2),(3795,1,2,4395,4395,818,2),(3796,1,3,4395,4395,818,2),(3797,1,4,4395,4395,818,2),(3798,1,5,2614,2614,818,2),(3799,1,6,2614,2614,818,2),(3800,2,1,2614,2614,818,2),(3801,2,2,2614,2614,818,2),(3802,2,3,2614,2614,818,2),(3803,2,4,2614,2614,818,2),(3804,2,5,2614,2614,818,2),(3805,2,6,2614,2614,818,2),(3806,3,1,4395,4395,818,2),(3807,3,2,4395,4395,818,2),(3808,3,3,2602,4331,818,2),(3809,3,4,2602,4331,818,2),(3810,3,5,4395,4395,818,2),(3811,3,6,4395,4395,818,2),(3812,4,1,2614,2614,818,2),(3813,4,2,2614,2614,818,2),(3814,4,3,2614,2614,818,2),(3815,4,4,2614,2614,818,2),(3816,4,5,4339,4339,818,2),(3817,4,6,4339,4339,818,2),(3818,5,1,2614,2614,818,2),(3819,5,2,2614,2614,818,2),(3820,5,3,2614,2614,818,2),(3821,5,4,2614,2614,818,2),(3822,6,1,4113,1949,818,2),(3823,6,2,4113,1949,818,2),(3824,6,3,4113,1949,818,2),(3825,6,4,4113,1949,818,2),(3826,6,5,4395,4395,818,2),(3827,6,6,4395,4395,818,2),(3828,7,1,4339,4339,818,2),(3829,1,1,742,4432,819,2),(3830,1,2,742,4432,819,2),(3831,1,3,742,4432,819,2),(3832,1,4,742,4432,819,2),(3833,1,5,3914,414,819,2),(3834,1,6,3914,414,819,2),(3835,2,1,3914,414,819,2),(3836,2,2,3914,414,819,2),(3837,2,3,742,4432,819,2),(3838,2,4,742,4432,819,2),(3839,2,5,742,4432,819,2),(3840,2,6,742,4432,819,2),(3841,3,1,742,4432,819,2),(3842,3,2,742,4432,819,2),(3843,3,3,3914,414,819,2),(3844,3,4,3914,414,819,2),(3845,3,5,3914,414,819,2),(3846,3,6,3914,414,819,2),(3847,4,1,4450,2867,819,2),(3848,4,2,4450,2867,819,2),(3849,4,3,4450,2867,819,2),(3850,4,4,4450,2867,819,2),(3851,4,5,742,4454,819,2),(3852,4,6,742,4454,819,2),(3853,5,1,742,4432,819,2),(3854,5,2,742,4432,819,2),(3855,5,3,2727,2727,819,2),(3856,5,4,2727,2727,819,2),(3857,5,5,2727,2727,819,2),(3858,5,6,2727,2727,819,2),(3859,6,1,2727,2727,819,2),(3860,6,2,2727,2727,819,2),(3861,6,3,2727,2727,819,2),(3862,6,4,2727,2727,819,2),(3863,6,5,2727,2727,819,2),(3864,6,6,2727,2727,819,2),(3865,7,1,3914,414,819,2),(3866,1,1,3747,4469,820,2),(3867,1,2,3747,4469,820,2),(3868,1,3,3747,4469,820,2),(3869,1,4,3747,4469,820,2),(3870,1,5,3747,4469,820,2),(3871,1,6,3747,4469,820,2),(3872,2,1,3914,414,820,2),(3873,2,2,3914,414,820,2),(3874,2,3,3914,414,820,2),(3875,2,4,3914,414,820,2),(3876,3,5,3914,414,820,2),(3877,3,6,3914,414,820,2),(3878,4,1,3914,414,820,2),(3879,4,2,3914,414,820,2),(3880,5,5,3747,4469,820,2),(3881,5,6,3747,4469,820,2),(3882,6,1,3747,4469,820,2),(3883,6,2,3747,4469,820,2),(3884,6,3,3747,4469,820,2),(3885,6,4,3747,4469,820,2),(3886,6,5,4479,4503,820,2),(3887,6,6,4479,4503,820,2),(3888,1,1,3747,4469,821,2),(3889,1,2,3747,4469,821,2),(3890,1,3,3747,4469,821,2),(3891,1,4,3747,4469,821,2),(3892,1,5,3747,4469,821,2),(3893,1,6,3747,4469,821,2),(3894,2,1,3914,414,821,2),(3895,2,2,3914,414,821,2),(3896,2,3,3914,414,821,2),(3897,2,4,3914,414,821,2),(3898,3,5,3914,414,821,2),(3899,3,6,3914,414,821,2),(3900,4,1,3914,414,821,2),(3901,4,2,3914,414,821,2),(3902,5,5,3747,4469,821,2),(3903,5,6,3747,4469,821,2),(3904,6,1,3747,4469,821,2),(3905,6,2,3747,4469,821,2),(3906,6,3,3747,4469,821,2),(3907,6,4,3747,4469,821,2),(3908,7,1,3914,414,821,2),(3909,1,1,1986,3838,822,2),(3910,1,2,1986,3838,822,2),(3911,1,3,1986,3838,822,2),(3912,1,4,1986,3838,822,2),(3913,1,5,1986,3838,822,2),(3914,1,6,1986,3838,822,2),(3915,2,1,1986,3838,822,2),(3916,2,2,1986,3838,822,2),(3917,2,3,1986,3838,822,2),(3918,2,4,1986,3838,822,2),(3919,2,5,1986,3838,822,2),(3920,2,6,1986,3838,822,2),(3921,3,1,1949,1949,822,2),(3922,3,2,1949,1949,822,2),(3923,3,3,1949,1949,822,2),(3924,3,4,1949,1949,822,2),(3925,3,5,3850,9,822,2),(3926,3,6,3850,9,822,2),(3927,4,1,3850,9,822,2),(3928,4,2,3850,9,822,2),(3929,4,3,1949,1949,822,2),(3930,4,4,1949,1949,822,2),(3931,4,5,1949,1949,822,2),(3932,4,6,1949,1949,822,2),(3933,5,1,1986,3838,822,2),(3934,5,2,1986,3838,822,2),(3935,5,3,1986,3838,822,2),(3936,5,4,1986,3838,822,2),(3937,5,5,2665,3858,822,2),(3938,5,6,2665,3858,822,2),(3939,6,1,2665,3858,822,2),(3940,6,2,2665,3858,822,2),(3941,6,3,1949,1949,822,2),(3942,6,4,1949,1949,822,2),(3943,6,5,1949,1949,822,2),(3944,6,6,1949,1949,822,2),(3945,1,1,4580,2814,823,2),(3946,1,2,4580,2814,823,2),(3947,1,3,4582,145,823,2),(3948,1,4,4582,145,823,2),(3949,1,5,4582,145,823,2),(3950,1,6,4582,145,823,2),(3951,2,1,2781,129,823,2),(3952,2,2,2781,129,823,2),(3953,2,3,2781,129,823,2),(3954,2,4,2781,129,823,2),(3955,2,5,822,4590,823,2),(3956,2,6,822,4590,823,2),(3957,3,1,239,9,823,2),(3958,3,2,239,9,823,2),(3959,3,3,2312,3591,823,2),(3960,3,4,2312,3591,823,2),(3961,3,5,2312,3591,823,2),(3962,3,6,2312,3591,823,2),(3963,4,1,2312,3591,823,2),(3964,4,2,2312,3591,823,2),(3965,4,3,4600,2727,823,2),(3966,4,4,4600,2727,823,2),(3967,4,5,2310,414,823,2),(3968,4,6,2310,414,823,2),(3969,5,1,2312,3591,823,2),(3970,5,2,2312,3591,823,2),(3971,5,3,2312,3591,823,2),(3972,5,4,2312,3591,823,2),(3973,5,5,4608,4608,823,2),(3974,5,6,4608,4608,823,2),(3975,6,3,1981,822,823,2),(3976,6,4,1981,822,823,2),(3977,6,5,4614,4614,823,2),(3978,6,6,4614,4614,823,2),(3979,7,1,2550,4616,823,2),(3980,1,1,4580,2814,824,2),(3981,1,2,4580,2814,824,2),(3982,1,3,2550,4616,824,2),(3983,1,4,2550,4616,824,2),(3984,1,5,2550,4616,824,2),(3985,1,6,2550,4616,824,2),(3986,2,1,4623,4623,824,2),(3987,2,2,4623,4623,824,2),(3988,2,3,2550,4616,824,2),(3989,2,4,2550,4616,824,2),(3990,2,5,2550,4616,824,2),(3991,2,6,2550,4616,824,2),(3992,3,1,239,9,824,2),(3993,3,2,239,9,824,2),(3994,3,3,2550,4616,824,2),(3995,3,4,2550,4616,824,2),(3996,3,5,2550,4616,824,2),(3997,3,6,2550,4616,824,2),(3998,5,1,3747,4469,824,2),(3999,5,2,3747,4469,824,2),(4000,5,3,3747,4469,824,2),(4001,5,4,3747,4469,824,2),(4002,5,5,3747,4469,824,2),(4003,5,6,3747,4469,824,2),(4004,6,1,3747,4469,824,2),(4005,6,2,3747,4469,824,2),(4006,6,3,3747,4469,824,2),(4007,6,4,3747,4469,824,2),(4008,6,5,3747,4469,824,2),(4009,6,6,3747,4469,824,2),(4010,7,1,3747,4469,824,2),(4011,1,1,4580,2814,825,2),(4012,1,2,4580,2814,825,2),(4013,1,3,4656,145,825,2),(4014,1,4,4656,145,825,2),(4015,1,5,4656,145,825,2),(4016,1,6,4656,145,825,2),(4017,2,1,2781,129,825,2),(4018,2,2,2781,129,825,2),(4019,2,3,2781,129,825,2),(4020,2,4,2781,129,825,2),(4021,2,5,4656,145,825,2),(4022,2,6,4656,145,825,2),(4023,3,1,4656,145,825,2),(4024,3,2,4656,145,825,2),(4025,3,3,4656,145,825,2),(4026,3,4,4656,145,825,2),(4027,3,5,4656,145,825,2),(4028,3,6,4656,145,825,2),(4029,4,1,2312,3591,825,2),(4030,4,2,2312,3591,825,2),(4031,4,3,2312,3591,825,2),(4032,4,4,2312,3591,825,2),(4033,4,5,2312,3591,825,2),(4034,4,6,2312,3591,825,2),(4035,5,1,2310,414,825,2),(4036,5,2,2310,414,825,2),(4037,5,3,2310,414,825,2),(4038,5,4,2310,414,825,2),(4039,5,5,2310,414,825,2),(4040,5,6,2310,414,825,2),(4041,6,1,2310,414,825,2),(4042,6,2,2310,414,825,2),(4043,6,3,2310,414,825,2),(4044,6,4,2310,414,825,2),(4045,6,5,3625,4688,825,2),(4046,6,6,3625,4688,825,2),(4047,1,1,4,4097,826,2),(4048,1,2,4,4097,826,2),(4049,1,3,4,4693,826,2),(4050,1,4,4,4693,826,2),(4051,1,5,3914,2144,826,2),(4052,1,6,3914,2144,826,2),(4053,2,1,3914,2144,826,2),(4054,2,2,3914,2144,826,2),(4055,3,3,4,735,826,2),(4056,3,4,4,735,826,2),(4057,3,5,173,177,826,2),(4058,3,6,173,177,826,2),(4059,4,1,173,177,826,2),(4060,4,2,173,177,826,2),(4061,6,5,576,576,826,2),(4062,6,6,576,576,826,2),(4063,7,1,3914,2144,826,2),(4064,1,1,4,4097,827,2),(4065,1,2,4,4097,827,2),(4066,1,3,4,4693,827,2),(4067,1,4,4,4693,827,2),(4068,1,5,573,945,827,2),(4069,1,6,573,945,827,2),(4070,2,1,4029,143,827,2),(4071,2,2,4029,143,827,2),(4072,2,3,1202,568,827,2),(4073,2,4,1202,568,827,2),(4074,2,5,1202,568,827,2),(4075,2,6,1202,568,827,2),(4076,3,1,1202,568,827,2),(4077,3,2,1202,568,827,2),(4078,3,3,4742,4742,827,2),(4079,3,4,4742,4742,827,2),(4080,3,5,1202,568,827,2),(4081,3,6,1202,568,827,2),(4082,4,1,1202,568,827,2),(4083,4,2,1202,568,827,2),(4084,4,3,1131,1131,827,2),(4085,4,4,1131,1131,827,2),(4086,4,5,4,735,827,2),(4087,4,6,4,735,827,2),(4088,5,1,576,576,827,2),(4089,5,2,576,576,827,2),(4090,5,3,576,576,827,2),(4091,5,4,576,576,827,2),(4092,5,5,1031,4756,827,2),(4093,5,6,1031,4756,827,2),(4094,6,1,667,576,827,2),(4095,6,2,667,576,827,2),(4096,6,3,667,576,827,2),(4097,6,4,667,576,827,2),(4098,6,5,1202,568,827,2),(4099,6,6,1202,568,827,2),(4100,7,1,1123,414,827,2),(4101,1,3,3914,414,828,2),(4102,1,4,3914,414,828,2),(4103,1,5,3914,2144,828,2),(4104,1,6,3914,2144,828,2),(4105,2,1,3914,2144,828,2),(4106,2,2,3914,2144,828,2),(4107,2,3,3914,2144,828,2),(4108,2,4,3914,2144,828,2),(4109,2,5,577,577,828,2),(4110,2,6,577,577,828,2),(4111,4,1,3914,2144,828,2),(4112,4,2,3914,2144,828,2),(4113,4,3,3914,2144,828,2),(4114,4,4,3914,2144,828,2),(4115,4,5,673,2142,828,2),(4116,4,6,673,2142,828,2),(4117,5,1,173,177,828,2),(4118,5,2,173,177,828,2),(4119,5,3,173,177,828,2),(4120,5,4,173,177,828,2),(4121,1,1,1232,1232,829,2),(4122,1,2,1232,1232,829,2),(4123,1,3,4,4023,829,2),(4124,1,4,4,4023,829,2),(4125,1,5,1202,568,829,2),(4126,1,6,1202,568,829,2),(4127,2,1,1202,568,829,2),(4128,2,2,1202,568,829,2),(4129,2,3,1202,568,829,2),(4130,2,4,1202,568,829,2),(4131,2,5,1202,568,829,2),(4132,2,6,1202,568,829,2),(4133,3,1,1202,568,829,2),(4134,3,2,1202,568,829,2),(4135,3,3,576,576,829,2),(4136,3,4,576,576,829,2),(4137,3,5,576,576,829,2),(4138,3,6,576,576,829,2),(4139,4,1,576,576,829,2),(4140,4,2,576,576,829,2),(4141,4,3,576,576,829,2),(4142,4,4,576,576,829,2),(4143,4,5,975,133,829,2),(4144,4,6,975,133,829,2),(4145,5,1,1202,568,829,2),(4146,5,2,1202,568,829,2),(4147,5,3,2616,945,829,2),(4148,5,4,2616,945,829,2),(4149,6,1,1123,414,829,2),(4150,6,2,1123,414,829,2),(4151,6,3,1123,414,829,2),(4152,6,4,1123,414,829,2),(4153,6,5,1123,414,829,2),(4154,6,6,1123,414,829,2),(4155,7,1,1123,414,829,2),(4156,1,1,1232,1232,830,2),(4157,1,2,1232,1232,830,2),(4158,1,3,4,4023,830,2),(4159,1,4,4,4023,830,2),(4160,1,5,1202,568,830,2),(4161,1,6,1202,568,830,2),(4162,2,1,1202,568,830,2),(4163,2,2,1202,568,830,2),(4164,2,3,1202,568,830,2),(4165,2,4,1202,568,830,2),(4166,2,5,1202,568,830,2),(4167,2,6,1202,568,830,2),(4168,3,1,1202,568,830,2),(4169,3,2,1202,568,830,2),(4170,3,3,576,576,830,2),(4171,3,4,576,576,830,2),(4172,3,5,576,576,830,2),(4173,3,6,576,576,830,2),(4174,4,1,576,576,830,2),(4175,4,2,576,576,830,2),(4176,4,3,576,576,830,2),(4177,4,4,576,576,830,2),(4178,4,5,975,133,830,2),(4179,4,6,975,133,830,2),(4180,5,1,1202,568,830,2),(4181,5,2,1202,568,830,2),(4182,5,3,2616,945,830,2),(4183,5,4,2616,945,830,2),(4184,6,1,1123,414,830,2),(4185,6,2,1123,414,830,2),(4186,6,3,1123,414,830,2),(4187,6,4,1123,414,830,2),(4188,6,5,1123,414,830,2),(4189,6,6,1123,414,830,2),(4190,7,1,1123,414,830,2),(4191,1,3,3914,2144,831,2),(4192,1,4,3914,2144,831,2),(4193,1,5,3914,2144,831,2),(4194,1,6,3914,2144,831,2),(4195,2,1,675,752,831,2),(4196,2,2,675,752,831,2),(4197,3,3,489,2142,831,2),(4198,3,4,489,2142,831,2),(4199,3,5,173,177,831,2),(4200,3,6,173,177,831,2),(4201,4,1,173,177,831,2),(4202,4,2,173,177,831,2),(4203,6,5,576,576,831,2),(4204,6,6,576,576,831,2),(4205,7,1,3914,2144,831,2),(4206,1,1,568,1208,832,2),(4207,1,2,568,1208,832,2),(4208,1,3,2608,4590,832,2),(4209,1,4,2608,4590,832,2),(4210,1,5,2608,4590,832,2),(4211,1,6,2608,4590,832,2),(4212,2,1,573,945,832,2),(4213,2,2,573,945,832,2),(4214,2,3,4029,143,832,2),(4215,2,4,4029,143,832,2),(4216,2,5,1202,568,832,2),(4217,2,6,1202,568,832,2),(4218,3,1,1202,568,832,2),(4219,3,2,1202,568,832,2),(4220,3,3,1202,568,832,2),(4221,3,4,1202,568,832,2),(4222,4,1,849,835,832,2),(4223,4,2,849,835,832,2),(4224,4,3,1202,568,832,2),(4225,4,4,1202,568,832,2),(4226,4,5,1202,568,832,2),(4227,4,6,1202,568,832,2),(4228,5,1,576,576,832,2),(4229,5,2,576,576,832,2),(4230,5,3,576,576,832,2),(4231,5,4,576,576,832,2),(4232,5,5,667,576,832,2),(4233,5,6,667,576,832,2),(4234,6,1,667,576,832,2),(4235,6,2,667,576,832,2),(4236,6,3,1202,568,832,2),(4237,6,4,1202,568,832,2),(4238,6,5,1123,414,832,2),(4239,6,6,1123,414,832,2),(4240,7,1,1123,414,832,2),(4241,1,1,3147,3196,833,2),(4242,1,2,3147,3196,833,2),(4243,1,3,2055,132,833,2),(4244,1,4,2055,132,833,2),(4245,1,5,3147,3196,833,2),(4246,1,6,3147,3196,833,2),(4247,2,1,2055,132,833,2),(4248,2,2,2055,132,833,2),(4249,2,5,2055,132,833,2),(4250,2,6,2055,132,833,2),(4251,3,1,2055,132,833,2),(4252,3,2,2055,132,833,2),(4253,3,3,3147,3196,833,2),(4254,3,4,3147,3196,833,2),(4255,3,5,3147,3196,833,2),(4256,3,6,3147,3196,833,2),(4257,4,1,129,129,833,2),(4258,4,2,129,129,833,2),(4259,4,3,129,129,833,2),(4260,4,4,129,129,833,2),(4261,4,5,3173,414,833,2),(4262,4,6,3173,414,833,2),(4263,5,1,3173,414,833,2),(4264,5,2,3173,414,833,2),(4265,5,3,3173,414,833,2),(4266,5,4,3173,414,833,2),(4267,5,5,3173,414,833,2),(4268,5,6,3173,414,833,2),(4269,6,1,822,822,833,2),(4270,6,2,822,822,833,2),(4271,6,3,129,129,833,2),(4272,6,4,129,129,833,2),(4273,6,5,129,4984,833,2),(4274,6,6,129,4984,833,2),(4275,7,1,2055,132,833,2),(4276,1,1,4,4987,834,2),(4277,1,2,4,4987,834,2),(4278,1,3,2055,132,834,2),(4279,1,4,2055,132,834,2),(4280,1,5,2055,132,834,2),(4281,1,6,2055,132,834,2),(4282,2,1,2055,132,834,2),(4283,2,2,2055,132,834,2),(4284,2,3,2055,132,834,2),(4285,2,4,2055,132,834,2),(4286,2,5,3173,414,834,2),(4287,2,6,3173,414,834,2),(4288,3,1,3173,414,834,2),(4289,3,2,3173,414,834,2),(4290,3,3,3173,414,834,2),(4291,3,4,3173,414,834,2),(4292,3,5,3173,414,834,2),(4293,3,6,3173,414,834,2),(4294,4,1,2055,132,834,2),(4295,4,2,2055,132,834,2),(4296,4,3,5007,5007,834,2),(4297,4,4,5007,5007,834,2),(4298,4,5,5007,5007,834,2),(4299,4,6,5007,5007,834,2),(4300,5,1,5007,5007,834,2),(4301,5,2,5007,5007,834,2),(4302,5,3,5007,5007,834,2),(4303,5,4,5007,5007,834,2),(4304,5,5,5007,5007,834,2),(4305,5,6,5007,5007,834,2),(4306,6,1,5007,5007,834,2),(4307,6,2,5007,5007,834,2),(4308,6,3,2600,4,834,2),(4309,6,4,2600,4,834,2),(4310,6,5,5007,5007,834,2),(4311,6,6,5007,5007,834,2),(4312,7,1,5007,5007,834,2),(4313,1,1,4,2060,835,2),(4314,1,2,4,2060,835,2),(4315,2,1,5030,5030,835,2),(4316,2,2,5030,5030,835,2),(4317,2,3,5030,5030,835,2),(4318,2,4,5030,5030,835,2),(4319,2,5,414,414,835,2),(4320,2,6,414,414,835,2),(4321,3,5,5040,945,835,2),(4322,3,6,5040,945,835,2),(4323,4,1,5040,945,835,2),(4324,4,2,5040,945,835,2),(4325,4,3,5030,5030,835,2),(4326,4,4,5030,5030,835,2),(4327,4,5,5030,5030,835,2),(4328,4,6,5030,5030,835,2),(4329,5,1,5030,5030,835,2),(4330,5,2,5030,5030,835,2),(4331,5,3,5030,5030,835,2),(4332,5,4,5030,5030,835,2),(4333,5,5,5030,5030,835,2),(4334,5,6,5030,5030,835,2),(4335,6,1,5054,5054,835,2),(4336,6,2,5054,5054,835,2),(4337,6,3,5054,5054,835,2),(4338,6,4,5054,5054,835,2),(4339,6,5,5054,5054,835,2),(4340,6,6,5054,5054,835,2),(4341,7,1,5040,945,835,2),(4342,1,1,151,2072,836,2),(4343,1,2,151,2072,836,2),(4344,1,3,151,2072,836,2),(4345,1,4,151,2072,836,2),(4346,1,5,151,2072,836,2),(4347,1,6,151,2072,836,2),(4348,2,1,4,4987,836,2),(4349,2,2,4,4987,836,2),(4350,2,3,5030,5030,836,2),(4351,2,4,5030,5030,836,2),(4352,2,5,5030,5030,836,2),(4353,2,6,5030,5030,836,2),(4354,4,5,5083,1247,836,2),(4355,4,6,5083,1247,836,2),(4356,5,1,5083,1247,836,2),(4357,5,2,5083,1247,836,2),(4358,5,3,5083,1247,836,2),(4359,5,4,5083,1247,836,2),(4360,6,3,5030,5030,836,2),(4361,6,4,5030,5030,836,2),(4362,6,5,5030,5030,836,2),(4363,6,6,5030,5030,836,2),(4364,1,3,3914,414,837,2),(4365,1,4,3914,414,837,2),(4366,1,5,3914,2144,837,2),(4367,1,6,3914,2144,837,2),(4368,2,1,3914,2144,837,2),(4369,2,2,3914,2144,837,2),(4370,4,1,673,2142,837,2),(4371,4,2,673,2142,837,2),(4372,4,3,173,177,837,2),(4373,4,4,173,177,837,2),(4374,4,5,1981,3366,837,2),(4375,4,6,1981,3366,837,2),(4376,5,1,173,177,837,2),(4377,5,2,173,177,837,2),(4378,5,3,1981,3366,837,2),(4379,5,4,1981,3366,837,2),(4380,1,1,4,4023,838,2),(4381,1,2,4,4023,838,2),(4382,1,3,682,682,838,2),(4383,1,4,682,682,838,2),(4384,2,1,682,566,838,2),(4385,2,2,682,566,838,2),(4386,2,3,573,945,838,2),(4387,2,4,573,945,838,2),(4388,2,5,4029,143,838,2),(4389,2,6,4029,143,838,2),(4390,3,1,1202,568,838,2),(4391,3,2,1202,568,838,2),(4392,3,3,1202,568,838,2),(4393,3,4,1202,568,838,2),(4394,3,5,1202,568,838,2),(4395,3,6,1202,568,838,2),(4396,4,3,1202,568,838,2),(4397,4,4,1202,568,838,2),(4398,4,5,1202,568,838,2),(4399,4,6,1202,568,838,2),(4400,5,1,576,576,838,2),(4401,5,2,576,576,838,2),(4402,5,3,576,576,838,2),(4403,5,4,576,576,838,2),(4404,5,5,667,576,838,2),(4405,5,6,667,576,838,2),(4406,6,1,667,576,838,2),(4407,6,2,667,576,838,2),(4408,6,3,1202,568,838,2),(4409,6,4,1202,568,838,2),(4410,7,1,1123,414,838,2),(4411,1,5,1981,822,839,2),(4412,1,6,1981,822,839,2),(4413,2,1,1981,822,839,2),(4414,2,2,1981,822,839,2),(4415,2,3,1981,822,839,2),(4416,2,4,1981,822,839,2),(4417,2,5,1981,5182,839,2),(4418,2,6,1981,5182,839,2),(4419,5,3,5198,5198,839,2),(4420,5,4,5198,5198,839,2),(4421,5,5,5200,1919,839,2),(4422,5,6,5200,1919,839,2),(4423,6,1,5200,1919,839,2),(4424,6,2,5200,1919,839,2),(4425,6,3,1981,822,839,2),(4426,6,4,1981,822,839,2),(4427,6,5,1981,822,839,2),(4428,6,6,1981,822,839,2),(4429,7,1,2608,5208,839,2),(4430,1,1,5209,5209,840,2),(4431,1,2,5209,5209,840,2),(4432,1,3,5209,5209,840,2),(4433,1,4,5209,5209,840,2),(4434,1,5,5209,5209,840,2),(4435,1,6,5209,5209,840,2),(4436,2,1,5215,5215,840,2),(4437,2,2,5215,5215,840,2),(4438,2,3,5215,5215,840,2),(4439,2,4,5215,5215,840,2),(4440,2,5,5209,5209,840,2),(4441,2,6,5209,5209,840,2),(4442,3,1,5215,5215,840,2),(4443,3,2,5215,5215,840,2),(4444,3,3,5215,5215,840,2),(4445,3,4,5215,5215,840,2),(4446,3,5,5200,5225,840,2),(4447,3,6,5200,5225,840,2),(4448,4,1,5200,5225,840,2),(4449,4,2,5200,5225,840,2),(4450,4,3,5200,5225,840,2),(4451,4,4,5200,5225,840,2),(4452,4,5,5200,5225,840,2),(4453,4,6,5200,5225,840,2),(4454,5,1,5200,5225,840,2),(4455,5,2,5200,5225,840,2),(4456,5,3,1986,5235,840,2),(4457,5,4,1986,5235,840,2),(4458,5,5,5237,5237,840,2),(4459,5,6,5237,5237,840,2),(4460,6,1,5237,5237,840,2),(4461,6,2,5237,5237,840,2),(4462,6,3,5237,5237,840,2),(4463,6,4,5237,5237,840,2),(4464,6,5,5243,5243,840,2),(4465,6,6,5243,5243,840,2),(4466,7,1,5237,5237,840,2),(4467,1,1,1986,3838,841,2),(4468,1,2,1986,3838,841,2),(4469,1,3,1986,3838,841,2),(4470,1,4,1986,3838,841,2),(4471,1,5,1986,3838,841,2),(4472,1,6,1986,3838,841,2),(4473,2,1,1986,3838,841,2),(4474,2,2,1986,3838,841,2),(4475,2,3,1986,3838,841,2),(4476,2,4,1986,3838,841,2),(4477,2,5,1986,3838,841,2),(4478,2,6,1986,3838,841,2),(4479,3,1,1949,1949,841,2),(4480,3,2,1949,1949,841,2),(4481,3,3,1949,1949,841,2),(4482,3,4,1949,1949,841,2),(4483,3,5,3850,9,841,2),(4484,3,6,3850,9,841,2),(4485,4,1,3850,9,841,2),(4486,4,2,3850,9,841,2),(4487,4,3,1949,1949,841,2),(4488,4,4,1949,1949,841,2),(4489,4,5,1949,1949,841,2),(4490,4,6,1949,1949,841,2),(4491,5,1,1986,3838,841,2),(4492,5,2,1986,3838,841,2),(4493,5,3,1986,3838,841,2),(4494,5,4,1986,3838,841,2),(4495,5,5,2665,3858,841,2),(4496,5,6,2665,3858,841,2),(4497,6,1,2665,3858,841,2),(4498,6,2,2665,3858,841,2),(4499,6,3,1949,1949,841,2),(4500,6,4,1949,1949,841,2),(4501,6,5,1949,1949,841,2),(4502,6,6,1949,1949,841,2),(4503,4,1,5301,5301,842,2),(4504,4,2,5301,5301,842,2),(4505,6,5,1949,5317,842,2),(4506,6,6,1949,5317,842,2),(4507,7,1,1949,5317,842,2),(4508,1,1,2894,2894,843,2),(4509,1,2,2894,2894,843,2),(4510,1,3,2894,2894,843,2),(4511,1,4,2894,2894,843,2),(4512,1,5,2894,2894,843,2),(4513,1,6,2894,2894,843,2),(4514,2,1,2894,2894,843,2),(4515,2,2,2894,2894,843,2),(4516,2,5,5330,143,843,2),(4517,2,6,5330,143,843,2),(4518,3,1,523,523,843,2),(4519,3,2,523,523,843,2),(4520,3,3,523,523,843,2),(4521,3,4,523,523,843,2),(4522,3,5,523,523,843,2),(4523,3,6,523,523,843,2),(4524,4,1,3486,5338,843,2),(4525,4,2,3486,5338,843,2),(4526,4,5,2894,2894,843,2),(4527,4,6,2894,2894,843,2),(4528,5,1,2894,2894,843,2),(4529,5,2,2894,2894,843,2),(4530,5,3,2894,2894,843,2),(4531,5,4,2894,2894,843,2),(4532,6,3,2894,2894,843,2),(4533,6,4,2894,2894,843,2),(4534,1,3,5330,143,844,2),(4535,1,4,5330,143,844,2),(4536,1,5,5330,143,844,2),(4537,1,6,5330,143,844,2),(4538,2,1,5330,143,844,2),(4539,2,2,5330,143,844,2),(4540,2,3,3486,5338,844,2),(4541,2,4,3486,5338,844,2),(4542,2,5,3486,5367,844,2),(4543,2,6,3486,5367,844,2),(4544,3,1,3486,5367,844,2),(4545,3,2,3486,5367,844,2),(4546,4,5,5330,143,844,2),(4547,4,6,5330,143,844,2),(4548,5,1,5381,5381,844,2),(4549,5,2,5381,5381,844,2),(4550,5,3,5381,5381,844,2),(4551,5,4,5381,5381,844,2),(4552,6,1,5381,5381,844,2),(4553,6,2,5381,5381,844,2),(4554,6,3,5381,5381,844,2),(4555,6,4,5381,5381,844,2),(4556,6,5,5381,5381,844,2),(4557,6,6,5381,5381,844,2),(4558,1,1,1986,3838,845,2),(4559,1,2,1986,3838,845,2),(4560,1,3,1986,3838,845,2),(4561,1,4,1986,3838,845,2),(4562,1,5,5398,2060,845,2),(4563,1,6,5398,2060,845,2),(4564,2,1,1986,3838,845,2),(4565,2,2,1986,3838,845,2),(4566,2,3,1986,3838,845,2),(4567,2,4,1986,3838,845,2),(4568,2,5,1986,3838,845,2),(4569,2,6,1986,3838,845,2),(4570,3,1,1986,3838,845,2),(4571,3,2,1986,3838,845,2),(4572,3,3,1949,1949,845,2),(4573,3,4,1949,1949,845,2),(4574,3,5,1949,1949,845,2),(4575,3,6,1949,1949,845,2),(4576,4,1,3850,9,845,2),(4577,4,2,3850,9,845,2),(4578,4,3,3850,9,845,2),(4579,4,4,3850,9,845,2),(4580,4,5,1949,1949,845,2),(4581,4,6,1949,1949,845,2),(4582,5,1,1949,1949,845,2),(4583,5,2,1949,1949,845,2),(4584,5,3,1986,3838,845,2),(4585,5,4,1986,3838,845,2),(4586,5,5,1986,3838,845,2),(4587,5,6,1986,3838,845,2),(4588,6,1,2665,3858,845,2),(4589,6,2,2665,3858,845,2),(4590,6,3,2665,3858,845,2),(4591,6,4,2665,3858,845,2),(4592,6,5,1949,1949,845,2),(4593,6,6,1949,1949,845,2),(4594,7,1,1949,1949,845,2),(4595,1,5,5398,4987,846,2),(4596,1,6,5398,4987,846,2),(4597,4,3,5451,5451,846,2),(4598,4,4,5451,5451,846,2),(4599,7,1,1949,5317,846,2),(4600,1,1,5468,5468,847,2),(4601,1,2,5468,5468,847,2),(4602,1,3,5470,2107,847,2),(4603,1,4,5470,2107,847,2),(4604,1,5,5472,3591,847,2),(4605,1,6,5472,3591,847,2),(4606,2,1,5472,3591,847,2),(4607,2,2,5472,3591,847,2),(4608,2,3,5472,3591,847,2),(4609,2,4,5472,3591,847,2),(4610,2,5,5472,3591,847,2),(4611,2,6,5472,3591,847,2),(4612,3,1,4263,5480,847,2),(4613,3,2,4263,5480,847,2),(4614,3,3,4263,5480,847,2),(4615,3,4,4263,5480,847,2),(4616,3,5,5472,3591,847,2),(4617,3,6,5472,3591,847,2),(4618,4,1,4263,5480,847,2),(4619,4,2,4263,5480,847,2),(4620,4,3,5488,2302,847,2),(4621,4,4,5488,2302,847,2),(4622,4,5,5488,2302,847,2),(4623,4,6,5488,2302,847,2),(4624,5,1,5488,2302,847,2),(4625,5,2,5488,2302,847,2),(4626,5,3,5488,2302,847,2),(4627,5,4,5488,2302,847,2),(4628,5,5,2600,4,847,2),(4629,5,6,2600,4,847,2),(4630,6,1,2600,4,847,2),(4631,6,2,2600,4,847,2),(4632,6,3,2600,4,847,2),(4633,6,4,2600,4,847,2),(4634,6,5,2600,4,847,2),(4635,6,6,2600,4,847,2),(4636,1,1,5237,822,848,2),(4637,1,2,5237,822,848,2),(4638,1,3,5472,3591,848,2),(4639,1,4,5472,3591,848,2),(4640,1,5,5472,3591,848,2),(4641,1,6,5472,3591,848,2),(4642,2,1,5472,3591,848,2),(4643,2,2,5472,3591,848,2),(4644,2,3,5472,3591,848,2),(4645,2,4,5472,3591,848,2),(4646,2,5,4263,5480,848,2),(4647,2,6,4263,5480,848,2),(4648,3,1,4263,5480,848,2),(4649,3,2,4263,5480,848,2),(4650,3,3,5472,3591,848,2),(4651,3,4,5472,3591,848,2),(4652,3,5,4263,5480,848,2),(4653,3,6,4263,5480,848,2),(4654,4,1,3642,3642,848,2),(4655,4,2,3642,3642,848,2),(4656,4,3,3642,3642,848,2),(4657,4,4,3642,3642,848,2),(4658,4,5,3642,3642,848,2),(4659,4,6,3642,3642,848,2),(4660,5,1,3642,3642,848,2),(4661,5,2,3642,3642,848,2),(4662,5,3,3636,851,848,2),(4663,5,4,3636,851,848,2),(4664,5,5,3636,851,848,2),(4665,5,6,3636,851,848,2),(4666,6,3,3636,5537,848,2),(4667,6,4,3636,5537,848,2),(4668,6,5,5539,851,848,2),(4669,6,6,5539,851,848,2),(4670,7,1,5539,851,848,2),(4671,1,1,5237,822,849,2),(4672,1,2,5237,822,849,2),(4673,1,3,5472,3591,849,2),(4674,1,4,5472,3591,849,2),(4675,1,5,5472,3591,849,2),(4676,1,6,5472,3591,849,2),(4677,2,1,5472,3591,849,2),(4678,2,2,5472,3591,849,2),(4679,2,3,5472,3591,849,2),(4680,2,4,5472,3591,849,2),(4681,2,5,4263,5480,849,2),(4682,2,6,4263,5480,849,2),(4683,3,1,4263,5480,849,2),(4684,3,2,4263,5480,849,2),(4685,3,3,5472,3591,849,2),(4686,3,4,5472,3591,849,2),(4687,3,5,3642,3642,849,2),(4688,3,6,3642,3642,849,2),(4689,4,1,3642,3642,849,2),(4690,4,2,3642,3642,849,2),(4691,4,3,3642,3642,849,2),(4692,4,4,3642,3642,849,2),(4693,4,5,3642,3642,849,2),(4694,4,6,3642,3642,849,2),(4695,5,1,3636,851,849,2),(4696,5,2,3636,851,849,2),(4697,5,3,3636,851,849,2),(4698,5,4,3636,851,849,2),(4699,6,1,3636,5537,849,2),(4700,6,2,3636,5537,849,2),(4701,6,3,5539,851,849,2),(4702,6,4,5539,851,849,2),(4703,6,5,5539,851,849,2),(4704,6,6,5539,851,849,2),(4705,7,1,2600,4,849,2),(4706,1,1,5237,822,850,2),(4707,1,2,5237,822,850,2),(4708,1,3,5472,3591,850,2),(4709,1,4,5472,3591,850,2),(4710,1,5,5472,3591,850,2),(4711,1,6,5472,3591,850,2),(4712,2,1,5472,3591,850,2),(4713,2,2,5472,3591,850,2),(4714,2,3,5472,3591,850,2),(4715,2,4,5472,3591,850,2),(4716,2,5,4263,5480,850,2),(4717,2,6,4263,5480,850,2),(4718,3,1,4263,5480,850,2),(4719,3,2,4263,5480,850,2),(4720,3,3,5472,3591,850,2),(4721,3,4,5472,3591,850,2),(4722,3,5,3642,3642,850,2),(4723,3,6,3642,3642,850,2),(4724,4,1,3642,3642,850,2),(4725,4,2,3642,3642,850,2),(4726,4,3,3642,3642,850,2),(4727,4,4,3642,3642,850,2),(4728,4,5,3642,3642,850,2),(4729,4,6,3642,3642,850,2),(4730,5,1,3636,851,850,2),(4731,5,2,3636,851,850,2),(4732,5,3,3636,851,850,2),(4733,5,4,3636,851,850,2),(4734,6,1,3636,5537,850,2),(4735,6,2,3636,5537,850,2),(4736,6,3,5539,851,850,2),(4737,6,4,5539,851,850,2),(4738,6,5,5539,851,850,2),(4739,6,6,5539,851,850,2),(4740,7,1,5615,3642,850,2),(4741,1,1,125,132,851,2),(4742,1,2,125,132,851,2),(4743,1,3,125,132,851,2),(4744,1,4,125,132,851,2),(4745,1,5,125,132,851,2),(4746,1,6,125,132,851,2),(4747,2,1,125,132,851,2),(4748,2,2,125,132,851,2),(4749,2,3,125,132,851,2),(4750,2,4,125,132,851,2),(4751,2,5,125,132,851,2),(4752,2,6,125,132,851,2),(4753,5,1,3625,3773,851,2),(4754,5,2,3625,3773,851,2),(4755,5,3,2600,4,851,2),(4756,5,4,2600,4,851,2),(4757,5,5,2600,4,851,2),(4758,5,6,2600,4,851,2),(4759,6,1,2600,4,851,2),(4760,6,2,2600,4,851,2),(4761,6,3,3789,3789,851,2),(4762,6,4,3789,3789,851,2),(4763,6,5,3789,3789,851,2),(4764,6,6,3789,3789,851,2),(4765,7,1,5652,3773,851,2),(4766,1,3,5237,822,852,2),(4767,1,4,5237,822,852,2),(4768,1,5,4,4590,852,2),(4769,1,6,4,4590,852,2),(4770,2,1,4,5659,852,2),(4771,2,2,4,5659,852,2),(4772,2,3,5661,1919,852,2),(4773,2,4,5661,1919,852,2),(4774,2,5,523,523,852,2),(4775,2,6,523,523,852,2),(4776,3,1,523,523,852,2),(4777,3,2,523,523,852,2),(4778,3,3,523,523,852,2),(4779,3,4,523,523,852,2),(4780,3,5,3486,5338,852,2),(4781,3,6,3486,5338,852,2),(4782,4,1,5671,5671,852,2),(4783,4,2,5671,5671,852,2),(4784,5,5,5681,5681,852,2),(4785,5,6,5681,5681,852,2),(4786,6,1,723,723,852,2),(4787,6,2,723,723,852,2),(4788,6,3,723,723,852,2),(4789,6,4,723,723,852,2),(4790,6,5,723,723,852,2),(4791,6,6,723,723,852,2),(4792,7,1,723,723,852,2),(4793,1,1,300,145,853,2),(4794,1,2,300,145,853,2),(4795,1,3,300,145,853,2),(4796,1,4,300,145,853,2),(4797,1,5,300,145,853,2),(4798,1,6,300,145,853,2),(4799,2,1,300,145,853,2),(4800,2,2,300,145,853,2),(4801,2,3,300,145,853,2),(4802,2,4,300,145,853,2),(4803,2,5,300,145,853,2),(4804,2,6,300,145,853,2),(4805,3,1,5702,5702,853,2),(4806,3,2,5702,5702,853,2),(4807,3,3,5702,5702,853,2),(4808,3,4,5702,5702,853,2),(4809,3,5,5702,2060,853,2),(4810,3,6,5702,2060,853,2),(4811,4,1,5054,5708,853,2),(4812,4,2,5054,5708,853,2),(4813,4,3,5054,5708,853,2),(4814,4,4,5054,5708,853,2),(4815,4,5,5054,5708,853,2),(4816,4,6,5054,5708,853,2),(4817,5,1,5714,5714,853,2),(4818,5,2,5714,5714,853,2),(4819,5,3,5714,5714,853,2),(4820,5,4,5714,5714,853,2),(4821,5,5,5714,5714,853,2),(4822,5,6,5714,5714,853,2),(4823,6,1,300,145,853,2),(4824,6,2,300,145,853,2),(4825,6,3,300,145,853,2),(4826,6,4,300,145,853,2),(4827,6,5,300,145,853,2),(4828,6,6,300,145,853,2),(4829,7,1,137,414,853,2),(4830,1,1,300,145,854,2),(4831,1,2,300,145,854,2),(4832,1,3,300,145,854,2),(4833,1,4,300,145,854,2),(4834,1,5,300,145,854,2),(4835,1,6,300,145,854,2),(4836,2,1,300,145,854,2),(4837,2,2,300,145,854,2),(4838,2,3,396,5735,854,2),(4839,2,4,396,5735,854,2),(4840,2,5,396,5735,854,2),(4841,2,6,396,5735,854,2),(4842,3,1,300,145,854,2),(4843,3,2,300,145,854,2),(4844,3,3,300,145,854,2),(4845,3,4,300,145,854,2),(4846,3,5,5743,4469,854,2),(4847,3,6,5743,4469,854,2),(4848,4,1,5743,4469,854,2),(4849,4,2,5743,4469,854,2),(4850,4,3,4,143,854,2),(4851,4,4,4,143,854,2),(4852,4,5,4,143,854,2),(4853,4,6,4,143,854,2),(4854,5,1,4,143,854,2),(4855,5,2,4,143,854,2),(4856,5,3,300,145,854,2),(4857,5,4,300,145,854,2),(4858,5,5,5743,4469,854,2),(4859,5,6,5743,4469,854,2),(4860,6,1,5743,4469,854,2),(4861,6,2,5743,4469,854,2),(4862,6,3,5743,4469,854,2),(4863,6,4,5743,4469,854,2),(4864,6,5,300,145,854,2),(4865,6,6,300,145,854,2),(4866,7,1,300,145,854,2),(4867,1,1,300,145,855,2),(4868,1,2,300,145,855,2),(4869,1,3,300,145,855,2),(4870,1,4,300,145,855,2),(4871,1,5,300,145,855,2),(4872,1,6,300,145,855,2),(4873,2,1,300,145,855,2),(4874,2,2,300,145,855,2),(4875,2,3,396,5735,855,2),(4876,2,4,396,5735,855,2),(4877,2,5,396,5735,855,2),(4878,2,6,396,5735,855,2),(4879,3,1,300,145,855,2),(4880,3,2,300,145,855,2),(4881,3,3,300,145,855,2),(4882,3,4,300,145,855,2),(4883,3,5,5743,4469,855,2),(4884,3,6,5743,4469,855,2),(4885,4,1,5743,4469,855,2),(4886,4,2,5743,4469,855,2),(4887,4,3,4,143,855,2),(4888,4,4,4,143,855,2),(4889,4,5,4,143,855,2),(4890,4,6,4,143,855,2),(4891,5,1,4,143,855,2),(4892,5,2,4,143,855,2),(4893,5,3,300,145,855,2),(4894,5,4,300,145,855,2),(4895,5,5,5743,4469,855,2),(4896,5,6,5743,4469,855,2),(4897,6,1,5743,4469,855,2),(4898,6,2,5743,4469,855,2),(4899,6,3,5743,4469,855,2),(4900,6,4,5743,4469,855,2),(4901,6,5,300,145,855,2),(4902,6,6,300,145,855,2),(4903,7,1,300,145,855,2),(4904,1,1,125,132,856,2),(4905,1,2,125,132,856,2),(4906,1,3,125,132,856,2),(4907,1,4,125,132,856,2),(4908,1,5,125,132,856,2),(4909,1,6,125,132,856,2),(4910,2,1,125,132,856,2),(4911,2,2,125,132,856,2),(4912,2,3,125,132,856,2),(4913,2,4,125,132,856,2),(4914,2,5,125,132,856,2),(4915,2,6,125,132,856,2),(4916,5,1,3625,3773,856,2),(4917,5,2,3625,3773,856,2),(4918,5,3,2600,4,856,2),(4919,5,4,2600,4,856,2),(4920,5,5,2600,4,856,2),(4921,5,6,2600,4,856,2),(4922,6,1,2600,4,856,2),(4923,6,2,2600,4,856,2),(4924,6,3,3789,3789,856,2),(4925,6,4,3789,3789,856,2),(4926,6,5,3789,3789,856,2),(4927,6,6,3789,3789,856,2),(4928,7,1,5652,3773,856,2),(4929,1,1,4,5838,857,2),(4930,1,2,4,5838,857,2),(4931,1,3,5840,5840,857,2),(4932,1,4,5840,5840,857,2),(4933,1,5,5840,5840,857,2),(4934,1,6,5840,5840,857,2),(4935,2,1,5840,5840,857,2),(4936,2,2,5840,5840,857,2),(4937,2,3,5840,5840,857,2),(4938,2,4,5840,5840,857,2),(4939,2,5,5652,5848,857,2),(4940,2,6,5652,5848,857,2),(4941,3,1,5652,5848,857,2),(4942,3,2,5652,5848,857,2),(4943,3,3,5652,5848,857,2),(4944,3,4,5652,5848,857,2),(4945,3,5,5652,5848,857,2),(4946,3,6,5652,5848,857,2),(4947,4,1,5652,5848,857,2),(4948,4,2,5652,5848,857,2),(4949,4,3,5652,5848,857,2),(4950,4,4,5652,5848,857,2),(4951,4,5,5237,822,857,2),(4952,4,6,5237,822,857,2),(4953,5,1,5237,822,857,2),(4954,5,2,5237,822,857,2),(4955,5,3,5237,822,857,2),(4956,5,4,5237,822,857,2),(4957,7,1,5840,5840,857,2),(4958,1,1,5398,4987,858,2),(4959,1,2,5398,4987,858,2),(4960,1,3,3895,3895,858,2),(4961,1,4,3895,3895,858,2),(4962,1,5,3895,3895,858,2),(4963,1,6,3895,3895,858,2),(4964,2,1,3885,5881,858,2),(4965,2,2,3885,5881,858,2),(4966,2,3,3885,5881,858,2),(4967,2,4,3885,5881,858,2),(4968,2,5,3885,5881,858,2),(4969,2,6,3885,5881,858,2),(4970,3,1,5887,5887,858,2),(4971,3,2,5887,5887,858,2),(4972,3,3,5889,5889,858,2),(4973,3,4,5889,5889,858,2),(4974,3,5,5889,5889,858,2),(4975,3,6,5889,5889,858,2),(4976,4,1,5889,5889,858,2),(4977,4,2,5889,5889,858,2),(4978,4,3,2639,5895,858,2),(4979,4,4,2639,5895,858,2),(4980,4,5,5889,5889,858,2),(4981,4,6,5889,5889,858,2),(4982,5,1,5889,5889,858,2),(4983,5,2,5889,5889,858,2),(4984,5,3,3895,3895,858,2),(4985,5,4,3895,3895,858,2),(4986,5,5,3895,3895,858,2),(4987,5,6,3895,3895,858,2),(4988,6,1,3895,3895,858,2),(4989,6,2,3895,3895,858,2),(4990,6,3,5301,5907,858,2),(4991,6,4,5301,5907,858,2),(4992,6,5,5909,5909,858,2),(4993,6,6,5909,5909,858,2),(4994,7,1,3885,5881,858,2),(4995,1,1,5912,4987,859,2),(4996,1,2,5912,4987,859,2),(4997,1,3,5912,5914,859,2),(4998,1,4,5912,5914,859,2),(4999,1,5,5912,5914,859,2),(5000,1,6,5912,5914,859,2),(5001,2,1,5912,5914,859,2),(5002,2,2,5912,5914,859,2),(5003,2,5,5922,5922,859,2),(5004,2,6,5922,5922,859,2),(5005,3,1,5922,5922,859,2),(5006,3,2,5922,5922,859,2),(5007,3,3,5922,5922,859,2),(5008,3,4,5922,5922,859,2),(5009,3,5,5909,5928,859,2),(5010,3,6,5909,5928,859,2),(5011,4,1,5922,5922,859,2),(5012,4,2,5922,5922,859,2),(5013,4,3,5922,5922,859,2),(5014,4,4,5922,5922,859,2),(5015,4,5,5922,5922,859,2),(5016,4,6,5922,5922,859,2),(5017,5,1,5922,5922,859,2),(5018,5,2,5922,5922,859,2),(5019,5,3,5912,5938,859,2),(5020,5,4,5912,5938,859,2),(5021,5,5,5912,5938,859,2),(5022,5,6,5912,5938,859,2),(5023,6,1,5912,5938,859,2),(5024,6,2,5912,5938,859,2),(5025,6,3,5912,5938,859,2),(5026,6,4,5912,5938,859,2),(5027,6,5,5912,5938,859,2),(5028,6,6,5912,5938,859,2),(5029,7,1,5912,5938,859,2),(5030,1,1,5040,945,860,2),(5031,1,2,5040,945,860,2),(5032,1,3,5040,945,860,2),(5033,1,4,5040,945,860,2),(5034,1,5,5040,945,860,2),(5035,1,6,5040,945,860,2),(5036,2,1,5955,1919,860,2),(5037,2,2,5955,1919,860,2),(5038,2,3,5040,945,860,2),(5039,2,4,5040,945,860,2),(5040,2,5,5040,945,860,2),(5041,2,6,5040,945,860,2),(5042,3,1,742,3926,860,2),(5043,3,2,742,3926,860,2),(5044,3,3,4,4023,860,2),(5045,3,4,4,4023,860,2),(5046,3,5,5040,945,860,2),(5047,3,6,5040,945,860,2),(5048,4,1,4029,143,860,2),(5049,4,2,4029,143,860,2),(5050,4,3,4029,143,860,2),(5051,4,4,4029,143,860,2),(5052,4,5,4029,143,860,2),(5053,4,6,4029,143,860,2),(5054,5,1,4029,143,860,2),(5055,5,2,4029,143,860,2),(5056,5,3,822,5975,860,2),(5057,5,4,822,5975,860,2),(5058,5,5,822,5975,860,2),(5059,5,6,822,5975,860,2),(5060,6,1,822,5975,860,2),(5061,6,2,822,5975,860,2),(5062,6,3,822,5975,860,2),(5063,6,4,822,5975,860,2),(5064,7,1,2608,4590,860,2),(5065,1,1,5488,2302,861,2),(5066,1,2,5488,2302,861,2),(5067,1,3,5488,2302,861,2),(5068,1,4,5488,2302,861,2),(5069,1,5,5488,2302,861,2),(5070,1,6,5488,2302,861,2),(5071,2,1,5488,2302,861,2),(5072,2,2,5488,2302,861,2),(5073,3,5,5488,2302,861,2),(5074,3,6,5488,2302,861,2),(5075,4,1,5488,2302,861,2),(5076,4,2,5488,2302,861,2),(5077,4,3,5488,2302,861,2),(5078,4,4,5488,2302,861,2),(5079,4,5,5488,2302,861,2),(5080,4,6,5488,2302,861,2),(5081,1,1,5040,945,862,2),(5082,1,2,5040,945,862,2),(5083,1,3,5040,945,862,2),(5084,1,4,5040,945,862,2),(5085,1,5,5040,945,862,2),(5086,1,6,5040,945,862,2),(5087,2,1,5955,1919,862,2),(5088,2,2,5955,1919,862,2),(5089,2,3,5040,945,862,2),(5090,2,4,5040,945,862,2),(5091,2,5,5040,945,862,2),(5092,2,6,5040,945,862,2),(5093,3,1,5040,945,862,2),(5094,3,2,5040,945,862,2),(5095,3,3,4029,143,862,2),(5096,3,4,4029,143,862,2),(5097,3,5,4029,143,862,2),(5098,3,6,4029,143,862,2),(5099,4,1,4029,143,862,2),(5100,4,2,4029,143,862,2),(5101,4,3,4029,143,862,2),(5102,4,4,4029,143,862,2),(5103,4,5,822,5975,862,2),(5104,4,6,822,5975,862,2),(5105,5,1,822,5975,862,2),(5106,5,2,822,5975,862,2),(5107,5,3,822,5975,862,2),(5108,5,4,822,5975,862,2),(5109,5,5,822,5975,862,2),(5110,5,6,822,5975,862,2),(5111,6,3,2608,4590,862,2),(5112,6,4,2608,4590,862,2),(5113,6,5,2608,4590,862,2),(5114,6,6,2608,4590,862,2),(5115,7,1,1031,4756,862,2),(5116,1,1,5955,1919,863,2),(5117,1,2,5955,1919,863,2),(5118,1,3,5955,1919,863,2),(5119,1,4,5955,1919,863,2),(5120,1,5,5955,1919,863,2),(5121,1,6,5955,1919,863,2),(5122,2,1,5955,1919,863,2),(5123,2,2,5955,1919,863,2),(5124,1,1,5040,945,864,2),(5125,1,2,5040,945,864,2),(5126,1,3,5040,945,864,2),(5127,1,4,5040,945,864,2),(5128,1,5,5040,945,864,2),(5129,1,6,5040,945,864,2),(5130,2,1,5955,1919,864,2),(5131,2,2,5955,1919,864,2),(5132,2,3,5040,945,864,2),(5133,2,4,5040,945,864,2),(5134,2,5,5040,945,864,2),(5135,2,6,5040,945,864,2),(5136,3,1,667,133,864,2),(5137,3,2,667,133,864,2),(5138,3,3,4070,6088,864,2),(5139,3,4,4070,6088,864,2),(5140,3,5,5040,945,864,2),(5141,3,6,5040,945,864,2),(5142,4,1,4029,143,864,2),(5143,4,2,4029,143,864,2),(5144,4,3,4029,143,864,2),(5145,4,4,4029,143,864,2),(5146,4,5,4029,143,864,2),(5147,4,6,4029,143,864,2),(5148,5,1,4029,143,864,2),(5149,5,2,4029,143,864,2),(5150,5,3,822,5975,864,2),(5151,5,4,822,5975,864,2),(5152,5,5,822,5975,864,2),(5153,5,6,822,5975,864,2),(5154,6,1,822,5975,864,2),(5155,6,2,822,5975,864,2),(5156,6,3,822,5975,864,2),(5157,6,4,822,5975,864,2),(5158,7,1,2608,4590,864,2),(5159,1,1,6111,6111,865,2),(5160,1,2,6111,6111,865,2),(5161,1,3,6111,6111,865,2),(5162,1,4,6111,6111,865,2),(5163,1,5,6115,6115,865,2),(5164,1,6,6115,6115,865,2),(5165,2,1,6115,6115,865,2),(5166,2,2,6115,6115,865,2),(5167,2,3,6115,6115,865,2),(5168,2,4,6115,6115,865,2),(5169,2,5,6115,6115,865,2),(5170,2,6,6115,6115,865,2),(5171,3,1,6111,6111,865,2),(5172,3,2,6111,6111,865,2),(5173,3,3,6111,6111,865,2),(5174,3,4,6111,6111,865,2),(5175,3,5,4,6127,865,2),(5176,3,6,4,6127,865,2),(5177,4,1,6111,6111,865,2),(5178,4,2,6111,6111,865,2),(5179,4,3,2466,456,865,2),(5180,4,4,2466,456,865,2),(5181,4,5,2466,456,865,2),(5182,4,6,2466,456,865,2),(5183,5,1,2466,456,865,2),(5184,5,2,2466,456,865,2),(5185,5,3,945,945,865,2),(5186,5,4,945,945,865,2),(5187,5,5,945,945,865,2),(5188,5,6,945,945,865,2),(5189,6,5,945,945,865,2),(5190,6,6,945,945,865,2),(5191,7,1,945,945,865,2),(5192,1,1,4245,945,866,2),(5193,1,2,4245,945,866,2),(5194,1,3,947,6150,866,2),(5195,1,4,947,6150,866,2),(5196,1,5,4,6152,866,2),(5197,1,6,4,6152,866,2),(5198,2,1,947,6154,866,2),(5199,2,2,947,6154,866,2),(5200,2,3,430,6156,866,2),(5201,2,4,430,6156,866,2),(5202,2,5,4,4023,866,2),(5203,2,6,4,4023,866,2),(5204,3,1,526,6160,866,2),(5205,3,2,526,6160,866,2),(5206,4,3,173,6168,866,2),(5207,4,4,173,6168,866,2),(5208,5,1,153,954,866,2),(5209,5,2,153,954,866,2),(5210,5,3,4148,4197,866,2),(5211,5,4,4148,4197,866,2),(5212,5,5,943,943,866,2),(5213,5,6,943,943,866,2),(5214,6,1,830,514,866,2),(5215,6,2,830,514,866,2),(5216,1,1,4,6152,867,2),(5217,1,2,4,6152,867,2),(5218,1,3,947,6154,867,2),(5219,1,4,947,6154,867,2),(5220,1,5,1353,456,867,2),(5221,1,6,1353,456,867,2),(5222,2,1,1353,1689,867,2),(5223,2,2,1353,1689,867,2),(5224,2,3,1353,6188,867,2),(5225,2,4,1353,6188,867,2),(5226,2,5,430,6156,867,2),(5227,2,6,430,6156,867,2),(5228,3,1,526,6192,867,2),(5229,3,2,526,6192,867,2),(5230,3,3,4,4023,867,2),(5231,3,4,4,4023,867,2),(5232,3,5,526,1677,867,2),(5233,3,6,526,1677,867,2),(5234,4,1,526,952,867,2),(5235,4,2,526,952,867,2),(5236,5,1,973,5007,867,2),(5237,5,2,973,5007,867,2),(5238,5,3,153,954,867,2),(5239,5,4,153,954,867,2),(5240,5,5,943,943,867,2),(5241,5,6,943,943,867,2),(5242,6,3,830,517,867,2),(5243,6,4,830,517,867,2),(5244,6,5,830,514,867,2),(5245,6,6,830,514,867,2),(5246,1,3,6218,2183,868,2),(5247,1,4,6218,2183,868,2),(5248,1,5,6220,4590,868,2),(5249,1,6,6220,4590,868,2),(5250,2,1,6220,4590,868,2),(5251,2,2,6220,4590,868,2),(5252,2,3,6220,4590,868,2),(5253,2,4,6220,4590,868,2),(5254,2,5,6220,4590,868,2),(5255,2,6,6220,4590,868,2),(5256,4,3,6220,4590,868,2),(5257,4,4,6220,4590,868,2),(5258,5,5,4212,6244,868,2),(5259,5,6,4212,6244,868,2),(5260,6,5,4212,6244,868,2),(5261,6,6,4212,6244,868,2),(5262,1,1,6218,2183,869,2),(5263,1,2,6218,2183,869,2),(5264,1,3,6255,6255,869,2),(5265,1,4,6255,6255,869,2),(5266,1,5,6255,6255,869,2),(5267,1,6,6255,6255,869,2),(5268,2,1,4,6259,869,2),(5269,2,2,4,6259,869,2),(5270,2,3,6261,143,869,2),(5271,2,4,6261,143,869,2),(5272,2,5,6263,1919,869,2),(5273,2,6,6263,1919,869,2),(5274,3,1,6255,6265,869,2),(5275,3,2,6255,6265,869,2),(5276,3,3,6228,6267,869,2),(5277,3,4,6228,6267,869,2),(5278,3,5,2550,6269,869,2),(5279,3,6,2550,6269,869,2),(5280,5,3,4212,6244,869,2),(5281,5,4,4212,6244,869,2),(5282,5,5,172,6281,869,2),(5283,5,6,172,6281,869,2),(5284,6,5,4212,6244,869,2),(5285,6,6,4212,6244,869,2),(5286,1,1,2614,2614,870,2),(5287,1,2,2614,2614,870,2),(5288,1,3,2614,2614,870,2),(5289,1,4,2614,2614,870,2),(5290,1,5,2614,2614,870,2),(5291,1,6,2614,2614,870,2),(5292,2,1,2614,2614,870,2),(5293,2,2,2614,2614,870,2),(5294,2,3,2614,2614,870,2),(5295,2,4,2614,2614,870,2),(5296,2,5,2614,2614,870,2),(5297,2,6,2614,2614,870,2),(5298,3,1,2614,2614,870,2),(5299,3,2,2614,2614,870,2),(5300,3,3,2614,2614,870,2),(5301,3,4,2614,2614,870,2),(5302,3,5,4,2060,870,2),(5303,3,6,4,2060,870,2),(5304,4,1,2614,2614,870,2),(5305,4,2,2614,2614,870,2),(5306,4,3,2614,2614,870,2),(5307,4,4,2614,2614,870,2),(5308,4,5,1969,6312,870,2),(5309,4,6,1969,6312,870,2),(5310,5,1,2614,2614,870,2),(5311,5,2,2614,2614,870,2),(5312,5,3,2639,2639,870,2),(5313,5,4,2639,2639,870,2),(5314,5,5,2639,2639,870,2),(5315,5,6,2639,2639,870,2),(5316,6,1,2639,2639,870,2),(5317,6,2,2639,2639,870,2),(5318,6,3,6322,6322,870,2),(5319,6,4,6322,6322,870,2),(5320,6,5,3887,6324,870,2),(5321,6,6,3887,6324,870,2),(5322,7,1,3887,6324,870,2),(5323,1,1,4319,6259,871,2),(5324,1,2,4319,6259,871,2),(5325,1,3,6329,1496,871,2),(5326,1,4,6329,1496,871,2),(5327,1,5,6329,1496,871,2),(5328,1,6,6329,1496,871,2),(5329,2,1,6329,1496,871,2),(5330,2,2,6329,1496,871,2),(5331,2,3,6329,1496,871,2),(5332,2,4,6329,1496,871,2),(5333,2,5,6337,6337,871,2),(5334,2,6,6337,6337,871,2),(5335,3,1,6337,6337,871,2),(5336,3,2,6337,6337,871,2),(5337,3,3,6337,6337,871,2),(5338,3,4,6337,6337,871,2),(5339,3,5,6337,6337,871,2),(5340,3,6,6337,6337,871,2),(5341,4,1,6337,6345,871,2),(5342,4,2,6337,6345,871,2),(5343,4,3,6337,6337,871,2),(5344,4,4,6337,6337,871,2),(5345,4,5,6337,6337,871,2),(5346,4,6,6337,6337,871,2),(5347,5,1,6337,6337,871,2),(5348,5,2,6337,6337,871,2),(5349,5,3,4,5907,871,2),(5350,5,4,4,5907,871,2),(5351,5,5,2614,6355,871,2),(5352,5,6,2614,6355,871,2),(5353,6,1,6337,6337,871,2),(5354,6,2,6337,6337,871,2),(5355,6,3,6337,6337,871,2),(5356,6,4,6337,6337,871,2),(5357,6,5,6361,6361,871,2),(5358,6,6,6361,6361,871,2),(5359,7,1,6361,6363,871,2),(5360,1,1,2614,2614,872,2),(5361,1,2,2614,2614,872,2),(5362,1,3,2614,2614,872,2),(5363,1,4,2614,2614,872,2),(5364,1,5,2614,2614,872,2),(5365,1,6,2614,2614,872,2),(5366,2,1,2614,2614,872,2),(5367,2,2,2614,2614,872,2),(5368,2,3,2614,2614,872,2),(5369,2,4,2614,2614,872,2),(5370,2,5,2614,2614,872,2),(5371,2,6,2614,2614,872,2),(5372,3,1,2614,2614,872,2),(5373,3,2,2614,2614,872,2),(5374,3,3,2614,2614,872,2),(5375,3,4,2614,2614,872,2),(5376,3,5,4,2060,872,2),(5377,3,6,4,2060,872,2),(5378,4,1,2614,2614,872,2),(5379,4,2,2614,2614,872,2),(5380,4,3,2614,2614,872,2),(5381,4,4,2614,2614,872,2),(5382,4,5,2614,2614,872,2),(5383,4,6,2614,2614,872,2),(5384,5,1,2639,2639,872,2),(5385,5,2,2639,2639,872,2),(5386,5,3,2639,2639,872,2),(5387,5,4,2639,2639,872,2),(5388,5,5,2639,2639,872,2),(5389,5,6,2639,2639,872,2),(5390,6,1,6322,6322,872,2),(5391,6,2,6322,6322,872,2),(5392,6,3,3887,6324,872,2),(5393,6,4,3887,6324,872,2),(5394,6,5,3887,6324,872,2),(5395,6,6,3887,6324,872,2),(5396,7,1,3887,6324,872,2),(5397,2,1,4,6407,873,2),(5398,2,2,4,6407,873,2),(5399,2,3,1451,4987,873,2),(5400,2,4,1451,4987,873,2),(5401,3,5,6337,6337,873,2),(5402,3,6,6337,6337,873,2),(5403,4,1,6337,6337,873,2),(5404,4,2,6337,6337,873,2),(5405,4,3,6337,6337,873,2),(5406,4,4,6337,6337,873,2),(5407,4,5,6337,6337,873,2),(5408,4,6,6337,6337,873,2),(5409,5,1,6337,6337,873,2),(5410,5,2,6337,6337,873,2),(5411,5,3,6337,6337,873,2),(5412,5,4,6337,6337,873,2),(5413,5,5,6337,6337,873,2),(5414,5,6,6337,6337,873,2),(5415,6,1,4,6431,873,2),(5416,6,2,4,6431,873,2),(5417,6,3,6337,6337,873,2),(5418,6,4,6337,6337,873,2),(5419,6,5,6337,6337,873,2),(5420,6,6,6337,6337,873,2),(5421,1,1,4,4987,874,2),(5422,1,2,4,4987,874,2),(5423,2,5,2600,4,874,2),(5424,2,6,2600,4,874,2),(5425,3,1,6450,6450,874,2),(5426,3,2,6450,6450,874,2),(5427,3,3,6450,6450,874,2),(5428,3,4,6450,6450,874,2),(5429,3,5,6450,6450,874,2),(5430,3,6,6450,6450,874,2),(5431,6,1,6450,6450,874,2),(5432,6,2,6450,6450,874,2),(5433,6,3,6450,6450,874,2),(5434,6,4,6450,6450,874,2),(5435,6,5,6472,2023,874,2),(5436,6,6,6472,2023,874,2),(5437,7,1,6472,2023,874,2),(5438,1,1,4,6475,875,2),(5439,1,2,4,6475,875,2),(5440,1,3,4,6475,875,2),(5441,1,4,4,6475,875,2),(5442,1,5,4,6475,875,2),(5443,1,6,4,6475,875,2),(5444,2,1,6481,5659,875,2),(5445,2,2,6481,5659,875,2),(5446,2,3,6481,5659,875,2),(5447,2,4,6481,5659,875,2),(5448,2,5,6481,5659,875,2),(5449,2,6,6481,5659,875,2),(5450,3,1,6481,5659,875,2),(5451,3,2,6481,5659,875,2),(5452,3,3,6481,5659,875,2),(5453,3,4,6481,5659,875,2),(5454,3,5,6481,5659,875,2),(5455,3,6,6481,5659,875,2),(5456,4,1,6481,5659,875,2),(5457,4,2,6481,5659,875,2),(5458,4,3,6481,5659,875,2),(5459,4,4,6481,5659,875,2),(5460,4,5,6497,6497,875,2),(5461,4,6,6497,6497,875,2),(5462,5,1,6497,6497,875,2),(5463,5,2,6497,6497,875,2),(5464,5,3,6497,6497,875,2),(5465,5,4,6497,6497,875,2),(5466,5,5,6497,6497,875,2),(5467,5,6,6497,6497,875,2),(5468,6,1,6497,6497,875,2),(5469,6,2,6497,6497,875,2),(5470,6,3,6507,6507,875,2),(5471,6,4,6507,6507,875,2),(5472,6,5,6507,6507,875,2),(5473,6,6,6507,6507,875,2),(5474,7,1,6507,6507,875,2),(5475,1,1,4,4987,876,2),(5476,1,2,4,4987,876,2),(5477,1,3,4,4503,876,2),(5478,1,4,4,4503,876,2),(5479,1,5,4,4503,876,2),(5480,1,6,4,4503,876,2),(5481,2,1,4,4503,876,2),(5482,2,2,4,4503,876,2),(5483,2,3,4,4503,876,2),(5484,2,4,4,4503,876,2),(5485,2,5,2600,4,876,2),(5486,2,6,2600,4,876,2),(5487,3,1,4,6524,876,2),(5488,3,2,4,6524,876,2),(5489,3,3,6450,6450,876,2),(5490,3,4,6450,6450,876,2),(5491,3,5,6450,6450,876,2),(5492,3,6,6450,6450,876,2),(5493,4,1,6450,6450,876,2),(5494,4,2,6450,6450,876,2),(5495,4,3,4,4503,876,2),(5496,4,4,4,4503,876,2),(5497,4,5,4,4503,876,2),(5498,4,6,4,4503,876,2),(5499,5,1,4,4503,876,2),(5500,5,2,4,4503,876,2),(5501,5,3,4,4503,876,2),(5502,5,4,4,4503,876,2),(5503,5,5,4,4503,876,2),(5504,5,6,4,4503,876,2),(5505,6,1,4,6542,876,2),(5506,6,2,4,6542,876,2),(5507,6,3,6450,6450,876,2),(5508,6,4,6450,6450,876,2),(5509,6,5,4,6542,876,2),(5510,6,6,4,6542,876,2),(5511,7,1,6450,6450,876,2),(5512,1,1,5172,6549,877,2),(5513,1,2,5172,6549,877,2),(5514,1,3,5172,6549,877,2),(5515,1,4,5172,6549,877,2),(5516,1,5,5172,6549,877,2),(5517,1,6,5172,6549,877,2),(5518,2,1,2600,4,877,2),(5519,2,2,2600,4,877,2),(5520,2,3,2600,4,877,2),(5521,2,4,2600,4,877,2),(5522,2,5,5172,6549,877,2),(5523,2,6,5172,6549,877,2),(5524,3,1,5172,6549,877,2),(5525,3,2,5172,6549,877,2),(5526,3,3,5172,6549,877,2),(5527,3,4,5172,6549,877,2),(5528,3,5,6565,6565,877,2),(5529,3,6,6565,6565,877,2),(5530,4,1,6565,6565,877,2),(5531,4,2,6565,6565,877,2),(5532,4,3,6565,6565,877,2),(5533,4,4,6565,6565,877,2),(5534,4,5,6565,6565,877,2),(5535,4,6,6565,6565,877,2),(5536,5,1,6565,6565,877,2),(5537,5,2,6565,6565,877,2),(5538,1,1,5398,4987,878,2),(5539,1,2,5398,4987,878,2),(5540,2,3,3885,5881,878,2),(5541,2,4,3885,5881,878,2),(5542,2,5,3885,5881,878,2),(5543,2,6,3885,5881,878,2),(5544,3,1,3885,5881,878,2),(5545,3,2,3885,5881,878,2),(5546,3,3,5887,5887,878,2),(5547,3,4,5887,5887,878,2),(5548,3,5,5889,5889,878,2),(5549,3,6,5889,5889,878,2),(5550,4,1,5889,5889,878,2),(5551,4,2,5889,5889,878,2),(5552,4,3,5889,5889,878,2),(5553,4,4,5889,5889,878,2),(5554,4,5,2639,5895,878,2),(5555,4,6,2639,5895,878,2),(5556,5,1,5889,5889,878,2),(5557,5,2,5889,5889,878,2),(5558,5,3,5889,5889,878,2),(5559,5,4,5889,5889,878,2),(5560,5,5,5301,5907,878,2),(5561,5,6,5301,5907,878,2),(5562,6,1,3885,5881,878,2),(5563,6,2,3885,5881,878,2),(5564,6,3,3885,5881,878,2),(5565,6,4,3885,5881,878,2),(5566,6,5,3885,5881,878,2),(5567,6,6,3885,5881,878,2),(5568,7,1,3885,5881,878,2),(5569,1,1,6263,1919,879,2),(5570,1,2,6263,1919,879,2),(5571,1,3,4245,2867,879,2),(5572,1,4,4245,2867,879,2),(5573,1,5,4623,4623,879,2),(5574,1,6,4623,4623,879,2),(5575,2,1,4,6629,879,2),(5576,2,2,4,6629,879,2),(5577,3,5,2550,4616,879,2),(5578,3,6,2550,4616,879,2),(5579,4,1,2550,4616,879,2),(5580,4,2,2550,4616,879,2),(5581,4,3,2310,414,879,2),(5582,4,4,2310,414,879,2),(5583,4,5,6645,6645,879,2),(5584,4,6,6645,6645,879,2),(5585,5,1,2550,4616,879,2),(5586,5,2,2550,4616,879,2),(5587,5,3,2550,4616,879,2),(5588,5,4,2550,4616,879,2),(5589,5,5,4614,6651,879,2),(5590,5,6,4614,6651,879,2),(5591,6,1,4614,6651,879,2),(5592,6,2,4614,6651,879,2),(5593,6,3,4614,6651,879,2),(5594,6,4,4614,6651,879,2),(5595,7,1,4614,6651,879,2),(5596,1,1,2600,4,880,2),(5597,1,2,2600,4,880,2),(5598,1,5,6662,6664,880,2),(5599,1,6,6662,6664,880,2),(5600,2,1,602,6666,880,2),(5601,2,2,602,6666,880,2),(5602,2,3,4,6152,880,2),(5603,2,4,4,6152,880,2),(5604,2,5,2608,4590,880,2),(5605,2,6,2608,4590,880,2),(5606,3,1,2608,4590,880,2),(5607,3,2,2608,4590,880,2),(5608,3,3,2608,4590,880,2),(5609,3,4,2608,4590,880,2),(5610,3,5,6676,6676,880,2),(5611,3,6,6676,6676,880,2),(5612,4,1,6676,6676,880,2),(5613,4,2,6676,6676,880,2),(5614,4,3,6676,6676,880,2),(5615,4,4,6676,6676,880,2),(5616,4,5,6676,6676,880,2),(5617,4,6,6676,6676,880,2),(5618,5,1,6676,6676,880,2),(5619,5,2,6676,6676,880,2),(5620,5,3,6676,6676,880,2),(5621,5,4,6676,6676,880,2),(5622,5,5,6676,6676,880,2),(5623,5,6,6676,6676,880,2),(5624,6,1,6676,6676,880,2),(5625,6,2,6676,6676,880,2),(5626,6,3,6676,6676,880,2),(5627,6,4,6676,6676,880,2),(5628,6,5,6676,6676,880,2),(5629,6,6,6676,6676,880,2),(5630,7,1,6676,6676,880,2),(5631,1,1,1981,822,881,2),(5632,1,2,1981,822,881,2),(5633,1,5,2310,414,881,2),(5634,1,6,2310,414,881,2),(5635,2,1,6703,4608,881,2),(5636,2,2,6703,4608,881,2),(5637,2,5,3747,4469,881,2),(5638,2,6,3747,4469,881,2),(5639,3,5,4600,2023,881,2),(5640,3,6,4600,2023,881,2),(5641,4,1,577,6715,881,2),(5642,4,2,577,6715,881,2),(5643,4,3,2248,456,881,2),(5644,4,4,2248,456,881,2),(5645,4,5,4,6719,881,2),(5646,4,6,4,6719,881,2),(5647,5,1,6263,2641,881,2),(5648,5,2,6263,2641,881,2),(5649,5,3,6645,6723,881,2),(5650,5,4,6645,6723,881,2),(5651,5,5,5714,6725,881,2),(5652,5,6,5714,6725,881,2),(5653,6,1,602,6727,881,2),(5654,6,2,602,6727,881,2),(5655,6,3,602,6729,881,2),(5656,6,4,602,6729,881,2),(5657,6,5,4623,5007,881,2),(5658,6,6,4623,5007,881,2),(5659,1,1,5040,945,882,2),(5660,1,2,5040,945,882,2),(5661,1,3,5040,945,882,2),(5662,1,4,5040,945,882,2),(5663,1,5,5040,945,882,2),(5664,1,6,5040,945,882,2),(5665,2,1,5955,1919,882,2),(5666,2,2,5955,1919,882,2),(5667,2,3,5040,945,882,2),(5668,2,4,5040,945,882,2),(5669,2,5,5040,945,882,2),(5670,2,6,5040,945,882,2),(5671,3,1,1125,2023,882,2),(5672,3,2,1125,2023,882,2),(5673,3,3,1125,1125,882,2),(5674,3,4,1125,1125,882,2),(5675,3,5,4742,4742,882,2),(5676,3,6,4742,4742,882,2),(5677,4,1,4,4023,882,2),(5678,4,2,4,4023,882,2),(5679,4,3,5040,945,882,2),(5680,4,4,5040,945,882,2),(5681,4,5,4029,143,882,2),(5682,4,6,4029,143,882,2),(5683,5,1,4029,143,882,2),(5684,5,2,4029,143,882,2),(5685,5,3,4029,143,882,2),(5686,5,4,4029,143,882,2),(5687,5,5,4029,143,882,2),(5688,5,6,4029,143,882,2),(5689,6,1,822,5975,882,2),(5690,6,2,822,5975,882,2),(5691,6,3,822,5975,882,2),(5692,6,4,822,5975,882,2),(5693,6,5,822,5975,882,2),(5694,6,6,822,5975,882,2),(5695,7,1,822,5975,882,2),(5696,1,1,4,4097,883,2),(5697,1,2,4,4097,883,2),(5698,2,3,1125,2023,883,2),(5699,2,4,1125,2023,883,2),(5700,2,5,1125,1125,883,2),(5701,2,6,1125,1125,883,2),(5702,3,1,5955,1919,883,2),(5703,3,2,5955,1919,883,2),(5704,3,3,5955,1919,883,2),(5705,3,4,5955,1919,883,2),(5706,3,5,5955,1919,883,2),(5707,3,6,5955,1919,883,2),(5708,4,1,5955,1919,883,2),(5709,4,2,5955,1919,883,2),(5710,4,3,722,722,883,2),(5711,4,4,722,722,883,2),(5712,4,5,4,4023,883,2),(5713,4,6,4,4023,883,2),(5714,5,1,4,4693,883,2),(5715,5,2,4,4693,883,2),(5716,5,3,1131,1131,883,2),(5717,5,4,1131,1131,883,2),(5718,5,5,1132,1132,883,2),(5719,5,6,1132,1132,883,2),(5720,6,1,863,1781,883,2),(5721,6,2,863,1781,883,2),(5722,6,3,4,6802,883,2),(5723,6,4,4,6802,883,2),(5724,6,5,4,6804,883,2),(5725,6,6,4,6804,883,2),(5726,7,1,4,1129,883,2),(5727,1,1,5040,945,884,2),(5728,1,2,5040,945,884,2),(5729,1,3,5040,945,884,2),(5730,1,4,5040,945,884,2),(5731,1,5,5040,945,884,2),(5732,1,6,5040,945,884,2),(5733,2,1,655,824,884,2),(5734,2,2,655,824,884,2),(5735,2,3,5955,1919,884,2),(5736,2,4,5955,1919,884,2),(5737,2,5,5040,945,884,2),(5738,2,6,5040,945,884,2),(5739,3,1,5040,945,884,2),(5740,3,2,5040,945,884,2),(5741,3,3,978,127,884,2),(5742,3,4,978,127,884,2),(5743,3,5,4,4023,884,2),(5744,3,6,4,4023,884,2),(5745,4,1,5040,945,884,2),(5746,4,2,5040,945,884,2),(5747,4,3,4029,143,884,2),(5748,4,4,4029,143,884,2),(5749,4,5,4029,143,884,2),(5750,4,6,4029,143,884,2),(5751,5,1,4029,143,884,2),(5752,5,2,4029,143,884,2),(5753,5,3,4029,143,884,2),(5754,5,4,4029,143,884,2),(5755,5,5,822,5975,884,2),(5756,5,6,822,5975,884,2),(5757,6,1,822,5975,884,2),(5758,6,2,822,5975,884,2),(5759,6,3,822,5975,884,2),(5760,6,4,822,5975,884,2),(5761,6,5,822,5975,884,2),(5762,6,6,822,5975,884,2),(5763,1,3,6846,6846,885,2),(5764,1,4,6846,6846,885,2),(5765,2,1,6850,6850,885,2),(5766,2,2,6850,6850,885,2),(5767,2,5,5955,1919,885,2),(5768,2,6,5955,1919,885,2),(5769,3,1,5955,1919,885,2),(5770,3,2,5955,1919,885,2),(5771,3,3,5955,1919,885,2),(5772,3,4,5955,1919,885,2),(5773,3,5,5955,1919,885,2),(5774,3,6,5955,1919,885,2),(5775,4,1,4,6862,885,2),(5776,4,2,4,6862,885,2),(5777,4,3,1259,1259,885,2),(5778,4,4,1259,1259,885,2),(5779,5,5,978,127,885,2),(5780,5,6,978,127,885,2),(5781,6,1,978,127,885,2),(5782,6,2,978,127,885,2),(5783,6,3,978,127,885,2),(5784,6,4,978,127,885,2),(5785,6,5,978,127,885,2),(5786,6,6,978,127,885,2),(5787,7,1,978,127,885,2),(5788,1,1,5040,945,886,2),(5789,1,2,5040,945,886,2),(5790,1,3,5040,945,886,2),(5791,1,4,5040,945,886,2),(5792,1,5,5040,945,886,2),(5793,1,6,5040,945,886,2),(5794,2,1,655,824,886,2),(5795,2,2,655,824,886,2),(5796,2,3,5955,1919,886,2),(5797,2,4,5955,1919,886,2),(5798,2,5,5040,945,886,2),(5799,2,6,5040,945,886,2),(5800,3,1,5040,945,886,2),(5801,3,2,5040,945,886,2),(5802,3,3,978,127,886,2),(5803,3,4,978,127,886,2),(5804,3,5,4,4023,886,2),(5805,3,6,4,4023,886,2),(5806,4,1,5040,945,886,2),(5807,4,2,5040,945,886,2),(5808,4,3,4029,143,886,2),(5809,4,4,4029,143,886,2),(5810,4,5,4029,143,886,2),(5811,4,6,4029,143,886,2),(5812,5,1,4029,143,886,2),(5813,5,2,4029,143,886,2),(5814,5,3,4029,143,886,2),(5815,5,4,4029,143,886,2),(5816,5,5,822,5975,886,2),(5817,5,6,822,5975,886,2),(5818,6,1,822,5975,886,2),(5819,6,2,822,5975,886,2),(5820,6,3,822,5975,886,2),(5821,6,4,822,5975,886,2),(5822,6,5,822,5975,886,2),(5823,6,6,822,5975,886,2),(5824,1,1,5040,945,887,2),(5825,1,2,5040,945,887,2),(5826,1,3,5040,945,887,2),(5827,1,4,5040,945,887,2),(5828,1,5,5040,945,887,2),(5829,1,6,5040,945,887,2),(5830,2,1,5955,1919,887,2),(5831,2,2,5955,1919,887,2),(5832,2,3,5040,945,887,2),(5833,2,4,5040,945,887,2),(5834,2,5,5040,945,887,2),(5835,2,6,5040,945,887,2),(5836,3,1,742,3926,887,2),(5837,3,2,742,3926,887,2),(5838,3,3,4,4023,887,2),(5839,3,4,4,4023,887,2),(5840,3,5,5040,945,887,2),(5841,3,6,5040,945,887,2),(5842,4,1,4029,143,887,2),(5843,4,2,4029,143,887,2),(5844,4,3,4029,143,887,2),(5845,4,4,4029,143,887,2),(5846,4,5,4029,143,887,2),(5847,4,6,4029,143,887,2),(5848,5,1,4029,143,887,2),(5849,5,2,4029,143,887,2),(5850,5,3,822,5975,887,2),(5851,5,4,822,5975,887,2),(5852,5,5,822,5975,887,2),(5853,5,6,822,5975,887,2),(5854,6,1,822,5975,887,2),(5855,6,2,822,5975,887,2),(5856,6,3,822,5975,887,2),(5857,6,4,822,5975,887,2),(5858,7,1,2608,4590,887,2),(5859,2,3,4,6963,888,2),(5860,2,4,4,6963,888,2),(5861,2,5,742,790,888,2),(5862,2,6,742,790,888,2),(5863,3,1,742,790,888,2),(5864,3,2,742,790,888,2),(5865,3,3,5955,1919,888,2),(5866,3,4,5955,1919,888,2),(5867,3,5,5955,1919,888,2),(5868,3,6,5955,1919,888,2),(5869,4,1,5955,1919,888,2),(5870,4,2,5955,1919,888,2),(5871,4,3,5955,1919,888,2),(5872,4,4,5955,1919,888,2),(5873,4,5,742,790,888,2),(5874,4,6,742,790,888,2),(5875,5,1,742,790,888,2),(5876,5,2,742,790,888,2),(5877,5,3,742,790,888,2),(5878,5,4,742,790,888,2),(5879,5,5,742,790,888,2),(5880,5,6,742,790,888,2),(5881,6,1,742,790,888,2),(5882,6,2,742,790,888,2),(5883,6,3,742,3926,888,2),(5884,6,4,742,3926,888,2),(5885,6,5,742,3926,888,2),(5886,6,6,742,3926,888,2),(5887,7,1,742,3926,888,2),(5888,1,1,4,4987,889,2),(5889,1,2,4,4987,889,2),(5890,1,3,5743,4469,889,2),(5891,1,4,5743,4469,889,2),(5892,1,5,5743,4469,889,2),(5893,1,6,5743,4469,889,2),(5894,2,1,5743,4469,889,2),(5895,2,2,5743,4469,889,2),(5896,2,5,5743,4469,889,2),(5897,2,6,5743,4469,889,2),(5898,3,1,5743,4469,889,2),(5899,3,2,5743,4469,889,2),(5900,3,3,5743,4469,889,2),(5901,3,4,5743,4469,889,2),(5902,3,5,7008,7008,889,2),(5903,3,6,7008,7008,889,2),(5904,4,1,7010,7010,889,2),(5905,4,2,7010,7010,889,2),(5906,4,3,5743,4469,889,2),(5907,4,4,5743,4469,889,2),(5908,4,5,5743,4469,889,2),(5909,4,6,5743,4469,889,2),(5910,5,1,5007,5007,889,2),(5911,5,2,5007,5007,889,2),(5912,5,3,5007,5007,889,2),(5913,5,4,5007,5007,889,2),(5914,5,5,5007,5007,889,2),(5915,5,6,5007,5007,889,2),(5916,6,1,5743,4469,889,2),(5917,6,2,5743,4469,889,2),(5918,6,3,5007,5007,889,2),(5919,6,4,5007,5007,889,2),(5920,6,5,5007,5007,889,2),(5921,6,6,5007,5007,889,2),(5922,7,1,5007,5007,889,2),(5923,1,1,7029,7029,890,2),(5924,1,2,7029,7029,890,2),(5925,1,3,7029,7029,890,2),(5926,1,4,7029,7029,890,2),(5927,1,5,4,6450,890,2),(5928,1,6,4,6450,890,2),(5929,4,1,5661,1919,890,2),(5930,4,2,5661,1919,890,2),(5931,4,3,7049,7049,890,2),(5932,4,4,7049,7049,890,2),(5933,4,5,7051,7051,890,2),(5934,4,6,7051,7051,890,2),(5935,5,1,7051,7051,890,2),(5936,5,2,7051,7051,890,2),(5937,5,3,7029,7029,890,2),(5938,5,4,7029,7029,890,2),(5939,5,5,7029,7029,890,2),(5940,5,6,7029,7029,890,2),(5941,6,1,7059,7059,890,2),(5942,6,2,7059,7059,890,2),(5943,6,3,7061,7061,890,2),(5944,6,4,7061,7061,890,2),(5945,6,5,7061,7063,890,2),(5946,6,6,7061,7063,890,2),(5947,7,1,7051,7051,890,2),(5948,1,1,4,2072,891,2),(5949,1,2,4,2072,891,2),(5950,1,3,6218,5007,891,2),(5951,1,4,6218,5007,891,2),(5952,1,5,6218,5007,891,2),(5953,1,6,6218,5007,891,2),(5954,2,1,6218,5007,891,2),(5955,2,2,6218,5007,891,2),(5956,2,3,6218,5007,891,2),(5957,2,4,6218,5007,891,2),(5958,2,5,6218,5007,891,2),(5959,2,6,6218,5007,891,2),(5960,3,1,7078,7078,891,2),(5961,3,2,7078,7078,891,2),(5962,3,3,7078,7078,891,2),(5963,3,4,7078,7078,891,2),(5964,3,5,7078,7078,891,2),(5965,3,6,7078,7078,891,2),(5966,4,1,7078,7078,891,2),(5967,4,2,7078,7078,891,2),(5968,4,3,4,7086,891,2),(5969,4,4,4,7086,891,2),(5970,4,5,2665,3858,891,2),(5971,4,6,2665,3858,891,2),(5972,5,1,2665,3858,891,2),(5973,5,2,2665,3858,891,2),(5974,5,3,2665,3858,891,2),(5975,5,4,2665,3858,891,2),(5976,5,5,2665,3858,891,2),(5977,5,6,2665,3858,891,2),(5978,6,1,2665,3858,891,2),(5979,6,2,2665,3858,891,2),(5980,6,3,2665,3858,891,2),(5981,6,4,2665,3858,891,2),(5982,6,5,5077,7100,891,2),(5983,6,6,5077,7100,891,2),(5984,7,1,5077,7100,891,2),(5985,1,1,4,4987,892,2),(5986,1,2,4,4987,892,2),(5987,1,3,5077,7105,892,2),(5988,1,4,5077,7105,892,2),(5989,1,5,5077,7105,892,2),(5990,1,6,5077,7105,892,2),(5991,2,1,6218,5007,892,2),(5992,2,2,6218,5007,892,2),(5993,2,3,6218,5007,892,2),(5994,2,4,6218,5007,892,2),(5995,2,5,7113,7113,892,2),(5996,2,6,7113,7113,892,2),(5997,3,1,7113,456,892,2),(5998,3,2,7113,456,892,2),(5999,3,3,7113,456,892,2),(6000,3,4,7113,456,892,2),(6001,3,5,7119,7119,892,2),(6002,3,6,7119,7119,892,2),(6003,4,5,5077,7105,892,2),(6004,4,6,5077,7105,892,2),(6005,5,1,5077,7105,892,2),(6006,5,2,5077,7105,892,2),(6007,5,3,5077,7105,892,2),(6008,5,4,5077,7105,892,2),(6009,5,5,5077,7105,892,2),(6010,5,6,5077,7105,892,2),(6011,6,5,5077,7105,892,2),(6012,6,6,5077,7105,892,2),(6013,7,1,5077,7105,892,2),(6014,1,1,5040,945,893,2),(6015,1,2,5040,945,893,2),(6016,1,3,5040,945,893,2),(6017,1,4,5040,945,893,2),(6018,1,5,5040,945,893,2),(6019,1,6,5040,945,893,2),(6020,2,1,5955,1919,893,2),(6021,2,2,5955,1919,893,2),(6022,2,3,5040,945,893,2),(6023,2,4,5040,945,893,2),(6024,2,5,5040,945,893,2),(6025,2,6,5040,945,893,2),(6026,3,1,978,127,893,2),(6027,3,2,978,127,893,2),(6028,3,3,4,7154,893,2),(6029,3,4,4,7154,893,2),(6030,3,5,4,7154,893,2),(6031,3,6,4,7154,893,2),(6032,4,1,4,4023,893,2),(6033,4,2,4,4023,893,2),(6034,4,3,5040,945,893,2),(6035,4,4,5040,945,893,2),(6036,4,5,4029,143,893,2),(6037,4,6,4029,143,893,2),(6038,5,1,4029,143,893,2),(6039,5,2,4029,143,893,2),(6040,5,3,4,7154,893,2),(6041,5,4,4,7154,893,2),(6042,5,5,4,7154,893,2),(6043,5,6,4,7154,893,2),(6044,6,1,4029,143,893,2),(6045,6,2,4029,143,893,2),(6046,6,3,4029,143,893,2),(6047,6,4,4029,143,893,2),(6048,6,5,822,5975,893,2),(6049,6,6,822,5975,893,2),(6050,7,1,822,5975,893,2),(6051,1,1,1981,7177,894,2),(6052,1,2,1981,7177,894,2),(6053,1,3,1981,7177,894,2),(6054,1,4,1981,7177,894,2),(6055,1,5,1981,7177,894,2),(6056,1,6,1981,7177,894,2),(6057,2,1,1981,7177,894,2),(6058,2,2,1981,7177,894,2),(6059,2,3,1981,7177,894,2),(6060,2,4,1981,7177,894,2),(6061,2,5,2639,5209,894,2),(6062,2,6,2639,5209,894,2),(6063,3,1,2639,5209,894,2),(6064,3,2,2639,5209,894,2),(6065,3,3,2639,5209,894,2),(6066,3,4,2639,5209,894,2),(6067,3,5,7193,7193,894,2),(6068,3,6,7193,7193,894,2),(6069,4,1,7193,7193,894,2),(6070,4,2,7193,7193,894,2),(6071,4,3,7193,7193,894,2),(6072,4,4,7193,7193,894,2),(6073,4,5,1981,7177,894,2),(6074,4,6,1981,7177,894,2),(6075,5,1,5198,5198,894,2),(6076,5,2,5198,5198,894,2),(6077,5,3,5198,5198,894,2),(6078,5,4,5198,5198,894,2),(6079,5,5,5198,5198,894,2),(6080,5,6,5198,5198,894,2),(6081,6,3,2639,5209,894,2),(6082,6,4,2639,5209,894,2),(6083,6,5,5198,5198,894,2),(6084,6,6,5198,5198,894,2),(6085,7,1,5198,5198,894,2),(6086,1,1,4,4987,895,2),(6087,1,2,4,4987,895,2),(6088,1,3,7216,7216,895,2),(6089,1,4,7216,7216,895,2),(6090,1,5,7216,7216,895,2),(6091,1,6,7216,7216,895,2),(6092,2,1,7216,7216,895,2),(6093,2,2,7216,7216,895,2),(6094,2,3,2600,4,895,2),(6095,2,4,2600,4,895,2),(6096,2,5,1981,7177,895,2),(6097,2,6,1981,7177,895,2),(6098,3,1,1981,7177,895,2),(6099,3,2,1981,7177,895,2),(6100,3,3,7216,7216,895,2),(6101,3,4,7216,7216,895,2),(6102,3,5,7216,7216,895,2),(6103,3,6,7216,7216,895,2),(6104,4,1,7216,7216,895,2),(6105,4,2,7216,7216,895,2),(6106,4,3,7216,7216,895,2),(6107,4,4,7216,7216,895,2),(6108,4,5,1981,7177,895,2),(6109,4,6,1981,7177,895,2),(6110,5,1,1975,7238,895,2),(6111,5,2,1975,7238,895,2),(6112,5,3,5198,5198,895,2),(6113,5,4,5198,5198,895,2),(6114,5,5,5198,5198,895,2),(6115,5,6,5198,5198,895,2),(6116,6,1,5198,5198,895,2),(6117,6,2,5198,5198,895,2),(6118,6,3,7207,7246,895,2),(6119,6,4,7207,7246,895,2),(6120,6,5,5198,5198,895,2),(6121,6,6,5198,5198,895,2),(6122,7,1,5198,5198,895,2),(6123,1,1,5398,4987,896,2),(6124,1,2,5398,4987,896,2),(6125,1,3,4,7253,896,2),(6126,1,4,4,7253,896,2),(6127,1,5,4,7253,896,2),(6128,1,6,4,7253,896,2),(6129,2,1,1986,7257,896,2),(6130,2,2,1986,7257,896,2),(6131,2,3,3885,5881,896,2),(6132,2,4,3885,5881,896,2),(6133,2,5,3885,5881,896,2),(6134,2,6,3885,5881,896,2),(6135,3,1,3885,5881,896,2),(6136,3,2,3885,5881,896,2),(6137,3,3,5887,5887,896,2),(6138,3,4,5887,5887,896,2),(6139,3,5,5889,5889,896,2),(6140,3,6,5889,5889,896,2),(6141,4,1,5889,5889,896,2),(6142,4,2,5889,5889,896,2),(6143,4,3,5889,5889,896,2),(6144,4,4,5889,5889,896,2),(6145,4,5,5889,5889,896,2),(6146,4,6,5889,5889,896,2),(6147,5,1,5889,5889,896,2),(6148,5,2,5889,5889,896,2),(6149,5,3,3885,5881,896,2),(6150,5,4,3885,5881,896,2),(6151,5,5,3885,5881,896,2),(6152,5,6,3885,5881,896,2),(6153,6,1,3885,5881,896,2),(6154,6,2,3885,5881,896,2),(6155,6,3,3885,5881,896,2),(6156,6,4,3885,5881,896,2),(6157,6,5,3885,5881,896,2),(6158,6,6,3885,5881,896,2),(6159,7,1,3885,5881,896,2),(6160,1,1,4,4987,897,2),(6161,1,2,4,4987,897,2),(6162,1,3,4,7290,897,2),(6163,1,4,4,7290,897,2),(6164,1,5,4,7290,897,2),(6165,1,6,4,7290,897,2),(6166,2,1,4,7290,897,2),(6167,2,2,4,7290,897,2),(6168,2,3,4,7290,897,2),(6169,2,4,4,7290,897,2),(6170,3,1,7298,7300,897,2),(6171,3,2,7298,7300,897,2),(6172,3,3,7298,7300,897,2),(6173,3,4,7298,7300,897,2),(6174,3,5,7298,7300,897,2),(6175,3,6,7298,7300,897,2),(6176,4,1,4,7290,897,2),(6177,4,2,4,7290,897,2),(6178,4,3,4,7290,897,2),(6179,4,4,4,7290,897,2),(6180,6,3,4,7290,897,2),(6181,6,4,4,7290,897,2),(6182,6,5,4,7290,897,2),(6183,6,6,4,7290,897,2),(6184,7,1,7324,7324,897,2),(6185,1,1,7325,7325,898,2),(6186,1,2,7325,7325,898,2),(6187,1,3,7325,7325,898,2),(6188,1,4,7325,7325,898,2),(6189,1,5,7325,7325,898,2),(6190,1,6,7325,7325,898,2),(6191,2,1,7325,7325,898,2),(6192,2,2,7325,7325,898,2),(6193,2,5,4,5338,898,2),(6194,2,6,4,5338,898,2),(6195,3,1,7325,7325,898,2),(6196,3,2,7325,7325,898,2),(6197,3,3,7325,7325,898,2),(6198,3,4,7325,7325,898,2),(6199,3,5,7325,7325,898,2),(6200,3,6,7325,7325,898,2),(6201,4,1,723,723,898,2),(6202,4,2,723,723,898,2),(6203,4,3,723,723,898,2),(6204,4,4,723,723,898,2),(6205,4,5,723,723,898,2),(6206,4,6,723,723,898,2),(6207,5,1,723,723,898,2),(6208,5,2,723,723,898,2),(6209,5,3,7351,7351,898,2),(6210,5,4,7351,7351,898,2),(6211,5,5,723,723,898,2),(6212,5,6,723,723,898,2),(6213,6,1,723,723,898,2),(6214,6,2,723,723,898,2),(6215,6,3,5661,1919,898,2),(6216,6,4,5661,1919,898,2),(6217,6,5,5661,1919,898,2),(6218,6,6,5661,1919,898,2),(6219,7,1,5661,1919,898,2),(6220,1,1,7362,5367,899,2),(6221,1,2,7362,5367,899,2),(6222,1,3,7362,5367,899,2),(6223,1,4,7362,5367,899,2),(6224,1,5,7362,5367,899,2),(6225,1,6,7362,5367,899,2),(6226,2,1,7362,5367,899,2),(6227,2,2,7362,5367,899,2),(6228,2,3,5237,822,899,2),(6229,2,4,5237,822,899,2),(6230,2,5,4,6259,899,2),(6231,2,6,4,6259,899,2),(6232,3,1,7374,7374,899,2),(6233,3,2,7374,7374,899,2),(6234,3,3,7374,7374,899,2),(6235,3,4,7374,7374,899,2),(6236,3,5,2053,523,899,2),(6237,3,6,2053,523,899,2),(6238,4,1,7374,7374,899,2),(6239,4,2,7374,7374,899,2),(6240,4,3,7374,7374,899,2),(6241,4,4,7374,7374,899,2),(6242,4,5,5681,6088,899,2),(6243,4,6,5681,6088,899,2),(6244,5,1,5330,143,899,2),(6245,5,2,5330,143,899,2),(6246,5,3,5330,143,899,2),(6247,5,4,5330,143,899,2),(6248,5,5,5330,143,899,2),(6249,5,6,5330,143,899,2),(6250,6,1,5330,143,899,2),(6251,6,2,5330,143,899,2),(6252,6,3,5661,1919,899,2),(6253,6,4,5661,1919,899,2),(6254,6,5,5661,1919,899,2),(6255,6,6,5661,1919,899,2),(6256,7,1,5661,1919,899,2),(6257,1,1,5398,4987,900,2),(6258,1,2,5398,4987,900,2),(6259,1,3,3850,9,900,2),(6260,1,4,3850,9,900,2),(6261,1,5,3850,9,900,2),(6262,1,6,3850,9,900,2),(6263,2,1,3850,9,900,2),(6264,2,2,3850,9,900,2),(6265,2,3,1986,7257,900,2),(6266,2,4,1986,7257,900,2),(6267,2,5,3885,5881,900,2),(6268,2,6,3885,5881,900,2),(6269,3,1,3885,5881,900,2),(6270,3,2,3885,5881,900,2),(6271,3,3,3885,5881,900,2),(6272,3,4,3885,5881,900,2),(6273,3,5,5887,5887,900,2),(6274,3,6,5887,5887,900,2),(6275,4,1,5889,5889,900,2),(6276,4,2,5889,5889,900,2),(6277,4,3,5889,5889,900,2),(6278,4,4,5889,5889,900,2),(6279,4,5,5889,5889,900,2),(6280,4,6,5889,5889,900,2),(6281,5,1,2639,5895,900,2),(6282,5,2,2639,5895,900,2),(6283,5,3,5889,5889,900,2),(6284,5,4,5889,5889,900,2),(6285,5,5,5889,5889,900,2),(6286,5,6,5889,5889,900,2),(6287,6,1,5301,5907,900,2),(6288,6,2,5301,5907,900,2),(6289,6,3,3885,5881,900,2),(6290,6,4,3885,5881,900,2),(6291,6,5,3885,5881,900,2),(6292,6,6,3885,5881,900,2),(6293,7,1,3885,5881,900,2),(6294,1,1,5398,6259,901,2),(6295,1,2,5398,6259,901,2),(6296,1,3,1354,1354,901,2),(6297,1,4,1354,1354,901,2),(6298,1,5,1354,1354,901,2),(6299,1,6,1354,1354,901,2),(6300,2,1,1354,1354,901,2),(6301,2,2,1354,1354,901,2),(6302,2,3,1354,1354,901,2),(6303,2,4,1354,1354,901,2),(6304,3,1,7298,7300,901,2),(6305,3,2,7298,7300,901,2),(6306,3,3,7298,7300,901,2),(6307,3,4,7298,7300,901,2),(6308,3,5,7298,7300,901,2),(6309,3,6,7298,7300,901,2),(6310,4,1,5887,7454,901,2),(6311,4,2,5887,7454,901,2),(6312,4,3,7456,3350,901,2),(6313,4,4,7456,3350,901,2),(6314,6,3,1969,6312,901,2),(6315,6,4,1969,6312,901,2),(6316,6,5,1969,6312,901,2),(6317,6,6,1969,6312,901,2),(6318,7,1,1969,6312,901,2),(6319,1,1,2608,4590,902,2),(6320,1,2,2608,4590,902,2),(6321,1,3,7475,945,902,2),(6322,1,4,7475,945,902,2),(6323,1,5,7475,945,902,2),(6324,1,6,7475,945,902,2),(6325,2,1,7479,7479,902,2),(6326,2,2,7479,7479,902,2),(6327,2,3,7475,945,902,2),(6328,2,4,7475,945,902,2),(6329,2,5,7475,945,902,2),(6330,2,6,7475,945,902,2),(6331,3,1,7475,945,902,2),(6332,3,2,7475,945,902,2),(6333,3,3,7475,945,902,2),(6334,3,4,7475,945,902,2),(6335,3,5,2113,1369,902,2),(6336,3,6,2113,1369,902,2),(6337,4,1,2113,1369,902,2),(6338,4,2,2113,1369,902,2),(6339,4,3,2113,1369,902,2),(6340,4,4,2113,1369,902,2),(6341,4,5,2113,1369,902,2),(6342,4,6,2113,1369,902,2),(6343,5,1,2113,1369,902,2),(6344,5,2,2113,1369,902,2),(6345,1,3,2608,4590,903,2),(6346,1,4,2608,4590,903,2),(6347,2,1,7514,7516,903,2),(6348,2,2,7514,7516,903,2),(6349,2,3,3630,7518,903,2),(6350,2,4,3630,7518,903,2),(6351,2,5,3630,7520,903,2),(6352,2,6,3630,7520,903,2),(6353,3,1,3630,7518,903,2),(6354,3,2,3630,7518,903,2),(6355,3,3,3630,7518,903,2),(6356,3,4,3630,7518,903,2),(6357,3,5,7479,7479,903,2),(6358,3,6,7479,7479,903,2),(6359,4,1,7479,7479,903,2),(6360,4,2,7479,7479,903,2),(6361,4,3,7479,7479,903,2),(6362,4,4,7479,7479,903,2),(6363,4,5,7479,7479,903,2),(6364,4,6,7479,7479,903,2),(6365,5,1,7479,7479,903,2),(6366,5,2,7479,7479,903,2),(6367,5,3,7536,7536,903,2),(6368,5,4,7536,7536,903,2),(6369,5,5,3630,7518,903,2),(6370,5,6,3630,7518,903,2),(6371,6,1,3630,7518,903,2),(6372,6,2,3630,7518,903,2),(6373,6,3,3630,7518,903,2),(6374,6,4,3630,7518,903,2),(6375,6,5,3630,7518,903,2),(6376,6,6,3630,7518,903,2),(6377,7,1,3630,7518,903,2),(6378,1,3,2608,4590,904,2),(6379,1,4,2608,4590,904,2),(6380,2,1,7514,7516,904,2),(6381,2,2,7514,7516,904,2),(6382,2,3,3630,7518,904,2),(6383,2,4,3630,7518,904,2),(6384,2,5,3630,7520,904,2),(6385,2,6,3630,7520,904,2),(6386,3,1,3630,7518,904,2),(6387,3,2,3630,7518,904,2),(6388,3,3,3630,7518,904,2),(6389,3,4,3630,7518,904,2),(6390,3,5,7479,7479,904,2),(6391,3,6,7479,7479,904,2),(6392,4,1,7479,7479,904,2),(6393,4,2,7479,7479,904,2),(6394,4,3,7479,7479,904,2),(6395,4,4,7479,7479,904,2),(6396,4,5,7479,7479,904,2),(6397,4,6,7479,7479,904,2),(6398,5,1,7479,7479,904,2),(6399,5,2,7479,7479,904,2),(6400,5,3,7536,7536,904,2),(6401,5,4,7536,7536,904,2),(6402,5,5,3630,7518,904,2),(6403,5,6,3630,7518,904,2),(6404,6,1,3630,7518,904,2),(6405,6,2,3630,7518,904,2),(6406,6,3,3630,7518,904,2),(6407,6,4,3630,7518,904,2),(6408,6,5,3630,7518,904,2),(6409,6,6,3630,7518,904,2),(6410,7,1,3630,7518,904,2),(6411,1,1,2600,4,905,2),(6412,1,2,2600,4,905,2),(6413,1,5,2608,4590,905,2),(6414,1,6,2608,4590,905,2),(6415,2,3,7514,7516,905,2),(6416,2,4,7514,7516,905,2),(6417,2,5,3630,7518,905,2),(6418,2,6,3630,7518,905,2),(6419,3,1,3630,7520,905,2),(6420,3,2,3630,7520,905,2),(6421,3,3,3630,7518,905,2),(6422,3,4,3630,7518,905,2),(6423,3,5,3630,7518,905,2),(6424,3,6,3630,7518,905,2),(6425,4,1,7479,7479,905,2),(6426,4,2,7479,7479,905,2),(6427,4,3,7479,7479,905,2),(6428,4,4,7479,7479,905,2),(6429,4,5,7479,7479,905,2),(6430,4,6,7479,7479,905,2),(6431,5,1,7479,7479,905,2),(6432,5,2,7479,7479,905,2),(6433,5,3,7479,7479,905,2),(6434,5,4,7479,7479,905,2),(6435,5,5,7536,7536,905,2),(6436,5,6,7536,7536,905,2),(6437,6,1,3630,7518,905,2),(6438,6,2,3630,7518,905,2),(6439,6,3,3630,7518,905,2),(6440,6,4,3630,7518,905,2),(6441,6,5,3630,7518,905,2),(6442,6,6,3630,7518,905,2),(6443,7,1,3630,7518,905,2),(6444,1,1,4,5838,906,2),(6445,1,2,4,5838,906,2),(6446,1,3,3971,2867,906,2),(6447,1,4,3971,2867,906,2),(6448,1,5,3971,2867,906,2),(6449,1,6,3971,2867,906,2),(6450,2,1,3971,2867,906,2),(6451,2,2,3971,2867,906,2),(6452,2,3,851,7629,906,2),(6453,2,4,851,7629,906,2),(6454,2,5,851,7629,906,2),(6455,2,6,851,7629,906,2),(6456,3,1,3971,2867,906,2),(6457,3,2,3971,2867,906,2),(6458,3,3,3971,2867,906,2),(6459,3,4,3971,2867,906,2),(6460,4,3,1216,7641,906,2),(6461,4,4,1216,7641,906,2),(6462,4,5,1391,1219,906,2),(6463,4,6,1391,1219,906,2),(6464,5,1,7645,143,906,2),(6465,5,2,7645,143,906,2),(6466,5,3,851,7629,906,2),(6467,5,4,851,7629,906,2),(6468,5,5,851,7629,906,2),(6469,5,6,851,7629,906,2),(6470,6,1,7651,1919,906,2),(6471,6,2,7651,1919,906,2),(6472,6,3,7651,1919,906,2),(6473,6,4,7651,1919,906,2),(6474,6,5,7651,1919,906,2),(6475,6,6,7651,1919,906,2),(6476,7,1,7651,1919,906,2),(6477,1,1,4,7479,907,2),(6478,1,2,4,7479,907,2),(6479,1,3,7660,7660,907,2),(6480,1,4,7660,7660,907,2),(6481,1,5,7660,7660,907,2),(6482,1,6,7660,7660,907,2),(6483,2,1,7660,7660,907,2),(6484,2,2,7660,7660,907,2),(6485,2,3,7660,7660,907,2),(6486,2,4,7660,7660,907,2),(6487,2,5,7668,1919,907,2),(6488,2,6,7668,1919,907,2),(6489,3,1,7660,7660,907,2),(6490,3,2,7660,7660,907,2),(6491,3,3,7660,7660,907,2),(6492,3,4,7660,7660,907,2),(6493,3,5,7660,7660,907,2),(6494,3,6,7660,7660,907,2),(6495,4,5,4,7680,907,2),(6496,4,6,4,7680,907,2),(6497,5,3,7660,7660,907,2),(6498,5,4,7660,7660,907,2),(6499,5,5,7660,7660,907,2),(6500,5,6,7660,7660,907,2),(6501,6,1,7688,7688,907,2),(6502,6,2,7688,7688,907,2),(6503,6,3,1216,5007,907,2),(6504,6,4,1216,5007,907,2),(6505,6,5,1216,5007,907,2),(6506,6,6,1216,5007,907,2),(6507,7,1,1216,5007,907,2),(6508,1,1,5743,4469,908,2),(6509,1,2,5743,4469,908,2),(6510,1,3,5743,4469,908,2),(6511,1,4,5743,4469,908,2),(6512,1,5,5743,4469,908,2),(6513,1,6,5743,4469,908,2),(6514,2,1,5743,4469,908,2),(6515,2,2,5743,4469,908,2),(6516,2,3,7703,7703,908,2),(6517,2,4,7703,7703,908,2),(6518,2,5,7703,7703,908,2),(6519,2,6,7703,7703,908,2),(6520,3,1,2082,6259,908,2),(6521,3,2,2082,6259,908,2),(6522,4,3,5743,4469,908,2),(6523,4,4,5743,4469,908,2),(6524,4,5,5743,4469,908,2),(6525,4,6,5743,4469,908,2),(6526,5,1,5743,4469,908,2),(6527,5,2,5743,4469,908,2),(6528,5,3,5743,4469,908,2),(6529,5,4,5743,4469,908,2),(6530,5,5,7703,7703,908,2),(6531,5,6,7703,7703,908,2),(6532,6,1,7703,7703,908,2),(6533,6,2,7703,7703,908,2),(6534,6,3,7703,7703,908,2),(6535,6,4,7703,7703,908,2),(6536,3,1,2082,6259,909,2),(6537,3,2,2082,6259,909,2),(6538,7,1,1919,1919,909,2),(6539,1,1,4,5838,910,2),(6540,1,2,4,5838,910,2),(6541,1,3,3971,2867,910,2),(6542,1,4,3971,2867,910,2),(6543,1,5,3971,2867,910,2),(6544,1,6,3971,2867,910,2),(6545,2,1,3971,2867,910,2),(6546,2,2,3971,2867,910,2),(6547,2,3,851,7629,910,2),(6548,2,4,851,7629,910,2),(6549,2,5,851,7629,910,2),(6550,2,6,851,7629,910,2),(6551,3,1,3971,2867,910,2),(6552,3,2,3971,2867,910,2),(6553,3,3,3971,2867,910,2),(6554,3,4,3971,2867,910,2),(6555,4,1,1216,7641,910,2),(6556,4,2,1216,7641,910,2),(6557,4,3,1391,1219,910,2),(6558,4,4,1391,1219,910,2),(6559,4,5,7645,143,910,2),(6560,4,6,7645,143,910,2),(6561,5,1,851,7629,910,2),(6562,5,2,851,7629,910,2),(6563,5,3,851,7629,910,2),(6564,5,4,851,7629,910,2),(6565,5,5,7651,1919,910,2),(6566,5,6,7651,1919,910,2),(6567,6,1,7651,1919,910,2),(6568,6,2,7651,1919,910,2),(6569,6,3,7651,1919,910,2),(6570,6,4,7651,1919,910,2),(6571,6,5,7651,1919,910,2),(6572,6,6,7651,1919,910,2),(6573,7,1,7651,1919,910,2),(6574,1,1,4,7479,911,2),(6575,1,2,4,7479,911,2),(6576,1,3,7660,7660,911,2),(6577,1,4,7660,7660,911,2),(6578,1,5,7660,7660,911,2),(6579,1,6,7660,7660,911,2),(6580,2,1,7660,7660,911,2),(6581,2,2,7660,7660,911,2),(6582,2,3,7660,7660,911,2),(6583,2,4,7660,7660,911,2),(6584,2,5,7668,1919,911,2),(6585,2,6,7668,1919,911,2),(6586,3,1,7660,7660,911,2),(6587,3,2,7660,7660,911,2),(6588,3,3,7660,7660,911,2),(6589,3,4,7660,7660,911,2),(6590,3,5,7660,7660,911,2),(6591,3,6,7660,7660,911,2),(6592,4,1,3789,7824,911,2),(6593,4,2,3789,7824,911,2),(6594,4,5,4,7680,911,2),(6595,4,6,4,7680,911,2),(6596,5,3,7660,7660,911,2),(6597,5,4,7660,7660,911,2),(6598,5,5,7660,7660,911,2),(6599,5,6,7660,7660,911,2),(6600,6,1,7688,7688,911,2),(6601,6,2,7688,7688,911,2),(6602,6,3,1216,5007,911,2),(6603,6,4,1216,5007,911,2),(6604,6,5,1216,5007,911,2),(6605,6,6,1216,5007,911,2),(6606,7,1,1216,5007,911,2),(6607,1,1,5451,5451,912,2),(6608,1,2,5451,5451,912,2),(6609,1,3,5451,5451,912,2),(6610,1,4,5451,5451,912,2),(6611,1,5,5451,5451,912,2),(6612,1,6,5451,5451,912,2),(6613,2,1,3862,7849,912,2),(6614,2,2,3862,7849,912,2),(6615,2,3,5912,5938,912,2),(6616,2,4,5912,5938,912,2),(6617,2,5,5912,5938,912,2),(6618,2,6,5912,5938,912,2),(6619,3,1,3862,7849,912,2),(6620,3,2,3862,7849,912,2),(6621,3,3,5912,5938,912,2),(6622,3,4,5912,5938,912,2),(6623,3,5,5912,5938,912,2),(6624,3,6,5912,5938,912,2),(6625,4,1,5451,5451,912,2),(6626,4,2,5451,5451,912,2),(6627,4,3,5451,5451,912,2),(6628,4,4,5451,5451,912,2),(6629,4,5,3862,7849,912,2),(6630,4,6,3862,7849,912,2),(6631,5,1,3862,7849,912,2),(6632,5,2,3862,7849,912,2),(6633,5,3,3862,7849,912,2),(6634,5,4,3862,7849,912,2),(6635,5,5,5912,5938,912,2),(6636,5,6,5912,5938,912,2),(6637,6,1,5912,5938,912,2),(6638,6,2,5912,5938,912,2),(6639,6,3,5912,5938,912,2),(6640,6,4,5912,5938,912,2),(6641,6,5,5912,5938,912,2),(6642,6,6,5912,5938,912,2),(6643,7,1,7298,6719,912,2),(6644,1,1,1227,1391,913,2),(6645,1,2,1227,1391,913,2),(6646,1,3,4450,945,913,2),(6647,1,4,4450,945,913,2),(6648,1,5,4450,5887,913,2),(6649,1,6,4450,5887,913,2),(6650,2,1,2665,3858,913,2),(6651,2,2,2665,3858,913,2),(6652,2,3,2665,3858,913,2),(6653,2,4,2665,3858,913,2),(6654,2,5,4,7890,913,2),(6655,2,6,4,7890,913,2),(6656,3,1,7892,7892,913,2),(6657,3,2,7892,7892,913,2),(6658,3,3,7892,7892,913,2),(6659,3,4,7892,7892,913,2),(6660,3,5,1227,1391,913,2),(6661,3,6,1227,1391,913,2),(6662,4,1,2665,3858,913,2),(6663,4,2,2665,3858,913,2),(6664,4,3,2665,3858,913,2),(6665,4,4,2665,3858,913,2),(6666,4,5,2665,3858,913,2),(6667,4,6,2665,3858,913,2),(6668,5,1,4450,945,913,2),(6669,5,2,4450,945,913,2),(6670,5,3,4450,945,913,2),(6671,5,4,4450,945,913,2),(6672,5,5,4450,945,913,2),(6673,5,6,4450,945,913,2),(6674,6,1,2665,3858,913,2),(6675,6,2,2665,3858,913,2),(6676,6,3,7892,7892,913,2),(6677,6,4,7892,7892,913,2),(6678,6,5,7892,7892,913,2),(6679,6,6,7892,7892,913,2),(6680,7,1,5348,6719,913,2),(6681,1,1,986,7917,914,2),(6682,1,2,986,7917,914,2),(6683,1,3,986,7917,914,2),(6684,1,4,986,7917,914,2),(6685,1,5,2608,1227,914,2),(6686,1,6,2608,1227,914,2),(6687,2,1,430,7923,914,2),(6688,2,2,430,7923,914,2),(6689,2,3,430,7923,914,2),(6690,2,4,430,7923,914,2),(6691,2,5,986,7917,914,2),(6692,2,6,986,7917,914,2),(6693,3,1,986,7917,914,2),(6694,3,2,986,7917,914,2),(6695,3,3,7931,3366,914,2),(6696,3,4,7931,3366,914,2),(6697,3,5,667,1357,914,2),(6698,3,6,667,1357,914,2),(6699,4,1,667,1357,914,2),(6700,4,2,667,1357,914,2),(6701,4,5,667,1357,914,2),(6702,4,6,667,1357,914,2),(6703,5,1,667,1357,914,2),(6704,5,2,667,1357,914,2),(6705,5,3,667,1357,914,2),(6706,5,4,667,1357,914,2),(6707,5,5,667,1357,914,2),(6708,5,6,667,1357,914,2),(6709,6,1,947,947,914,2),(6710,6,2,947,947,914,2),(6711,6,3,947,947,914,2),(6712,6,4,947,947,914,2),(6713,6,5,947,947,914,2),(6714,6,6,947,947,914,2),(6715,7,1,947,947,914,2),(6716,1,1,647,7890,915,2),(6717,1,2,647,7890,915,2),(6718,1,3,649,456,915,2),(6719,1,4,649,456,915,2),(6720,1,5,649,456,915,2),(6721,1,6,649,456,915,2),(6722,2,1,670,7960,915,2),(6723,2,2,670,7960,915,2),(6724,2,3,649,456,915,2),(6725,2,4,649,456,915,2),(6726,2,5,649,1059,915,2),(6727,2,6,649,1059,915,2),(6728,3,1,649,456,915,2),(6729,3,2,649,456,915,2),(6730,3,3,649,456,915,2),(6731,3,4,649,456,915,2),(6732,3,5,1975,1391,915,2),(6733,3,6,1975,1391,915,2),(6734,4,3,1373,1373,915,2),(6735,4,4,1373,1373,915,2),(6736,5,1,1981,3366,915,2),(6737,5,2,1981,3366,915,2),(6738,5,3,1981,3366,915,2),(6739,5,4,1981,3366,915,2),(6740,5,5,822,822,915,2),(6741,5,6,822,822,915,2),(6742,6,1,822,822,915,2),(6743,6,2,822,822,915,2),(6744,1,1,4690,4023,916,2),(6745,1,2,4690,4023,916,2),(6746,1,3,1981,822,916,2),(6747,1,4,1981,822,916,2),(6748,1,5,1981,822,916,2),(6749,1,6,1981,822,916,2),(6750,2,1,602,6666,916,2),(6751,2,2,602,6666,916,2),(6752,2,3,2113,1369,916,2),(6753,2,4,2113,1369,916,2),(6754,2,5,2113,1369,916,2),(6755,2,6,2113,1369,916,2),(6756,4,1,6676,8009,916,2),(6757,4,2,6676,8009,916,2),(6758,5,5,602,8019,916,2),(6759,5,6,602,8019,916,2),(6760,6,1,602,8019,916,2),(6761,6,2,602,8019,916,2),(6762,6,3,602,8019,916,2),(6763,6,4,602,8019,916,2),(6764,6,5,4614,6651,916,2),(6765,6,6,4614,6651,916,2),(6766,7,1,4614,6651,916,2),(6767,1,1,4,7890,917,2),(6768,1,2,4,7890,917,2),(6769,1,3,4070,8030,917,2),(6770,1,4,4070,8030,917,2),(6771,1,5,4070,8030,917,2),(6772,1,6,4070,8030,917,2),(6773,2,1,4070,8030,917,2),(6774,2,2,4070,8030,917,2),(6775,2,3,4070,8030,917,2),(6776,2,4,4070,8030,917,2),(6777,2,5,4070,8030,917,2),(6778,2,6,4070,8030,917,2),(6779,3,1,5083,1247,917,2),(6780,3,2,5083,1247,917,2),(6781,3,3,5083,1247,917,2),(6782,3,4,5083,1247,917,2),(6783,3,5,618,2142,917,2),(6784,3,6,618,2142,917,2),(6785,4,1,618,2142,917,2),(6786,4,2,618,2142,917,2),(6787,4,3,5083,1247,917,2),(6788,4,4,5083,1247,917,2),(6789,4,5,5083,1247,917,2),(6790,4,6,5083,1247,917,2),(6791,5,5,618,2142,917,2),(6792,5,6,618,2142,917,2),(6793,6,1,618,2142,917,2),(6794,6,2,618,2142,917,2),(6795,6,3,618,2142,917,2),(6796,6,4,618,2142,917,2),(6797,6,5,618,2142,917,2),(6798,6,6,618,2142,917,2),(6799,1,1,4,7890,918,2),(6800,1,2,4,7890,918,2),(6801,1,3,4070,8030,918,2),(6802,1,4,4070,8030,918,2),(6803,1,5,4070,8030,918,2),(6804,1,6,4070,8030,918,2),(6805,2,1,4070,8030,918,2),(6806,2,2,4070,8030,918,2),(6807,2,3,4070,8030,918,2),(6808,2,4,4070,8030,918,2),(6809,2,5,4070,8030,918,2),(6810,2,6,4070,8030,918,2),(6811,3,3,2466,8079,918,2),(6812,3,4,2466,8079,918,2),(6813,3,5,2466,8079,918,2),(6814,3,6,2466,8079,918,2),(6815,4,1,2466,8079,918,2),(6816,4,2,2466,8079,918,2),(6817,4,3,2466,8079,918,2),(6818,4,4,2466,8079,918,2),(6819,4,5,2466,8079,918,2),(6820,4,6,2466,8079,918,2),(6821,5,1,4,133,918,2),(6822,5,2,4,133,918,2),(6823,5,3,4,133,918,2),(6824,5,4,4,133,918,2),(6825,5,5,8093,8093,918,2),(6826,5,6,8093,8093,918,2),(6827,6,1,8093,8093,918,2),(6828,6,2,8093,8093,918,2),(6829,6,3,8093,8093,918,2),(6830,6,4,8093,8093,918,2),(6831,6,5,2466,8079,918,2),(6832,6,6,2466,8079,918,2),(6833,7,1,2466,8079,918,2),(6834,3,1,8114,8114,919,2),(6835,3,2,8114,8114,919,2),(6836,3,3,4263,8116,919,2),(6837,3,4,4263,8116,919,2),(6838,3,5,8118,8118,919,2),(6839,3,6,8118,8118,919,2),(6840,4,1,8118,8118,919,2),(6841,4,2,8118,8118,919,2),(6842,5,5,8114,8114,919,2),(6843,5,6,8114,8114,919,2),(6844,6,1,8114,8132,919,2),(6845,6,2,8114,8132,919,2),(6846,6,3,8114,8114,919,2),(6847,6,4,8114,8114,919,2),(6848,7,1,148,8138,919,2),(6849,1,1,8139,8139,920,2),(6850,1,2,8139,8139,920,2),(6851,1,3,8139,8139,920,2),(6852,1,4,8139,8139,920,2),(6853,1,5,8139,8139,920,2),(6854,1,6,8139,8139,920,2),(6855,2,1,8139,8139,920,2),(6856,2,2,8139,8139,920,2),(6857,2,3,8139,8139,920,2),(6858,2,4,8139,8139,920,2),(6859,2,5,8139,8139,920,2),(6860,2,6,8139,8139,920,2),(6861,3,1,2639,8151,920,2),(6862,3,2,2639,8151,920,2),(6863,3,3,5301,8153,920,2),(6864,3,4,5301,8153,920,2),(6865,3,5,5301,5907,920,2),(6866,3,6,5301,5907,920,2),(6867,4,1,8157,8157,920,2),(6868,4,2,8157,8157,920,2),(6869,4,3,8157,8157,920,2),(6870,4,4,8157,8157,920,2),(6871,4,5,8157,8157,920,2),(6872,4,6,8157,8157,920,2),(6873,5,1,8139,8139,920,2),(6874,5,2,8139,8139,920,2),(6875,5,3,8157,8157,920,2),(6876,5,4,8157,8157,920,2),(6877,5,5,8157,8157,920,2),(6878,5,6,8157,8157,920,2),(6879,6,1,8157,8157,920,2),(6880,6,2,8157,8157,920,2),(6881,6,3,7298,8171,920,2),(6882,6,4,7298,8171,920,2),(6883,6,5,7298,8171,920,2),(6884,6,6,7298,8171,920,2),(6885,7,1,2665,8175,920,2),(6886,1,1,4,3366,921,2),(6887,1,2,4,3366,921,2),(6888,1,3,4,3366,921,2),(6889,1,4,4,3366,921,2),(6890,1,5,5488,4469,921,2),(6891,1,6,5488,4469,921,2),(6892,2,1,5488,4469,921,2),(6893,2,2,5488,4469,921,2),(6894,2,3,5488,4469,921,2),(6895,2,4,5488,4469,921,2),(6896,2,5,5488,4469,921,2),(6897,2,6,5488,4469,921,2),(6898,3,1,5488,4469,921,2),(6899,3,2,5488,4469,921,2),(6900,3,3,5488,4469,921,2),(6901,3,4,5488,4469,921,2),(6902,3,5,5488,4469,921,2),(6903,3,6,5488,4469,921,2),(6904,4,1,5488,4469,921,2),(6905,4,2,5488,4469,921,2),(6906,4,3,5488,4469,921,2),(6907,4,4,5488,4469,921,2),(6908,4,5,5488,4469,921,2),(6909,4,6,5488,4469,921,2),(6910,5,1,5488,4469,921,2),(6911,5,2,5488,4469,921,2),(6912,5,3,2304,8202,921,2),(6913,5,4,2304,8202,921,2),(6914,5,5,2304,8202,921,2),(6915,5,6,2304,8202,921,2),(6916,6,1,5488,4469,921,2),(6917,6,2,5488,4469,921,2),(6918,6,3,2304,8202,921,2),(6919,6,4,2304,8202,921,2),(6920,6,5,2304,8202,921,2),(6921,6,6,2304,8202,921,2),(6922,7,1,6472,2023,921,2),(6923,1,1,7931,3366,922,2),(6924,1,2,7931,3366,922,2),(6925,1,3,7931,3366,922,2),(6926,1,4,7931,3366,922,2),(6927,1,5,3747,4469,922,2),(6928,1,6,3747,4469,922,2),(6929,2,1,3747,4469,922,2),(6930,2,2,3747,4469,922,2),(6931,2,3,5470,8221,922,2),(6932,2,4,5470,8221,922,2),(6933,2,5,5470,8221,922,2),(6934,2,6,5470,8221,922,2),(6935,3,1,5470,8221,922,2),(6936,3,2,5470,8221,922,2),(6937,3,3,5470,8221,922,2),(6938,3,4,5470,8221,922,2),(6939,3,5,5470,8221,922,2),(6940,3,6,5470,8221,922,2),(6941,4,1,5470,8221,922,2),(6942,4,2,5470,8221,922,2),(6943,4,3,2051,8233,922,2),(6944,4,4,2051,8233,922,2),(6945,4,5,6481,8235,922,2),(6946,4,6,6481,8235,922,2),(6947,5,1,5172,1247,922,2),(6948,5,2,5172,1247,922,2),(6949,5,3,5172,1247,922,2),(6950,5,4,5172,1247,922,2),(6951,6,5,3747,4469,922,2),(6952,6,6,3747,4469,922,2),(6953,7,1,3747,4469,922,2),(6954,2,1,5348,1247,923,2),(6955,2,2,5348,1247,923,2),(6956,3,3,1136,5007,923,2),(6957,3,4,1136,5007,923,2),(6958,3,5,4742,4742,923,2),(6959,3,6,4742,4742,923,2),(6960,4,1,4742,4742,923,2),(6961,4,2,4742,4742,923,2),(6962,4,3,4742,4742,923,2),(6963,4,4,4742,4742,923,2),(6964,4,5,4742,4742,923,2),(6965,4,6,4742,4742,923,2),(6966,5,1,4742,4742,923,2),(6967,5,2,4742,4742,923,2),(6968,5,3,4742,4742,923,2),(6969,5,4,4742,4742,923,2),(6970,1,1,4,7890,924,2),(6971,1,2,4,7890,924,2),(6972,3,1,1981,822,924,2),(6973,3,2,1981,822,924,2),(6974,3,3,1981,822,924,2),(6975,3,4,1981,822,924,2),(6976,3,5,1981,822,924,2),(6977,3,6,1981,822,924,2),(6978,3,1,4,7890,925,2),(6979,3,2,4,7890,925,2),(6980,3,3,1410,1187,925,2),(6981,3,4,1410,1187,925,2),(6982,3,5,1410,1187,925,2),(6983,3,6,1410,1187,925,2),(6984,4,1,5237,822,925,2),(6985,4,2,5237,822,925,2),(6986,4,5,1410,1187,925,2),(6987,4,6,1410,1187,925,2),(6988,5,1,1410,1187,925,2),(6989,5,2,1410,1187,925,2),(6990,5,3,1410,1187,925,2),(6991,5,4,1410,1187,925,2),(6992,5,5,3971,945,925,2),(6993,5,6,3971,945,925,2),(6994,6,1,3971,945,925,2),(6995,6,2,3971,945,925,2),(6996,6,3,3971,945,925,2),(6997,6,4,3971,945,925,2),(6998,6,5,3971,945,925,2),(6999,6,6,3971,945,925,2),(7000,3,1,4,7890,926,2),(7001,3,2,4,7890,926,2),(7002,3,3,1410,1187,926,2),(7003,3,4,1410,1187,926,2),(7004,3,5,1410,1187,926,2),(7005,3,6,1410,1187,926,2),(7006,4,1,5237,822,926,2),(7007,4,2,5237,822,926,2),(7008,4,5,1410,1187,926,2),(7009,4,6,1410,1187,926,2),(7010,5,1,1410,1187,926,2),(7011,5,2,1410,1187,926,2),(7012,5,3,1410,1187,926,2),(7013,5,4,1410,1187,926,2),(7014,5,5,3971,945,926,2),(7015,5,6,3971,945,926,2),(7016,6,1,3971,945,926,2),(7017,6,2,3971,945,926,2),(7018,6,3,3971,945,926,2),(7019,6,4,3971,945,926,2),(7020,6,5,3971,945,926,2),(7021,6,6,3971,945,926,2),(7022,1,1,4,7890,927,2),(7023,1,2,4,7890,927,2),(7024,1,3,5237,822,927,2),(7025,1,4,5237,822,927,2),(7026,1,5,742,3926,927,2),(7027,1,6,742,3926,927,2),(7028,2,1,5955,1919,927,2),(7029,2,2,5955,1919,927,2),(7030,2,3,2608,1227,927,2),(7031,2,4,2608,1227,927,2),(7032,2,5,2608,1227,927,2),(7033,2,6,2608,1227,927,2),(7034,3,1,2608,1227,927,2),(7035,3,2,2608,1227,927,2),(7036,3,3,5040,8412,927,2),(7037,3,4,5040,8412,927,2),(7038,3,5,5040,8412,927,2),(7039,3,6,5040,8412,927,2),(7040,4,1,1136,5007,927,2),(7041,4,2,1136,5007,927,2),(7042,4,3,1227,1391,927,2),(7043,4,4,1227,1391,927,2),(7044,4,5,1227,1391,927,2),(7045,4,6,1227,1391,927,2),(7046,5,1,2608,1227,927,2),(7047,5,2,2608,1227,927,2),(7048,5,3,2608,1227,927,2),(7049,5,4,2608,1227,927,2),(7050,5,5,2608,1227,927,2),(7051,5,6,2608,1227,927,2),(7052,6,1,2608,1227,927,2),(7053,6,2,2608,1227,927,2),(7054,6,3,8430,143,927,2),(7055,6,4,8430,143,927,2),(7056,6,5,8430,143,927,2),(7057,6,6,8430,143,927,2),(7058,7,1,8430,143,927,2),(7059,1,1,4,7890,928,2),(7060,1,2,4,7890,928,2),(7061,1,3,5237,822,928,2),(7062,1,4,5237,822,928,2),(7063,1,5,742,3926,928,2),(7064,1,6,742,3926,928,2),(7065,2,1,5955,1919,928,2),(7066,2,2,5955,1919,928,2),(7067,2,3,2608,1227,928,2),(7068,2,4,2608,1227,928,2),(7069,2,5,2608,1227,928,2),(7070,2,6,2608,1227,928,2),(7071,3,1,2608,1227,928,2),(7072,3,2,2608,1227,928,2),(7073,3,3,5040,8412,928,2),(7074,3,4,5040,8412,928,2),(7075,3,5,5040,8412,928,2),(7076,3,6,5040,8412,928,2),(7077,4,1,1136,5007,928,2),(7078,4,2,1136,5007,928,2),(7079,4,3,1227,1391,928,2),(7080,4,4,1227,1391,928,2),(7081,4,5,1227,1391,928,2),(7082,4,6,1227,1391,928,2),(7083,5,1,2608,1227,928,2),(7084,5,2,2608,1227,928,2),(7085,5,3,2608,1227,928,2),(7086,5,4,2608,1227,928,2),(7087,5,5,2608,1227,928,2),(7088,5,6,2608,1227,928,2),(7089,6,1,2608,1227,928,2),(7090,6,2,2608,1227,928,2),(7091,6,3,8430,143,928,2),(7092,6,4,8430,143,928,2),(7093,6,5,8430,143,928,2),(7094,6,6,8430,143,928,2),(7095,7,1,8430,143,928,2),(7096,1,1,4,2060,929,2),(7097,1,2,4,2060,929,2),(7098,1,3,4,4987,929,2),(7099,1,4,4,4987,929,2),(7100,1,5,7010,7010,929,2),(7101,1,6,7010,7010,929,2),(7102,2,1,7010,7010,929,2),(7103,2,2,7010,7010,929,2),(7104,2,3,3147,8480,929,2),(7105,2,4,3147,8480,929,2),(7106,2,5,3147,8480,929,2),(7107,2,6,3147,8480,929,2),(7108,3,1,3147,8480,929,2),(7109,3,2,3147,8480,929,2),(7110,3,3,7010,7010,929,2),(7111,3,4,7010,7010,929,2),(7112,3,5,7010,7010,929,2),(7113,3,6,7010,7010,929,2),(7114,4,1,7008,7008,929,2),(7115,4,2,7008,7008,929,2),(7116,4,3,7008,7008,929,2),(7117,4,4,7008,7008,929,2),(7118,4,5,5470,8494,929,2),(7119,4,6,5470,8494,929,2),(7120,5,1,5470,8494,929,2),(7121,5,2,5470,8494,929,2),(7122,5,3,5470,8494,929,2),(7123,5,4,5470,8494,929,2),(7124,5,5,7008,7008,929,2),(7125,5,6,7008,7008,929,2),(7126,6,1,7008,7008,929,2),(7127,6,2,7008,7008,929,2),(7128,6,3,7010,7010,929,2),(7129,6,4,7010,7010,929,2),(7130,6,5,7010,7010,929,2),(7131,6,6,7010,7010,929,2),(7132,7,1,7010,7010,929,2),(7133,1,1,882,8509,930,2),(7134,1,2,882,8509,930,2),(7135,1,3,8511,5914,930,2),(7136,1,4,8511,5914,930,2),(7137,1,5,8511,5914,930,2),(7138,1,6,8511,5914,930,2),(7139,2,1,8511,5914,930,2),(7140,2,2,8511,5914,930,2),(7141,2,3,8511,5914,930,2),(7142,2,4,8511,5914,930,2),(7143,2,5,8511,5914,930,2),(7144,2,6,8511,5914,930,2),(7145,3,1,4,8521,930,2),(7146,3,2,4,8521,930,2),(7147,3,3,813,1447,930,2),(7148,3,4,813,1447,930,2),(7149,3,5,813,1447,930,2),(7150,3,6,813,1447,930,2),(7151,4,1,813,1447,930,2),(7152,4,2,813,1447,930,2),(7153,4,3,813,1447,930,2),(7154,4,4,813,1447,930,2),(7155,4,5,813,1447,930,2),(7156,4,6,813,1447,930,2),(7157,5,1,813,1447,930,2),(7158,5,2,813,1447,930,2),(7159,5,3,813,1447,930,2),(7160,5,4,813,1447,930,2),(7161,5,5,813,1447,930,2),(7162,5,6,813,1447,930,2),(7163,6,3,8541,1611,930,2),(7164,6,4,8541,1611,930,2),(7165,6,5,8541,1611,930,2),(7166,6,6,8541,1611,930,2),(7167,7,1,7207,1391,930,2),(7168,1,1,4,8546,931,2),(7169,1,2,4,8546,931,2),(7170,1,3,2129,8548,931,2),(7171,1,4,2129,8548,931,2),(7172,1,5,2129,8548,931,2),(7173,1,6,2129,8548,931,2),(7174,2,1,8552,8552,931,2),(7175,2,2,8552,8552,931,2),(7176,2,3,8552,8552,931,2),(7177,2,4,8552,8552,931,2),(7178,2,5,8552,8552,931,2),(7179,2,6,8552,8552,931,2),(7180,3,1,8552,8552,931,2),(7181,3,2,8552,8552,931,2),(7182,3,3,8552,8552,931,2),(7183,3,4,8552,8552,931,2),(7184,3,5,8552,8552,931,2),(7185,3,6,8552,8552,931,2),(7186,4,1,8552,8552,931,2),(7187,4,2,8552,8552,931,2),(7188,4,3,8552,8552,931,2),(7189,4,4,8552,8552,931,2),(7190,4,5,8552,8552,931,2),(7191,4,6,8552,8552,931,2),(7192,5,1,1460,8175,931,2),(7193,5,2,1460,8175,931,2),(7194,5,3,1460,8175,931,2),(7195,5,4,1460,8175,931,2),(7196,5,5,1460,8175,931,2),(7197,5,6,1460,8175,931,2),(7198,6,1,1460,8175,931,2),(7199,6,2,1460,8175,931,2),(7200,6,3,1460,8175,931,2),(7201,6,4,1460,8175,931,2),(7202,6,5,1460,8175,931,2),(7203,6,6,1460,8175,931,2),(7204,7,1,1460,8175,931,2),(7205,1,1,126,9,932,2),(7206,1,2,126,9,932,2),(7207,1,3,126,9,932,2),(7208,1,4,126,9,932,2),(7209,1,5,126,9,932,2),(7210,1,6,126,9,932,2),(7211,2,1,7324,8589,932,2),(7212,2,2,7324,8589,932,2),(7213,2,3,7324,8589,932,2),(7214,2,4,7324,8589,932,2),(7215,2,5,7324,8593,932,2),(7216,2,6,7324,8593,932,2),(7217,3,1,7324,8593,932,2),(7218,3,2,7324,8593,932,2),(7219,3,3,8597,5907,932,2),(7220,3,4,8597,5907,932,2),(7221,3,5,8599,8599,932,2),(7222,3,6,8599,8599,932,2),(7223,4,1,5301,8601,932,2),(7224,4,2,5301,8601,932,2),(7225,4,3,7324,8593,932,2),(7226,4,4,7324,8593,932,2),(7227,4,5,7324,8593,932,2),(7228,4,6,7324,8593,932,2),(7229,5,1,7324,8593,932,2),(7230,5,2,7324,8593,932,2),(7231,5,3,5301,8601,932,2),(7232,5,4,5301,8601,932,2),(7233,5,5,5301,8601,932,2),(7234,5,6,5301,8601,932,2),(7235,6,1,7324,8589,932,2),(7236,6,2,7324,8589,932,2),(7237,6,3,7324,8589,932,2),(7238,6,4,7324,8589,932,2),(7239,6,5,7324,8589,932,2),(7240,6,6,7324,8589,932,2),(7241,7,1,5209,2639,932,2),(7242,1,1,3490,5367,933,2),(7243,1,2,3490,5367,933,2),(7244,1,3,1981,3366,933,2),(7245,1,4,1981,3366,933,2),(7246,1,5,1981,3366,933,2),(7247,1,6,1981,3366,933,2),(7248,2,1,2608,1227,933,2),(7249,2,2,2608,1227,933,2),(7250,2,3,2608,1227,933,2),(7251,2,4,2608,1227,933,2),(7252,2,5,2608,1227,933,2),(7253,2,6,2608,1227,933,2),(7254,3,1,5237,822,933,2),(7255,3,2,5237,822,933,2),(7256,3,5,2113,1369,933,2),(7257,3,6,2113,1369,933,2),(7258,4,1,2113,1369,933,2),(7259,4,2,2113,1369,933,2),(7260,5,3,2608,1227,933,2),(7261,5,4,2608,1227,933,2),(7262,5,5,2608,1227,933,2),(7263,5,6,2608,1227,933,2),(7264,6,1,2608,1227,933,2),(7265,6,2,2608,1227,933,2),(7266,6,3,2608,1227,933,2),(7267,6,4,2608,1227,933,2),(7268,1,1,4,8657,934,2),(7269,1,2,4,8657,934,2),(7270,1,3,8597,8153,934,2),(7271,1,4,8597,8153,934,2),(7272,1,5,8597,8153,934,2),(7273,1,6,8597,8153,934,2),(7274,2,1,8597,8153,934,2),(7275,2,2,8597,8153,934,2),(7276,2,3,8597,8153,934,2),(7277,2,4,8597,8153,934,2),(7278,2,5,8597,8153,934,2),(7279,2,6,8597,8153,934,2),(7280,3,1,2665,3858,934,2),(7281,3,2,2665,3858,934,2),(7282,3,3,2665,3858,934,2),(7283,3,4,2665,3858,934,2),(7284,3,5,2665,3858,934,2),(7285,3,6,2665,3858,934,2),(7286,4,1,4,8151,934,2),(7287,4,2,4,8151,934,2),(7288,4,3,8597,8153,934,2),(7289,4,4,8597,8153,934,2),(7290,4,5,1354,1354,934,2),(7291,4,6,1354,1354,934,2),(7292,5,1,1354,1354,934,2),(7293,5,2,1354,1354,934,2),(7294,5,3,8683,1611,934,2),(7295,5,4,8683,1611,934,2),(7296,5,5,8683,1611,934,2),(7297,5,6,8683,1611,934,2),(7298,6,1,2665,3858,934,2),(7299,6,2,2665,3858,934,2),(7300,6,3,2665,3858,934,2),(7301,6,4,2665,3858,934,2),(7302,6,5,2665,3858,934,2),(7303,6,6,2665,3858,934,2),(7304,7,1,3864,8693,934,2),(7305,1,1,8597,8153,935,2),(7306,1,2,8597,8153,935,2),(7307,1,3,8597,8153,935,2),(7308,1,4,8597,8153,935,2),(7309,1,5,8597,8153,935,2),(7310,1,6,8597,8153,935,2),(7311,2,1,8597,8153,935,2),(7312,2,2,8597,8153,935,2),(7313,2,3,8597,8153,935,2),(7314,2,4,8597,8153,935,2),(7315,2,5,2665,3858,935,2),(7316,2,6,2665,3858,935,2),(7317,3,1,2665,3858,935,2),(7318,3,2,2665,3858,935,2),(7319,3,3,2665,3858,935,2),(7320,3,4,2665,3858,935,2),(7321,3,5,4,8151,935,2),(7322,3,6,4,8151,935,2),(7323,4,1,8597,8153,935,2),(7324,4,2,8597,8153,935,2),(7325,4,3,1354,1354,935,2),(7326,4,4,1354,1354,935,2),(7327,4,5,1354,1354,935,2),(7328,4,6,1354,1354,935,2),(7329,5,1,8683,1611,935,2),(7330,5,2,8683,1611,935,2),(7331,5,3,8683,1611,935,2),(7332,5,4,8683,1611,935,2),(7333,5,5,2665,3858,935,2),(7334,5,6,2665,3858,935,2),(7335,6,1,2665,3858,935,2),(7336,6,2,2665,3858,935,2),(7337,6,3,2665,3858,935,2),(7338,6,4,2665,3858,935,2),(7339,6,5,3864,8693,935,2),(7340,6,6,3864,8693,935,2),(7341,7,1,3864,8693,935,2),(7342,1,1,5237,822,936,2),(7343,1,2,5237,822,936,2),(7344,1,3,5470,6259,936,2),(7345,1,4,5470,6259,936,2),(7346,1,5,2212,8735,936,2),(7347,1,6,2212,8735,936,2),(7348,2,1,2212,8735,936,2),(7349,2,2,2212,8735,936,2),(7350,2,3,2212,8739,936,2),(7351,2,4,2212,8739,936,2),(7352,2,5,2212,8735,936,2),(7353,2,6,2212,8735,936,2),(7354,3,1,2212,8735,936,2),(7355,3,2,2212,8735,936,2),(7356,3,3,2212,8735,936,2),(7357,3,4,2212,8735,936,2),(7358,3,5,2212,8735,936,2),(7359,3,6,2212,8735,936,2),(7360,4,1,3630,8735,936,2),(7361,4,2,3630,8735,936,2),(7362,4,3,3630,8735,936,2),(7363,4,4,3630,8735,936,2),(7364,4,5,3630,8735,936,2),(7365,4,6,3630,8735,936,2),(7366,5,1,3630,8735,936,2),(7367,5,2,3630,8735,936,2),(7368,5,3,3630,8735,936,2),(7369,5,4,3630,8735,936,2),(7370,5,5,3630,8735,936,2),(7371,5,6,3630,8735,936,2),(7372,6,1,2600,4,936,2),(7373,6,2,2600,4,936,2),(7374,6,3,2600,4,936,2),(7375,6,4,2600,4,936,2),(7376,6,5,2600,4,936,2),(7377,6,6,2600,4,936,2),(7378,7,1,2600,4,936,2),(7379,1,1,5237,822,937,2),(7380,1,2,5237,822,937,2),(7381,1,3,5470,6259,937,2),(7382,1,4,5470,6259,937,2),(7383,1,5,2212,8735,937,2),(7384,1,6,2212,8735,937,2),(7385,2,1,2212,8735,937,2),(7386,2,2,2212,8735,937,2),(7387,2,3,2212,8739,937,2),(7388,2,4,2212,8739,937,2),(7389,2,5,2212,8735,937,2),(7390,2,6,2212,8735,937,2),(7391,3,1,2212,8735,937,2),(7392,3,2,2212,8735,937,2),(7393,3,3,2212,8735,937,2),(7394,3,4,2212,8735,937,2),(7395,3,5,2212,8735,937,2),(7396,3,6,2212,8735,937,2),(7397,4,1,3630,8735,937,2),(7398,4,2,3630,8735,937,2),(7399,4,3,3630,8735,937,2),(7400,4,4,3630,8735,937,2),(7401,4,5,3630,8735,937,2),(7402,4,6,3630,8735,937,2),(7403,5,1,3630,8735,937,2),(7404,5,2,3630,8735,937,2),(7405,5,3,3630,8735,937,2),(7406,5,4,3630,8735,937,2),(7407,5,5,3630,8735,937,2),(7408,5,6,3630,8735,937,2),(7409,6,1,2600,4,937,2),(7410,6,2,2600,4,937,2),(7411,6,3,2600,4,937,2),(7412,6,4,2600,4,937,2),(7413,6,5,2600,4,937,2),(7414,6,6,2600,4,937,2),(7415,7,1,2600,4,937,2),(7416,1,1,2113,1369,938,2),(7417,1,2,2113,1369,938,2),(7418,1,3,2113,1369,938,2),(7419,1,4,2113,1369,938,2),(7420,1,5,4245,945,938,2),(7421,1,6,4245,945,938,2),(7422,2,1,7645,143,938,2),(7423,2,2,7645,143,938,2),(7424,2,3,2608,1227,938,2),(7425,2,4,2608,1227,938,2),(7426,2,5,2608,1227,938,2),(7427,2,6,2608,1227,938,2),(7428,3,1,2608,1227,938,2),(7429,3,2,2608,1227,938,2),(7430,3,3,2608,1227,938,2),(7431,3,4,2608,1227,938,2),(7432,3,5,2608,1227,938,2),(7433,3,6,2608,1227,938,2),(7434,4,1,2608,1227,938,2),(7435,4,2,2608,1227,938,2),(7436,4,3,2608,1227,938,2),(7437,4,4,2608,1227,938,2),(7438,5,1,7660,7660,938,2),(7439,5,2,7660,7660,938,2),(7440,5,3,7660,7660,938,2),(7441,5,4,7660,7660,938,2),(7442,5,5,8833,8833,938,2),(7443,5,6,8833,8833,938,2),(7444,6,1,7660,7660,938,2),(7445,6,2,7660,7660,938,2),(7446,6,3,7660,7660,938,2),(7447,6,4,7660,7660,938,2),(7448,6,5,7660,7660,938,2),(7449,6,6,7660,7660,938,2),(7450,7,1,7660,7660,938,2),(7451,1,1,5243,8842,939,2),(7452,1,2,5243,8842,939,2),(7453,1,3,5243,8842,939,2),(7454,1,4,5243,8842,939,2),(7455,1,5,5243,8842,939,2),(7456,1,6,5243,8842,939,2),(7457,2,1,5243,8842,939,2),(7458,2,2,5243,8842,939,2),(7459,5,1,6322,8866,939,2),(7460,5,2,6322,8866,939,2),(7461,5,3,6322,8866,939,2),(7462,5,4,6322,8866,939,2),(7463,5,5,6322,8866,939,2),(7464,5,6,6322,8866,939,2),(7465,6,1,8511,2171,939,2),(7466,6,2,8511,2171,939,2),(7467,6,3,8511,8874,939,2),(7468,6,4,8511,8874,939,2),(7469,6,5,8511,8874,939,2),(7470,6,6,8511,8874,939,2),(7471,7,1,8511,8874,939,2),(7472,1,1,7207,1391,940,2),(7473,1,2,7207,1391,940,2),(7474,1,3,2113,1369,940,2),(7475,1,4,2113,1369,940,2),(7476,1,5,882,1685,940,2),(7477,1,6,882,1685,940,2),(7478,2,1,1353,1689,940,2),(7479,2,2,1353,1689,940,2),(7480,2,3,4,8887,940,2),(7481,2,4,4,8887,940,2),(7482,2,5,2600,4,940,2),(7483,2,6,2600,4,940,2),(7484,3,1,2600,4,940,2),(7485,3,2,2600,4,940,2),(7486,3,3,8893,1919,940,2),(7487,3,4,8893,1919,940,2),(7488,3,5,8893,1919,940,2),(7489,3,6,8893,1919,940,2),(7490,4,1,5237,822,940,2),(7491,4,2,5237,822,940,2),(7492,4,3,5237,822,940,2),(7493,4,4,5237,822,940,2),(7494,4,5,8893,1919,940,2),(7495,4,6,8893,1919,940,2),(7496,5,1,8893,1919,940,2),(7497,5,2,8893,1919,940,2),(7498,1,5,1044,8920,941,2),(7499,1,6,1044,8920,941,2),(7500,2,1,1044,1259,941,2),(7501,2,2,1044,1259,941,2),(7502,2,3,882,1247,941,2),(7503,2,4,882,1247,941,2),(7504,2,5,2608,1227,941,2),(7505,2,6,2608,1227,941,2),(7506,3,5,689,1368,941,2),(7507,3,6,689,1368,941,2),(7508,4,1,2113,1369,941,2),(7509,4,2,2113,1369,941,2),(7510,4,3,2113,1369,941,2),(7511,4,4,2113,1369,941,2),(7512,5,1,8940,1919,941,2),(7513,5,2,8940,1919,941,2),(7514,5,3,8940,1919,941,2),(7515,5,4,8940,1919,941,2),(7516,5,5,8940,1919,941,2),(7517,5,6,8940,1919,941,2),(7518,6,1,8940,1919,941,2),(7519,6,2,8940,1919,941,2),(7520,6,3,8940,1919,941,2),(7521,6,4,8940,1919,941,2),(7522,6,5,1373,1373,941,2),(7523,6,6,1373,1373,941,2),(7524,7,1,1373,1373,941,2),(7525,1,1,4,6963,942,2),(7526,1,2,4,6963,942,2),(7527,1,3,5714,8955,942,2),(7528,1,4,5714,8955,942,2),(7529,1,5,5714,8955,942,2),(7530,1,6,5714,8955,942,2),(7531,2,1,5714,8955,942,2),(7532,2,2,5714,8955,942,2),(7533,2,3,602,6666,942,2),(7534,2,4,602,6666,942,2),(7535,2,5,602,6666,942,2),(7536,2,6,602,6666,942,2),(7537,3,1,602,6666,942,2),(7538,3,2,602,6666,942,2),(7539,3,3,5714,8955,942,2),(7540,3,4,5714,8955,942,2),(7541,3,5,5714,8955,942,2),(7542,3,6,5714,8955,942,2),(7543,4,1,4614,8971,942,2),(7544,4,2,4614,8971,942,2),(7545,4,3,4614,8971,942,2),(7546,4,4,4614,8971,942,2),(7547,4,5,4614,8971,942,2),(7548,4,6,4614,8971,942,2),(7549,5,1,4614,8971,942,2),(7550,5,2,4614,8971,942,2),(7551,5,3,4614,8971,942,2),(7552,5,4,4614,8971,942,2),(7553,5,5,4614,8971,942,2),(7554,5,6,4614,8971,942,2),(7555,6,1,602,6666,942,2),(7556,6,2,602,6666,942,2),(7557,6,3,602,6666,942,2),(7558,6,4,602,6666,942,2),(7559,6,5,602,6666,942,2),(7560,6,6,602,6666,942,2),(7561,7,1,6263,1919,942,2),(7562,1,1,1969,6312,943,2),(7563,1,2,1969,6312,943,2),(7564,1,3,1969,6312,943,2),(7565,1,4,1969,6312,943,2),(7566,1,5,1969,6312,943,2),(7567,1,6,1969,6312,943,2),(7568,2,1,1969,6312,943,2),(7569,2,2,1969,6312,943,2),(7570,2,3,1969,6312,943,2),(7571,2,4,1969,6312,943,2),(7572,2,5,1969,6312,943,2),(7573,2,6,1969,6312,943,2),(7574,3,1,1969,6312,943,2),(7575,3,2,1969,6312,943,2),(7576,3,3,4304,4304,943,2),(7577,3,4,4304,4304,943,2),(7578,3,5,4304,4304,943,2),(7579,3,6,4304,4304,943,2),(7580,4,1,1969,6312,943,2),(7581,4,2,1969,6312,943,2),(7582,4,3,1969,6312,943,2),(7583,4,4,1969,6312,943,2),(7584,4,5,4304,4304,943,2),(7585,4,6,4304,4304,943,2),(7586,5,1,4304,4304,943,2),(7587,5,2,4304,4304,943,2),(7588,5,3,1969,6312,943,2),(7589,5,4,1969,6312,943,2),(7590,7,1,6361,6363,943,2),(7591,1,1,2304,9027,944,2),(7592,1,2,2304,9027,944,2),(7593,1,3,2304,9027,944,2),(7594,1,4,2304,9027,944,2),(7595,1,5,2304,9027,944,2),(7596,1,6,2304,9027,944,2),(7597,2,1,2304,9027,944,2),(7598,2,2,2304,9027,944,2),(7599,2,3,822,9035,944,2),(7600,2,4,822,9035,944,2),(7601,2,5,822,9035,944,2),(7602,2,6,822,9035,944,2),(7603,3,1,822,9035,944,2),(7604,3,2,822,9035,944,2),(7605,3,3,5200,1919,944,2),(7606,3,4,5200,1919,944,2),(7607,3,5,5200,1919,944,2),(7608,3,6,5200,1919,944,2),(7609,4,1,5200,1919,944,2),(7610,4,2,5200,1919,944,2),(7611,4,3,6261,143,944,2),(7612,4,4,6261,143,944,2),(7613,4,5,6261,143,944,2),(7614,4,6,6261,143,944,2),(7615,5,1,6261,143,944,2),(7616,5,2,6261,143,944,2),(7617,5,3,5200,1919,944,2),(7618,5,4,5200,1919,944,2),(7619,5,5,5200,1919,944,2),(7620,5,6,5200,1919,944,2),(7621,6,1,5200,1919,944,2),(7622,6,2,5200,1919,944,2),(7623,6,3,9059,9059,944,2),(7624,6,4,9059,9059,944,2),(7625,6,5,9059,9059,944,2),(7626,6,6,9059,9059,944,2),(7627,7,1,2304,9063,944,2),(7628,1,3,9066,9066,945,2),(7629,1,4,9066,9066,945,2),(7630,1,5,9066,9066,945,2),(7631,1,6,9066,9066,945,2),(7632,2,1,9066,9066,945,2),(7633,2,2,9066,9066,945,2),(7634,2,3,9066,9066,945,2),(7635,2,4,9066,9066,945,2),(7636,1,1,9066,9066,946,2),(7637,1,2,9066,9066,946,2),(7638,1,3,9066,9066,946,2),(7639,1,4,9066,9066,946,2),(7640,1,5,9066,9066,946,2),(7641,1,6,9066,9066,946,2),(7642,2,1,9066,9066,946,2),(7643,2,2,9066,9066,946,2),(7644,1,1,374,871,947,2),(7645,1,2,374,871,947,2),(7646,1,3,882,1247,947,2),(7647,1,4,882,1247,947,2),(7648,1,5,374,871,947,2),(7649,1,6,374,871,947,2),(7650,2,1,374,871,947,2),(7651,2,2,374,871,947,2),(7652,2,3,374,871,947,2),(7653,2,4,374,871,947,2),(7654,2,5,1232,9148,947,2),(7655,2,6,1232,9148,947,2),(7656,3,1,374,871,947,2),(7657,3,2,374,871,947,2),(7658,3,3,4,9152,947,2),(7659,3,4,4,9152,947,2),(7660,3,5,2641,1919,947,2),(7661,3,6,2641,1919,947,2),(7662,4,1,2641,1919,947,2),(7663,4,2,2641,1919,947,2),(7664,5,5,2641,1919,947,2),(7665,5,6,2641,1919,947,2),(7666,6,1,2641,1919,947,2),(7667,6,2,2641,1919,947,2),(7668,6,3,2641,1919,947,2),(7669,6,4,2641,1919,947,2),(7670,6,5,1423,1251,947,2),(7671,6,6,1423,1251,947,2),(7672,7,1,1423,1251,947,2),(7673,1,1,374,871,948,2),(7674,1,2,374,871,948,2),(7675,1,3,882,1247,948,2),(7676,1,4,882,1247,948,2),(7677,1,5,374,871,948,2),(7678,1,6,374,871,948,2),(7679,2,1,374,871,948,2),(7680,2,2,374,871,948,2),(7681,2,3,374,871,948,2),(7682,2,4,374,871,948,2),(7683,2,5,1232,9148,948,2),(7684,2,6,1232,9148,948,2),(7685,3,1,374,871,948,2),(7686,3,2,374,871,948,2),(7687,3,3,4,9152,948,2),(7688,3,4,4,9152,948,2),(7689,3,5,2641,1919,948,2),(7690,3,6,2641,1919,948,2),(7691,4,1,2641,1919,948,2),(7692,4,2,2641,1919,948,2),(7693,5,5,2641,1919,948,2),(7694,5,6,2641,1919,948,2),(7695,6,1,2641,1919,948,2),(7696,6,2,2641,1919,948,2),(7697,6,3,2641,1919,948,2),(7698,6,4,2641,1919,948,2),(7699,6,5,1423,1251,948,2),(7700,6,6,1423,1251,948,2),(7701,7,1,1423,1251,948,2),(7702,1,1,374,871,949,2),(7703,1,2,374,871,949,2),(7704,1,3,882,1247,949,2),(7705,1,4,882,1247,949,2),(7706,1,5,374,871,949,2),(7707,1,6,374,871,949,2),(7708,2,1,374,871,949,2),(7709,2,2,374,871,949,2),(7710,2,3,374,871,949,2),(7711,2,4,374,871,949,2),(7712,2,5,1232,9148,949,2),(7713,2,6,1232,9148,949,2),(7714,3,1,374,871,949,2),(7715,3,2,374,871,949,2),(7716,3,3,4,9152,949,2),(7717,3,4,4,9152,949,2),(7718,3,5,2641,1919,949,2),(7719,3,6,2641,1919,949,2),(7720,4,1,2641,1919,949,2),(7721,4,2,2641,1919,949,2),(7722,5,5,2641,1919,949,2),(7723,5,6,2641,1919,949,2),(7724,6,1,2641,1919,949,2),(7725,6,2,2641,1919,949,2),(7726,6,3,2641,1919,949,2),(7727,6,4,2641,1919,949,2),(7728,6,5,1423,1251,949,2),(7729,6,6,1423,1251,949,2),(7730,7,1,1423,1251,949,2),(7731,1,1,4,9249,950,2),(7732,1,2,4,9249,950,2),(7733,1,3,7059,7059,950,2),(7734,1,4,7059,7059,950,2),(7735,1,5,7059,7059,950,2),(7736,1,6,7059,7059,950,2),(7737,2,1,7059,7059,950,2),(7738,2,2,7059,7059,950,2),(7739,2,3,7059,7059,950,2),(7740,2,4,7059,7059,950,2),(7741,2,5,7059,7059,950,2),(7742,2,6,7059,7059,950,2),(7743,3,1,7059,7059,950,2),(7744,3,2,7059,7059,950,2),(7745,3,3,7059,7059,950,2),(7746,3,4,7059,7059,950,2),(7747,3,5,7078,9265,950,2),(7748,3,6,7078,9265,950,2),(7749,4,1,7078,9265,950,2),(7750,4,2,7078,9265,950,2),(7751,4,3,7059,7059,950,2),(7752,4,4,7059,7059,950,2),(7753,4,5,9271,7051,950,2),(7754,4,6,9271,7051,950,2),(7755,5,1,9271,7051,950,2),(7756,5,2,9271,7051,950,2),(7757,5,3,9271,7051,950,2),(7758,5,4,9271,7051,950,2),(7759,5,5,9271,7051,950,2),(7760,5,6,9271,7051,950,2),(7761,6,1,9271,7051,950,2),(7762,6,2,9271,7051,950,2),(7763,6,3,9271,7051,950,2),(7764,6,4,9271,7051,950,2),(7765,6,5,9271,7051,950,2),(7766,6,6,9271,7051,950,2),(7767,7,1,7078,9265,950,2),(7768,1,1,7324,9286,951,2),(7769,1,2,7324,9286,951,2),(7770,1,3,7310,9288,951,2),(7771,1,4,7310,9288,951,2),(7772,1,5,7310,9288,951,2),(7773,1,6,7310,9288,951,2),(7774,2,1,7310,9288,951,2),(7775,2,2,7310,9288,951,2),(7776,2,3,7310,9288,951,2),(7777,2,4,7310,9288,951,2),(7778,2,5,7310,9288,951,2),(7779,2,6,7310,9288,951,2),(7780,3,1,6329,7290,951,2),(7781,3,2,6329,7290,951,2),(7782,3,3,6329,7290,951,2),(7783,3,4,6329,7290,951,2),(7784,3,5,6329,7290,951,2),(7785,3,6,6329,7290,951,2),(7786,4,1,7310,9288,951,2),(7787,4,2,7310,9288,951,2),(7788,4,3,7310,9288,951,2),(7789,4,4,7310,9288,951,2),(7790,4,5,7310,9288,951,2),(7791,4,6,7310,9288,951,2),(7792,5,1,2641,1919,951,2),(7793,5,2,2641,1919,951,2),(7794,5,3,2641,1919,951,2),(7795,5,4,2641,1919,951,2),(7796,5,5,2641,1919,951,2),(7797,5,6,2641,1919,951,2),(7798,6,1,6329,7290,951,2),(7799,6,2,6329,7290,951,2),(7800,6,3,6329,7290,951,2),(7801,6,4,6329,7290,951,2),(7802,6,5,6329,7290,951,2),(7803,6,6,6329,7290,951,2),(7804,7,1,6329,7290,951,2),(7805,1,1,5301,5907,952,2),(7806,1,2,5301,5907,952,2),(7807,1,3,5301,5907,952,2),(7808,1,4,5301,5907,952,2),(7809,1,5,5301,5907,952,2),(7810,1,6,5301,5907,952,2),(7811,2,1,5301,5907,952,2),(7812,2,2,5301,5907,952,2),(7813,2,3,5301,5907,952,2),(7814,2,4,5301,5907,952,2),(7815,2,5,8139,9333,952,2),(7816,2,6,8139,9333,952,2),(7817,3,1,8139,9333,952,2),(7818,3,2,8139,9333,952,2),(7819,3,3,8139,9333,952,2),(7820,3,4,8139,9333,952,2),(7821,3,5,8139,9333,952,2),(7822,3,6,8139,9333,952,2),(7823,4,1,8139,9333,952,2),(7824,4,2,8139,9333,952,2),(7825,4,3,8139,9333,952,2),(7826,4,4,8139,9333,952,2),(7827,4,5,8139,9333,952,2),(7828,4,6,8139,9333,952,2),(7829,5,1,8139,9333,952,2),(7830,5,2,8139,9333,952,2),(7831,5,3,8139,9333,952,2),(7832,5,4,8139,9333,952,2),(7833,5,5,8139,9333,952,2),(7834,5,6,8139,9333,952,2),(7835,6,1,6337,9353,952,2),(7836,6,2,6337,9353,952,2),(7837,6,3,6337,9353,952,2),(7838,6,4,6337,9353,952,2),(7839,6,5,6337,9353,952,2),(7840,6,6,6337,9353,952,2),(7841,7,1,4319,7290,952,2),(7842,1,1,5301,5907,953,2),(7843,1,2,5301,5907,953,2),(7844,1,3,5301,5907,953,2),(7845,1,4,5301,5907,953,2),(7846,1,5,5301,5907,953,2),(7847,1,6,5301,5907,953,2),(7848,2,1,5301,5907,953,2),(7849,2,2,5301,5907,953,2),(7850,2,3,5301,5907,953,2),(7851,2,4,5301,5907,953,2),(7852,2,5,8139,9333,953,2),(7853,2,6,8139,9333,953,2),(7854,3,1,8139,9333,953,2),(7855,3,2,8139,9333,953,2),(7856,3,3,8139,9333,953,2),(7857,3,4,8139,9333,953,2),(7858,3,5,8139,9333,953,2),(7859,3,6,8139,9333,953,2),(7860,4,1,8139,9333,953,2),(7861,4,2,8139,9333,953,2),(7862,4,3,8139,9333,953,2),(7863,4,4,8139,9333,953,2),(7864,4,5,8139,9333,953,2),(7865,4,6,8139,9333,953,2),(7866,5,1,8139,9333,953,2),(7867,5,2,8139,9333,953,2),(7868,5,3,8139,9333,953,2),(7869,5,4,8139,9333,953,2),(7870,5,5,8139,9333,953,2),(7871,5,6,8139,9333,953,2),(7872,6,1,6337,9353,953,2),(7873,6,2,6337,9353,953,2),(7874,6,3,6337,9353,953,2),(7875,6,4,6337,9353,953,2),(7876,6,5,6337,9353,953,2),(7877,6,6,6337,9353,953,2),(7878,7,1,4319,7290,953,2),(7879,1,1,2672,143,954,2),(7880,1,2,2672,143,954,2),(7881,1,3,2672,143,954,2),(7882,1,4,2672,143,954,2),(7883,1,5,2672,143,954,2),(7884,1,6,2672,143,954,2),(7885,2,1,2672,143,954,2),(7886,2,2,2672,143,954,2),(7887,2,3,2672,143,954,2),(7888,2,4,2672,143,954,2),(7889,2,5,5470,6259,954,2),(7890,2,6,5470,6259,954,2),(7891,3,1,5955,1919,954,2),(7892,3,2,5955,1919,954,2),(7893,3,3,2113,1369,954,2),(7894,3,4,2113,1369,954,2),(7895,3,5,2113,1369,954,2),(7896,3,6,2113,1369,954,2),(7897,4,1,9415,9415,954,2),(7898,4,2,9415,9415,954,2),(7899,4,3,2672,143,954,2),(7900,4,4,2672,143,954,2),(7901,4,5,9419,5007,954,2),(7902,4,6,9419,5007,954,2),(7903,5,1,9419,5007,954,2),(7904,5,2,9419,5007,954,2),(7905,5,3,9419,5007,954,2),(7906,5,4,9419,5007,954,2),(7907,5,5,9419,5007,954,2),(7908,5,6,9419,5007,954,2),(7909,6,1,9419,5007,954,2),(7910,6,2,9419,5007,954,2),(7911,1,1,2672,143,955,2),(7912,1,2,2672,143,955,2),(7913,1,3,2672,143,955,2),(7914,1,4,2672,143,955,2),(7915,1,5,2672,143,955,2),(7916,1,6,2672,143,955,2),(7917,2,1,2672,143,955,2),(7918,2,2,2672,143,955,2),(7919,2,3,2672,143,955,2),(7920,2,4,2672,143,955,2),(7921,2,5,5470,6259,955,2),(7922,2,6,5470,6259,955,2),(7923,3,1,5955,1919,955,2),(7924,3,2,5955,1919,955,2),(7925,3,3,2113,1369,955,2),(7926,3,4,2113,1369,955,2),(7927,3,5,2113,1369,955,2),(7928,3,6,2113,1369,955,2),(7929,4,1,9415,9415,955,2),(7930,4,2,9415,9415,955,2),(7931,4,3,2672,143,955,2),(7932,4,4,2672,143,955,2),(7933,4,5,9419,5007,955,2),(7934,4,6,9419,5007,955,2),(7935,5,1,9419,5007,955,2),(7936,5,2,9419,5007,955,2),(7937,5,3,9419,5007,955,2),(7938,5,4,9419,5007,955,2),(7939,5,5,9419,5007,955,2),(7940,5,6,9419,5007,955,2),(7941,6,1,9419,5007,955,2),(7942,6,2,9419,5007,955,2),(7943,1,3,4,7680,956,2),(7944,1,4,4,7680,956,2),(7945,3,3,5955,1919,956,2),(7946,3,4,5955,1919,956,2),(7947,3,5,5955,1919,956,2),(7948,3,6,5955,1919,956,2),(7949,6,1,5054,9501,956,2),(7950,6,2,5054,9501,956,2),(7951,6,3,5955,1919,956,2),(7952,6,4,5955,1919,956,2),(7953,6,5,5955,1919,956,2),(7954,6,6,5955,1919,956,2),(7955,7,1,5955,1919,956,2),(7956,1,2,126,9,957,2),(7957,1,3,2522,145,957,2),(7958,1,4,6218,2023,957,2),(7959,1,5,3593,9,957,2),(7960,2,1,2522,145,957,1),(7961,2,1,2522,145,957,1),(7962,2,2,4277,1725,957,2),(7963,2,3,9515,132,957,0),(7964,2,3,1369,1369,957,1),(7965,2,4,4,4,957,2),(7966,2,5,6218,2023,957,0),(7967,2,5,1369,1369,957,1),(7968,3,1,9515,132,957,2),(7969,3,2,2129,7,957,2),(7970,3,3,4277,1725,957,0),(7971,3,4,9515,132,957,2),(7972,4,1,2129,7,957,1),(7973,4,2,3593,9,957,2),(7974,4,4,9515,132,957,2),(7975,1,1,2594,523,958,0),(7976,1,1,9528,2550,958,1),(7977,1,2,9529,145,958,2),(7978,1,3,3593,9,958,0),(7979,1,3,9528,2550,958,1),(7980,1,4,9532,9532,958,2),(7981,1,5,9533,9533,958,2),(7982,1,6,4,4,958,2),(7983,2,1,2129,7,958,2),(7984,2,2,2959,186,958,2),(7985,2,3,3593,9,958,2),(7986,2,4,2959,186,958,2),(7987,2,5,4,4,958,2),(7988,2,6,9533,9533,958,2),(7989,3,1,2129,7,958,1),(7990,3,2,3593,9,958,1),(7991,3,3,9529,145,958,1),(7992,3,4,2594,523,958,0),(7993,3,5,9532,9532,958,2),(7994,4,1,1961,9,958,1),(7995,1,4,2552,9547,959,2),(7996,2,1,4,4,959,2),(7997,2,2,2550,2550,959,0),(7998,2,3,2316,9,959,2),(7999,2,4,9529,145,959,1),(8000,2,4,9529,145,959,1),(8001,2,5,4,4,959,2),(8002,3,1,9554,132,959,2),(8003,3,2,2129,7,959,2),(8004,3,3,522,4230,959,2),(8005,3,4,9529,145,959,2),(8006,3,5,522,4230,959,2),(8007,4,1,2332,9547,959,0),(8008,4,1,2552,142,959,1),(8009,4,2,9554,132,959,2),(8010,4,3,2550,2550,959,1),(8011,4,3,2550,2550,959,1),(8012,4,4,2552,142,959,1),(8013,5,2,2129,7,959,0),(8014,5,2,522,4230,959,1),(8015,1,3,2316,9,960,2),(8016,2,1,4,4,960,2),(8017,2,2,2550,2550,960,0),(8018,2,3,522,4230,960,2),(8019,2,4,2552,9547,960,2),(8020,2,5,4,4,960,2),(8021,3,1,9554,132,960,2),(8022,3,2,2129,7,960,2),(8023,3,3,2550,2550,960,1),(8024,3,3,2550,2550,960,1),(8025,3,4,9529,145,960,2),(8026,3,5,522,4230,960,2),(8027,4,1,2332,9547,960,0),(8028,4,1,2552,142,960,1),(8029,4,2,2129,7,960,0),(8030,4,2,522,4230,960,1),(8031,4,4,9529,145,960,1),(8032,4,4,9529,145,960,1),(8033,5,2,9554,132,960,2),(8034,5,4,2552,142,960,1),(8035,1,1,2594,523,961,0),(8036,1,4,2594,523,961,0),(8037,1,6,9589,1369,961,0),(8038,1,6,145,145,961,1),(8039,2,1,2129,7,961,2),(8040,2,2,4,4,961,2),(8041,2,3,9532,9593,961,0),(8042,2,3,1369,1369,961,1),(8043,2,4,145,145,961,2),(8044,2,6,9596,9533,961,2),(8045,3,1,2316,9,961,2),(8046,3,2,9598,9598,961,2),(8047,3,3,2316,9,961,2),(8048,3,4,145,145,961,2),(8049,3,6,4,4,961,2),(8050,4,1,9532,9593,961,0),(8051,4,2,9598,9598,961,2),(8052,4,3,9596,9533,961,2),(8053,5,2,9605,9593,961,0),(8054,5,2,2129,7,961,1),(8055,5,3,9596,9533,961,0),(8056,1,1,2594,523,962,0),(8057,1,6,9596,9533,962,2),(8058,2,1,2129,7,962,2),(8059,2,2,4,4,962,2),(8060,2,3,9532,9593,962,0),(8061,2,3,1369,1369,962,1),(8062,2,4,2594,523,962,0),(8063,2,6,9589,1369,962,0),(8064,2,6,145,145,962,1),(8065,3,1,2316,9,962,2),(8066,3,2,9598,9598,962,2),(8067,3,3,2316,9,962,2),(8068,3,4,145,145,962,2),(8069,3,6,4,4,962,2),(8070,4,1,9532,9593,962,0),(8071,4,2,9532,9593,962,0),(8072,4,2,2129,7,962,1),(8073,4,3,9596,9533,962,2),(8074,4,4,145,145,962,2),(8075,5,2,9598,9598,962,2),(8076,5,3,9596,9533,962,1),(8077,1,1,1961,9,963,2),(8078,1,3,2522,145,963,2),(8079,1,4,1961,9,963,2),(8080,1,5,9589,1369,963,1),(8081,2,1,4277,1725,963,1),(8082,2,1,4277,1725,963,1),(8083,2,3,9515,132,963,0),(8084,2,3,1369,1369,963,1),(8085,2,4,4,4,963,2),(8086,2,5,2959,158,963,1),(8087,3,1,2522,145,963,1),(8088,3,1,2522,145,963,1),(8089,3,2,2129,7,963,2),(8090,3,3,4277,1725,963,0),(8091,3,3,2129,7,963,1),(8092,3,4,9515,132,963,2),(8093,3,5,2959,158,963,1),(8094,4,1,9515,132,963,2),(8095,4,2,4,4,963,2),(8096,4,3,9515,132,963,2),(8097,1,1,2594,523,964,0),(8098,1,1,9528,2550,964,1),(8099,1,2,9529,145,964,2),(8100,1,3,2594,523,964,0),(8101,1,3,9529,145,964,1),(8102,1,4,3593,9,964,2),(8103,1,5,9533,9533,964,2),(8104,1,6,9533,9533,964,2),(8105,2,1,2129,7,964,2),(8106,2,2,2959,186,964,2),(8107,2,3,2129,7,964,0),(8108,2,3,9528,2550,964,1),(8109,2,4,9532,9532,964,2),(8110,2,5,4,4,964,2),(8111,2,6,4,4,964,2),(8112,3,3,3593,9,964,2),(8113,3,4,2959,186,964,2),(8114,3,5,9532,9532,964,2),(8115,1,1,2594,523,965,0),(8116,1,1,9528,2550,965,1),(8117,1,2,9529,145,965,2),(8118,1,5,9533,9533,965,2),(8119,2,1,2129,7,965,2),(8120,2,2,2959,186,965,2),(8121,2,3,2594,523,965,0),(8122,2,3,9529,145,965,1),(8123,2,5,4,4,965,2),(8124,2,6,4,4,965,2),(8125,3,2,126,9,965,2),(8126,3,3,2129,7,965,0),(8127,3,3,9528,2550,965,1),(8128,3,4,9532,9532,965,2),(8129,3,5,9532,9532,965,2),(8130,3,6,9533,9533,965,2),(8131,4,3,126,9,965,2),(8132,4,4,2959,186,965,2),(8133,1,1,194,9685,966,2),(8134,1,2,194,9685,966,2),(8135,1,4,4600,2023,966,2),(8136,1,5,9688,145,966,0),(8137,2,1,2129,7,966,2),(8138,2,2,9690,2183,966,2),(8139,2,3,396,142,966,1),(8140,2,4,3757,132,966,2),(8141,2,5,396,142,966,0),(8142,3,1,9690,2183,966,0),(8143,3,1,9688,145,966,1),(8144,3,2,34,9,966,2),(8145,3,3,396,142,966,1),(8146,3,4,4600,2023,966,2),(8147,3,5,3757,132,966,2),(8148,4,1,2129,7,966,0),(8149,4,1,9688,145,966,1),(8150,4,2,4,4,966,2),(8151,4,5,4,4,966,2),(8152,1,2,2522,145,967,1),(8153,1,2,2522,145,967,1),(8154,1,3,126,9,967,1),(8155,2,1,2129,7,967,2),(8156,2,2,9709,129,967,0),(8157,2,2,2522,145,967,1),(8158,2,3,2129,7,967,1),(8159,2,4,3757,132,967,2),(8160,2,5,3757,132,967,2),(8161,3,1,160,2602,967,0),(8162,3,1,9715,2183,967,1),(8163,3,2,9709,129,967,2),(8164,3,3,9715,2183,967,1),(8165,3,4,160,5480,967,2),(8166,3,5,4,4,967,2),(8167,4,1,160,2602,967,2),(8168,4,2,4,4,967,2),(8169,4,4,160,5480,967,2),(8170,1,3,2522,145,968,2),(8171,1,5,1369,1369,968,1),(8172,2,2,126,9,968,2),(8173,2,3,9515,132,968,0),(8174,2,3,1369,1369,968,1),(8175,2,4,4,4,968,2),(8176,2,5,126,9,968,2),(8177,3,1,2129,7,968,0),(8178,3,2,2129,7,968,2),(8179,3,3,9515,132,968,2),(8180,3,4,9515,132,968,2),(8181,3,5,4277,1725,968,0),(8182,4,1,2522,145,968,1),(8183,4,1,2522,145,968,1),(8184,4,3,4277,1725,968,0),(8185,5,1,9515,132,968,2),(8186,1,1,2594,41,969,1),(8187,1,2,2594,41,969,1),(8188,1,3,4281,5007,969,0),(8189,1,4,9743,9743,969,2),(8190,1,5,9419,7629,969,1),(8191,1,5,9419,7629,969,1),(8192,2,1,5472,1949,969,2),(8193,2,2,4,4,969,2),(8194,2,3,4281,5007,969,1),(8195,2,3,4281,5007,969,1),(8196,2,4,1215,7629,969,2),(8197,2,5,9751,9751,969,0),(8198,2,5,9743,9743,969,1),(8199,3,1,4277,9753,969,1),(8200,3,1,4277,9753,969,1),(8201,3,2,5472,547,969,0),(8202,3,2,4277,9753,969,1),(8203,3,3,9751,9743,969,2),(8204,3,5,4281,9751,969,2),(8205,4,1,2594,41,969,0),(8206,4,2,9760,2302,969,0),(8207,5,2,9760,2302,969,0),(8208,1,2,2594,41,970,1),(8209,1,3,2594,41,970,1),(8210,1,5,9596,9765,970,2),(8211,2,2,4,4,970,2),(8212,2,3,9767,9767,970,0),(8213,2,3,2594,41,970,1),(8214,2,4,6261,143,970,1),(8215,2,5,9596,9765,970,0),(8216,2,5,3593,9,970,1),(8217,3,2,9773,9767,970,2),(8218,3,3,9774,2557,970,2),(8219,3,4,6261,143,970,0),(8220,3,4,1215,9776,970,1),(8221,3,5,4,4,970,2),(8222,4,1,9774,2557,970,2),(8223,4,2,9767,9767,970,1),(8224,4,4,9596,9765,970,0),(8225,5,1,1215,9776,970,2),(8226,6,1,9782,9776,970,2),(8227,1,1,4,4,971,2),(8228,1,5,148,4226,971,0),(8229,1,5,2791,186,971,1),(8230,2,1,2316,9786,971,2),(8231,2,2,9529,145,971,0),(8232,2,3,9554,132,971,0),(8233,2,4,5040,945,971,1),(8234,2,5,4281,4277,971,2),(8235,3,1,6220,4590,971,1),(8236,3,2,9529,145,971,0),(8237,3,2,9795,1725,971,1),(8238,3,3,4,4,971,2),(8239,4,1,5040,945,971,0),(8240,4,1,148,4226,971,1),(8241,4,2,522,1725,971,0),(8242,4,2,6220,4590,971,1),(8243,4,3,9554,132,971,0),(8244,4,4,4281,4277,971,1),(8245,5,3,5040,945,971,2),(8246,5,4,2959,186,971,1),(8247,1,1,4,4,972,2),(8248,1,5,148,4226,972,0),(8249,1,5,2791,186,972,1),(8250,2,1,2316,9786,972,2),(8251,2,2,9529,145,972,1),(8252,2,4,4281,4277,972,1),(8253,2,5,4281,4277,972,2),(8254,3,1,6220,4590,972,1),(8255,3,2,9529,145,972,0),(8256,3,2,9795,1725,972,1),(8257,3,3,9554,132,972,0),(8258,3,5,4,4,972,2),(8259,4,1,148,4226,972,0),(8260,4,1,5040,945,972,1),(8261,4,3,9554,132,972,0),(8262,4,4,2791,186,972,1),(8263,5,2,522,1725,972,0),(8264,5,2,6220,4590,972,1),(8265,5,3,5040,945,972,2),(8266,6,3,5040,945,972,0),(8267,1,2,2594,41,973,1),(8268,1,4,9834,9834,973,2),(8269,1,5,2594,41,973,2),(8270,2,2,4,4,973,2),(8271,2,4,9596,547,973,0),(8272,2,4,6261,143,973,1),(8273,3,3,5661,1919,973,1),(8274,3,4,9596,547,973,2),(8275,3,5,4,4,973,2),(8276,3,6,9596,547,973,1),(8277,3,6,9596,547,973,1),(8278,4,2,5661,1919,973,1),(8279,4,3,6261,143,973,0),(8280,4,3,2316,9,973,1),(8281,4,4,9596,547,973,1),(8282,5,3,9834,9834,973,2),(8283,1,2,9855,129,974,0),(8284,1,2,2594,41,974,1),(8285,1,4,9743,9743,974,2),(8286,2,1,2594,41,974,2),(8287,2,2,4,4,974,2),(8288,2,3,9419,7629,974,0),(8289,2,3,1215,7629,974,1),(8290,2,4,9743,9743,974,1),(8291,2,4,9743,9743,974,1),(8292,2,5,9864,9753,974,1),(8293,2,5,9864,9753,974,1),(8294,3,1,9855,129,974,2),(8295,3,2,5472,547,974,0),(8296,3,2,4277,9753,974,1),(8297,3,3,1215,7629,974,2),(8298,3,4,9792,9870,974,1),(8299,3,4,9792,9870,974,1),(8300,3,5,4,4,974,2),(8301,4,2,5472,1949,974,0),(8302,4,4,9792,9870,974,1),(8303,1,5,9596,9765,975,2),(8304,2,1,9598,9877,975,0),(8305,2,2,4,4,975,2),(8306,2,3,9767,9767,975,1),(8307,2,4,6261,143,975,1),(8308,2,4,6261,143,975,1),(8309,2,5,3593,9,975,0),(8310,2,5,9596,9765,975,1),(8311,3,1,9598,9877,975,2),(8312,3,2,9773,9767,975,2),(8313,3,3,2594,41,975,2),(8314,3,5,4,4,975,2),(8315,4,1,9774,2557,975,2),(8316,4,2,9767,9767,975,0),(8317,4,3,9774,2557,975,2),(8318,1,1,6645,9893,976,1),(8319,1,2,9690,9894,976,1),(8320,1,2,9690,9894,976,1),(8321,1,4,9690,3632,976,1),(8322,1,4,9690,3632,976,1),(8323,2,1,6645,9893,976,1),(8324,2,2,9901,7629,976,1),(8325,2,2,9901,7629,976,1),(8326,2,3,9688,9903,976,0),(8327,2,4,9690,3632,976,2),(8328,2,5,4,4,976,2),(8329,3,1,6645,9893,976,1),(8330,3,2,3173,414,976,1),(8331,3,2,3173,414,976,1),(8332,3,3,9688,9903,976,0),(8333,4,1,9690,9894,976,1),(8334,4,2,3173,414,976,0),(8335,4,3,3757,132,976,2),(8336,4,4,4,4,976,2),(8337,5,3,3757,132,976,2),(8338,6,3,9419,7629,976,1),(8339,1,2,9917,9,977,0),(8340,1,2,2594,41,977,1),(8341,1,4,4,4,977,2),(8342,2,2,142,9921,977,2),(8343,2,3,142,9921,977,0),(8344,2,4,973,3858,977,2),(8345,2,5,2594,41,977,2),(8346,3,2,142,9921,977,2),(8347,3,3,3757,132,977,2),(8348,3,4,973,6719,977,2),(8349,3,5,973,6719,977,1),(8350,4,1,9715,9929,977,2),(8351,4,2,4,4,977,2),(8352,4,3,3757,132,977,2),(8353,4,5,973,3858,977,1),(8354,5,1,9715,9929,977,2),(8355,1,2,2594,41,978,1),(8356,1,4,9743,9743,978,2),(8357,2,2,4,4,978,2),(8358,2,4,1215,7629,978,2),(8359,2,5,9419,7629,978,1),(8360,2,5,9419,7629,978,1),(8361,2,6,9864,9941,978,0),(8362,2,6,4277,9942,978,1),(8363,3,1,2594,41,978,2),(8364,3,2,5472,547,978,0),(8365,3,2,4277,9753,978,1),(8366,3,3,4277,9753,978,1),(8367,3,5,4,4,978,2),(8368,4,1,5472,1949,978,2),(8369,4,3,9751,9743,978,2),(8370,5,3,9743,9765,978,2),(8371,6,3,9743,9765,978,2),(8372,1,2,4,4,979,2),(8373,1,4,9864,9953,979,0),(8374,1,4,9954,9954,979,1),(8375,2,1,9955,3212,979,2),(8376,2,2,9956,9954,979,2),(8377,2,5,9955,3212,979,0),(8378,3,1,9956,9954,979,0),(8379,3,1,9743,3212,979,1),(8380,3,2,9961,9961,979,2),(8381,3,3,4,4,979,2),(8382,3,4,2608,4590,979,2),(8383,3,5,9864,9953,979,2),(8384,4,1,9956,9954,979,0),(8385,4,2,9961,9961,979,0),(8386,4,3,2608,4590,979,0),(8387,4,5,9954,9954,979,2),(8388,1,2,9970,9970,980,2),(8389,1,4,9834,9834,980,2),(8390,1,5,4281,5007,980,2),(8391,2,2,9973,9973,980,2),(8392,2,3,573,9974,980,0),(8393,2,4,9973,9973,980,2),(8394,2,5,4,4,980,2),(8395,3,3,4281,5007,980,2),(8396,3,4,5040,945,980,2),(8397,3,5,9774,9979,980,2),(8398,4,3,5040,945,980,0),(8399,4,3,9834,9834,980,1),(8400,4,4,9970,9970,980,2),(8401,4,5,9774,9979,980,0),(8402,4,5,573,9974,980,1),(8403,1,2,9985,9985,981,0),(8404,1,4,8114,9987,981,0),(8405,1,5,4,4,981,2),(8406,2,2,9985,9985,981,0),(8407,2,4,8114,9987,981,0),(8408,2,4,6218,2183,981,1),(8409,2,5,8114,8114,981,2),(8410,3,2,396,6269,981,2),(8411,3,3,4,4,981,0),(8412,3,5,8118,8114,981,0),(8413,3,5,8118,10001,981,1),(8414,4,2,9751,10003,981,0),(8415,4,2,2550,6269,981,1),(8416,4,5,8118,10001,981,2),(8417,1,2,9605,10008,982,1),(8418,1,4,9605,10008,982,2),(8419,2,2,5237,822,982,0),(8420,2,2,9605,10008,982,1),(8421,2,3,573,9974,982,0),(8422,2,4,9772,10008,982,2),(8423,3,2,5237,822,982,2),(8424,3,3,4,4,982,2),(8425,3,4,4450,945,982,1),(8426,3,5,9743,10020,982,2),(8427,4,4,4450,945,982,1),(8428,4,5,9743,10020,982,2),(8429,5,5,573,9974,982,1),(8430,1,5,10028,10028,983,2),(8431,2,1,9968,10029,983,1),(8432,2,3,9955,3212,983,2),(8433,2,4,2608,4590,983,2),(8434,2,5,4,4,983,2),(8435,3,1,9968,10029,983,1),(8436,3,3,4,4,983,2),(8437,3,4,10028,10028,983,0),(8438,3,4,10037,10037,983,1),(8439,3,5,9954,10029,983,2),(8440,4,1,9743,3212,983,1),(8441,4,3,2608,4590,983,0),(8442,4,3,9954,10041,983,1),(8443,4,4,10037,10037,983,2),(8444,5,4,9954,10041,983,0),(8445,3,1,9955,10047,984,2),(8446,3,3,10037,10047,984,2),(8447,3,5,10050,10050,984,2),(8448,4,1,10037,10047,984,0),(8449,4,1,9954,10052,984,1),(8450,4,2,9901,10053,984,2),(8451,4,3,10054,10054,984,0),(8452,4,4,9954,10052,984,2),(8453,4,5,10050,10050,984,2),(8454,5,1,9954,10052,984,1),(8455,5,2,9901,10053,984,1),(8456,5,2,9901,10053,984,1),(8457,5,5,10054,10054,984,2),(8458,1,1,10061,10061,985,0),(8459,1,4,9834,9834,985,2),(8460,2,1,10061,10061,985,0),(8461,2,3,573,9974,985,1),(8462,2,3,573,9974,985,1),(8463,2,4,9973,9973,985,2),(8464,3,1,10061,10061,985,0),(8465,3,3,4,4,985,2),(8466,3,4,5040,945,985,2),(8467,4,3,9834,9834,985,0),(8468,4,3,5040,945,985,1),(8469,5,2,9973,9973,985,2),(8470,1,1,9690,10075,986,1),(8471,1,1,9690,10075,986,1),(8472,1,6,10078,10078,986,1),(8473,2,1,9715,10079,986,2),(8474,2,2,2608,4590,986,2),(8475,2,6,10078,10078,986,1),(8476,3,2,9715,10079,986,0),(8477,3,2,8893,1919,986,1),(8478,3,3,4,4,986,2),(8479,3,4,9690,10075,986,1),(8480,3,5,10088,4469,986,1),(8481,3,6,10078,10078,986,1),(8482,4,2,8833,6629,986,2),(8483,4,3,2608,4590,986,0),(8484,4,4,8893,1919,986,1),(8485,4,5,10088,4469,986,1),(8486,5,2,8833,6629,986,1),(8487,5,4,8893,1919,986,1),(8488,2,1,10096,3838,987,2),(8489,2,3,9715,10097,987,2),(8490,3,1,9715,10097,987,0),(8491,3,1,10096,3838,987,1),(8492,3,2,10100,10100,987,2),(8493,3,3,2608,4590,987,2),(8494,3,5,4,4,987,2),(8495,4,1,973,10103,987,2),(8496,4,2,10100,10100,987,2),(8497,4,3,2608,4590,987,0),(8498,4,4,10096,10107,987,0),(8499,4,5,1136,10109,987,2),(8500,5,1,973,10103,987,0),(8501,5,2,1136,10109,987,0),(8502,5,4,10096,10107,987,2),(8503,1,1,9954,10113,988,0),(8504,1,4,9751,10114,988,1),(8505,1,5,9864,10115,988,1),(8506,2,1,9954,10113,988,0),(8507,2,3,9955,3212,988,2),(8508,2,4,9751,10114,988,2),(8509,2,5,4,4,988,2),(8510,3,1,9743,10120,988,0),(8511,3,1,9864,10115,988,1),(8512,3,3,4,4,988,2),(8513,3,5,9955,10124,988,2),(8514,4,1,9864,10115,988,1),(8515,4,3,2608,4590,988,0),(8516,4,4,2608,4590,988,2),(8517,5,1,9743,3212,988,1),(8518,5,3,4277,3147,988,0),(8519,5,3,9954,3147,988,1),(8520,1,3,4,4,989,2),(8521,1,4,10028,10133,989,2),(8522,1,5,9961,6244,989,1),(8523,1,5,9961,6244,989,1),(8524,2,2,1369,1369,989,0),(8525,2,2,9961,6244,989,1),(8526,2,3,9961,6244,989,2),(8527,2,4,10028,10139,989,0),(8528,2,4,10028,10133,989,1),(8529,2,5,10028,10139,989,1),(8530,2,5,10028,10139,989,1),(8531,3,2,9956,10143,989,2),(8532,3,3,10144,10143,989,0),(8533,3,3,10145,10145,989,1),(8534,3,5,10028,10139,989,1),(8535,4,2,9968,10145,989,2),(8536,4,3,9956,8739,989,0),(8537,5,2,9968,10145,989,1),(8538,5,2,9968,10145,989,1),(8539,1,1,9968,10151,990,0),(8540,1,3,4,4,990,2),(8541,1,4,10028,10133,990,2),(8542,1,5,9961,6244,990,1),(8543,1,5,9961,6244,990,1),(8544,2,1,9968,10156,990,0),(8545,2,2,1369,1369,990,0),(8546,2,2,9961,6244,990,1),(8547,2,3,9961,6244,990,2),(8548,2,4,10028,10139,990,0),(8549,2,4,10028,10133,990,1),(8550,2,5,10028,10139,990,1),(8551,2,5,10028,10139,990,1),(8552,3,1,9968,10156,990,0),(8553,3,2,9956,10143,990,2),(8554,3,3,10144,10143,990,0),(8555,3,3,10145,10145,990,1),(8556,3,4,822,822,990,0),(8557,3,5,10028,10139,990,1),(8558,4,1,10144,10170,990,2),(8559,4,2,9968,10145,990,2),(8560,4,3,9956,8739,990,0),(8561,4,3,6220,10173,990,1),(8562,4,4,10145,10151,990,2),(8563,5,1,9956,8739,990,0),(8564,5,1,10144,10170,990,1),(8565,5,2,9968,10145,990,1),(8566,5,2,9968,10145,990,1),(8567,1,1,6228,2602,991,0),(8568,1,2,4,4,991,2),(8569,1,3,9985,9985,991,2),(8570,1,4,4,8138,991,1),(8571,1,4,4,8138,991,1),(8572,1,5,8118,8118,991,1),(8573,2,1,6228,2602,991,2),(8574,2,2,1369,1369,991,0),(8575,2,2,6263,1919,991,1),(8576,2,3,9772,9985,991,2),(8577,2,4,4263,8116,991,2),(8578,2,5,8118,8118,991,1),(8579,3,1,2332,9547,991,0),(8580,3,1,6263,1919,991,1),(8581,3,2,6255,6265,991,0),(8582,3,4,4263,8116,991,0),(8583,4,1,5200,1919,991,1),(8584,4,2,6255,6265,991,0),(8585,2,4,9834,10198,992,2),(8586,3,2,2608,4590,992,1),(8587,3,4,6220,10173,992,1),(8588,3,4,6220,10173,992,1),(8589,3,5,10204,10204,992,2),(8590,4,1,9985,10206,992,2),(8591,4,3,2608,4590,992,1),(8592,4,5,10204,10204,992,2),(8593,5,1,9985,10206,992,2),(8594,5,2,9834,10198,992,2),(8595,1,1,10061,10061,993,1),(8596,1,3,9985,9985,993,2),(8597,1,4,9772,10217,993,0),(8598,1,4,10218,10218,993,1),(8599,1,5,9836,9547,993,2),(8600,2,1,10061,10061,993,1),(8601,2,2,1369,1369,993,0),(8602,2,2,6263,1919,993,1),(8603,2,3,4,4,993,2),(8604,2,4,9836,9547,993,0),(8605,2,4,9836,10218,993,1),(8606,2,5,9772,10217,993,2),(8607,3,1,10061,10061,993,1),(8608,3,2,6263,1919,993,0),(8609,3,2,9985,8739,993,1),(8610,3,3,9772,9985,993,2),(8611,3,5,9772,10217,993,2),(8612,4,2,2641,1919,993,0),(8613,1,1,1369,1369,994,1),(8614,1,4,9059,10234,994,2),(8615,2,1,8833,6629,994,1),(8616,2,2,10236,7051,994,0),(8617,2,2,9059,10234,994,1),(8618,2,4,4,4,994,2),(8619,3,2,10236,7051,994,0),(8620,3,2,9715,10240,994,1),(8621,3,4,10236,7051,994,2),(8622,3,5,6645,10243,994,1),(8623,3,5,6645,10243,994,1),(8624,4,2,9715,10240,994,2),(8625,4,4,10236,7051,994,0),(8626,4,5,6645,10243,994,0),(8627,5,2,8833,6629,994,0),(8628,2,1,8552,10251,995,2),(8629,2,2,1369,1369,995,0),(8630,2,4,4,4,995,2),(8631,3,1,8552,10251,995,2),(8632,3,2,1136,10243,995,2),(8633,3,4,396,10259,995,2),(8634,3,5,10100,10260,995,0),(8635,3,5,10096,10261,995,1),(8636,4,2,1136,10243,995,0),(8637,4,2,396,10259,995,1),(8638,4,4,396,10259,995,2),(8639,4,5,10100,10260,995,0),(8640,4,5,4,10243,995,1),(8641,5,3,10096,10261,995,2),(8642,5,5,1136,10243,995,2),(8643,1,2,9864,10270,996,2),(8644,1,3,4,4,996,2),(8645,2,2,1369,1369,996,0),(8646,2,2,9961,6244,996,1),(8647,2,3,9961,6244,996,2),(8648,2,4,9864,10270,996,1),(8649,2,5,9961,6244,996,1),(8650,2,5,9961,6244,996,1),(8651,3,2,9968,10145,996,2),(8652,4,1,9968,10145,996,1),(8653,4,4,9864,10270,996,0),(8654,5,1,4,8739,996,1),(8655,5,4,9864,10270,996,1),(8656,1,1,4,125,997,2),(8657,1,2,4,125,997,2),(8658,1,3,10290,10290,997,2),(8659,1,4,10290,10290,997,2),(8660,1,5,4,125,997,2),(8661,1,6,4,125,997,2),(8662,2,1,9968,10294,997,2),(8663,2,2,9968,10294,997,2),(8664,2,3,4,125,997,2),(8665,2,4,4,125,997,2),(8666,2,5,10144,10298,997,2),(8667,2,6,10144,10298,997,2),(8668,3,1,4,125,997,2),(8669,3,2,4,125,997,2),(8670,3,3,9956,10302,997,2),(8671,3,4,9956,10302,997,2),(8672,3,5,4,125,997,2),(8673,3,6,4,125,997,2),(8674,4,1,10306,10306,997,2),(8675,4,2,10306,10306,997,2),(8676,1,1,4,125,998,2),(8677,1,2,4,125,998,2),(8678,1,3,4212,6267,998,2),(8679,1,4,4212,6267,998,2),(8680,1,5,4,125,998,2),(8681,1,6,4,125,998,2),(8682,2,1,10078,10078,998,2),(8683,2,2,10078,10078,998,2),(8684,2,3,4,125,998,2),(8685,2,4,4,125,998,2),(8686,2,5,9956,10318,998,2),(8687,2,6,9956,10318,998,2),(8688,3,1,4,125,998,2),(8689,3,2,4,125,998,2),(8690,3,3,2672,143,998,2),(8691,3,4,2672,143,998,2),(8692,1,1,4,125,999,2),(8693,1,2,4,125,999,2),(8694,1,3,9973,10326,999,2),(8695,1,4,9973,10326,999,2),(8696,1,5,4,125,999,2),(8697,1,6,4,125,999,2),(8698,2,1,6255,10306,999,2),(8699,2,2,6255,10306,999,2),(8700,2,3,4,125,999,2),(8701,2,4,4,125,999,2),(8702,2,5,2672,143,999,2),(8703,2,6,2672,143,999,2),(8704,3,1,4,125,999,2),(8705,3,2,4,125,999,2),(8706,3,3,9970,10338,999,2),(8707,3,4,9970,10338,999,2),(8708,1,1,4,125,1000,2),(8709,1,2,4,125,1000,2),(8710,1,3,9973,10326,1000,2),(8711,1,4,9973,10326,1000,2),(8712,1,5,4,125,1000,2),(8713,1,6,4,125,1000,2),(8714,2,1,6255,10306,1000,2),(8715,2,2,6255,10306,1000,2),(8716,2,3,4,125,1000,2),(8717,2,4,4,125,1000,2),(8718,2,5,2672,143,1000,2),(8719,2,6,2672,143,1000,2),(8720,3,1,4,125,1000,2),(8721,3,2,4,125,1000,2),(8722,3,3,9970,10338,1000,2),(8723,3,4,9970,10338,1000,2),(8724,1,1,4,125,1001,2),(8725,1,2,4,125,1001,2),(8726,1,3,6645,10358,1001,2),(8727,1,4,6645,10358,1001,2),(8728,1,5,4,125,1001,2),(8729,1,6,4,125,1001,2),(8730,2,1,9690,10362,1001,2),(8731,2,2,9690,10362,1001,2),(8732,2,3,4,125,1001,2),(8733,2,4,4,125,1001,2),(8734,2,5,8833,6629,1001,2),(8735,2,6,8833,6629,1001,2),(8736,3,1,4,125,1001,2),(8737,3,2,4,125,1001,2),(8738,3,3,10096,10370,1001,2),(8739,3,4,10096,10370,1001,2),(8740,3,5,4,125,1001,2),(8741,3,6,4,125,1001,2),(8742,4,1,8430,143,1001,2),(8743,4,2,8430,143,1001,2),(8744,1,1,4,125,1002,2),(8745,1,2,4,125,1002,2),(8746,1,3,10100,10378,1002,2),(8747,1,4,10100,10378,1002,2),(8748,1,5,4,125,1002,2),(8749,1,6,4,125,1002,2),(8750,2,1,10100,10382,1002,2),(8751,2,2,10100,10382,1002,2),(8752,2,3,4,125,1002,2),(8753,2,4,4,125,1002,2),(8754,2,5,973,10386,1002,2),(8755,2,6,973,10386,1002,2),(8756,3,1,4,125,1002,2),(8757,3,2,4,125,1002,2),(8758,3,3,9715,10390,1002,2),(8759,3,4,9715,10390,1002,2),(8760,3,5,4,125,1002,2),(8761,3,6,4,125,1002,2),(8762,4,1,1136,10394,1002,2),(8763,4,2,1136,10394,1002,2),(8764,1,1,4,125,1003,2),(8765,1,2,4,125,1003,2),(8766,1,3,9961,10398,1003,2),(8767,1,4,9961,10398,1003,2),(8768,1,5,4,125,1003,2),(8769,1,6,4,125,1003,2),(8770,2,1,10144,10402,1003,2),(8771,2,2,10144,10402,1003,2),(8772,2,3,4,125,1003,2),(8773,2,4,4,125,1003,2),(8774,2,5,9864,10406,1003,2),(8775,2,6,9864,10406,1003,2),(8776,3,1,4,125,1003,2),(8777,3,2,4,125,1003,2),(8778,3,3,9956,10302,1003,2),(8779,3,4,9956,10302,1003,2),(8780,3,5,4,125,1003,2),(8781,3,6,4,125,1003,2),(8782,4,1,10306,10306,1003,2),(8783,4,2,10306,10306,1003,2),(8784,1,3,7645,143,1004,2),(8785,1,4,3747,2302,1004,0),(8786,1,5,300,145,1004,1),(8787,1,5,300,145,1004,1),(8788,2,2,522,3591,1004,0),(8789,2,3,7645,143,1004,0),(8790,2,3,3447,407,1004,1),(8791,2,4,4,4,1004,2),(8792,2,5,10424,10424,1004,1),(8793,2,5,10424,10424,1004,1),(8794,3,1,2053,41,1004,0),(8795,3,2,522,3591,1004,2),(8796,3,3,3447,407,1004,2),(8797,3,4,239,9,1004,2),(8798,4,1,10430,19,1004,2),(8799,4,2,4,4,1004,2),(8800,4,3,6261,143,1004,1),(8801,4,4,300,145,1004,1),(8802,5,1,10430,19,1004,1),(8803,5,1,10430,19,1004,1),(8804,5,2,2053,41,1004,2),(8805,6,1,3747,2302,1004,2),(8806,1,3,9589,1369,1005,0),(8807,1,5,547,132,1005,2),(8808,2,2,300,145,1005,2),(8809,2,3,10441,407,1005,0),(8810,2,3,1369,1369,1005,1),(8811,2,4,300,145,1005,1),(8812,2,5,300,145,1005,2),(8813,3,2,3741,407,1005,2),(8814,3,3,239,9,1005,2),(8815,3,4,4,4,1005,2),(8816,3,5,522,132,1005,2),(8817,4,2,4,4,1005,2),(8818,4,3,239,9,1005,0),(8819,4,3,372,186,1005,1),(8820,5,2,186,186,1005,2),(8821,1,1,239,9,1006,0),(8822,1,2,10456,143,1006,0),(8823,1,5,547,132,1006,2),(8824,2,1,239,9,1006,0),(8825,2,2,10456,143,1006,0),(8826,2,2,5955,10460,1006,1),(8827,2,4,239,9,1006,2),(8828,2,5,300,145,1006,2),(8829,3,2,9795,142,1006,0),(8830,3,2,3447,407,1006,1),(8831,3,4,4,4,1006,2),(8832,3,5,300,145,1006,2),(8833,4,2,4,4,1006,2),(8834,4,3,5955,10460,1006,2),(8835,4,4,300,145,1006,0),(8836,4,4,3741,407,1006,1),(8837,4,5,547,132,1006,2),(8838,5,3,8114,142,1006,2),(8839,5,4,547,132,1006,2),(8840,1,2,3447,407,1007,0),(8841,1,2,10456,143,1007,1),(8842,1,3,239,9,1007,2),(8843,1,5,547,132,1007,2),(8844,2,2,10456,143,1007,0),(8845,2,2,5955,10460,1007,1),(8846,2,3,239,9,1007,2),(8847,2,4,300,145,1007,0),(8848,2,5,300,145,1007,2),(8849,3,2,9795,142,1007,0),(8850,3,2,3447,407,1007,1),(8851,3,3,5955,10460,1007,2),(8852,3,4,4,4,1007,2),(8853,3,5,547,132,1007,2),(8854,4,2,4,4,1007,2),(8855,4,3,8114,142,1007,2),(8856,4,4,547,132,1007,2),(8857,4,5,300,145,1007,2),(8858,1,1,10492,10492,1008,0),(8859,1,4,10493,10493,1008,1),(8860,2,1,10492,10492,1008,2),(8861,2,2,53,10495,1008,1),(8862,2,4,2894,407,1008,0),(8863,2,5,152,132,1008,0),(8864,3,1,4,4,1008,2),(8865,3,2,53,10495,1008,1),(8866,3,3,4,4,1008,2),(8867,3,4,2894,407,1008,2),(8868,4,2,9795,142,1008,0),(8869,4,2,2183,10493,1008,1),(8870,4,3,3445,145,1008,1),(8871,4,3,3445,145,1008,1),(8872,4,5,3445,145,1008,0),(8873,4,5,7,1219,1008,1),(8874,5,2,9795,142,1008,0),(8875,5,3,547,132,1008,0),(8876,5,3,7,1219,1008,1),(8877,1,3,10514,3461,1009,0),(8878,1,3,102,9,1009,1),(8879,1,4,10516,3461,1009,2),(8880,2,1,4,4,1009,2),(8881,2,3,2312,132,1009,2),(8882,2,4,522,142,1009,2),(8883,2,5,3445,145,1009,0),(8884,3,1,9795,142,1009,2),(8885,3,2,2649,9,1009,0),(8886,3,3,3445,145,1009,2),(8887,3,4,2649,9,1009,2),(8888,3,5,2894,2894,1009,0),(8889,4,1,10526,2894,1009,2),(8890,4,2,331,186,1009,2),(8891,4,3,4,4,1009,2),(8892,4,5,2894,2894,1009,0),(8893,5,1,102,9,1009,2),(8894,5,2,2312,132,1009,2),(8895,6,2,3445,145,1009,2),(8896,1,3,10514,3461,1010,0),(8897,2,1,4,4,1010,2),(8898,2,3,2312,132,1010,2),(8899,2,4,407,3461,1010,2),(8900,2,5,3445,145,1010,1),(8901,3,1,9795,142,1010,2),(8902,3,2,331,186,1010,2),(8903,3,3,3445,145,1010,2),(8904,3,4,522,142,1010,2),(8905,3,5,2894,2894,1010,1),(8906,4,1,10526,2894,1010,2),(8907,4,2,2312,132,1010,2),(8908,4,3,4,4,1010,2),(8909,4,4,2316,9,1010,2),(8910,4,5,2894,2894,1010,1),(8911,5,2,3445,145,1010,2),(8912,5,3,2316,9,1010,1),(8913,1,2,10550,186,1011,2),(8914,1,3,10514,3461,1011,0),(8915,1,5,10526,2894,1011,0),(8916,2,1,4,4,1011,2),(8917,2,2,409,132,1011,2),(8918,2,3,2312,132,1011,2),(8919,2,5,10526,2894,1011,0),(8920,3,1,9795,142,1011,2),(8921,3,2,3445,145,1011,2),(8922,3,3,3445,145,1011,2),(8923,3,4,2865,3461,1011,2),(8924,3,5,3445,145,1011,0),(8925,4,1,10526,2894,1011,2),(8926,4,2,102,9,1011,1),(8927,4,3,4,4,1011,2),(8928,4,4,313,142,1011,2),(8929,5,4,102,9,1011,2),(8930,1,3,10514,3461,1012,0),(8931,1,5,10526,2894,1012,1),(8932,2,1,4,4,1012,2),(8933,2,2,10550,186,1012,2),(8934,2,3,2312,132,1012,2),(8935,2,5,10526,2894,1012,1),(8936,3,1,9795,142,1012,2),(8937,3,2,2312,132,1012,2),(8938,3,3,3445,145,1012,2),(8939,3,5,3445,145,1012,1),(8940,4,1,10526,2894,1012,2),(8941,4,2,3445,145,1012,2),(8942,4,3,4,4,1012,2),(8943,4,4,10514,3461,1012,2),(8944,5,2,102,9,1012,1),(8945,5,4,313,142,1012,2),(8946,6,4,102,9,1012,2),(8947,1,1,2316,9,1013,2),(8948,1,5,2312,132,1013,2),(8949,2,1,4,4,1013,2),(8950,2,2,10516,3461,1013,2),(8951,2,4,10550,186,1013,2),(8952,2,5,2312,132,1013,2),(8953,3,1,9795,142,1013,2),(8954,3,2,4,4,1013,2),(8955,3,3,10516,3461,1013,0),(8956,3,4,3445,145,1013,2),(8957,3,5,313,142,1013,2),(8958,4,1,10526,2894,1013,2),(8959,4,3,2316,9,1013,0),(8960,4,3,2894,2894,1013,1),(8961,4,4,3445,145,1013,2),(8962,5,3,3445,145,1013,0),(8963,5,3,2894,2894,1013,1),(8964,1,1,239,9,1014,1),(8965,1,2,10516,3461,1014,2),(8966,1,5,2312,132,1014,2),(8967,2,1,4,4,1014,2),(8968,2,2,239,9,1014,2),(8969,2,3,10526,2894,1014,1),(8970,2,4,3445,145,1014,2),(8971,2,5,522,142,1014,2),(8972,3,1,9795,142,1014,2),(8973,3,2,4,4,1014,2),(8974,3,3,10516,3461,1014,0),(8975,3,3,10526,2894,1014,1),(8976,3,4,10550,186,1014,2),(8977,4,1,10526,2894,1014,2),(8978,4,3,10615,132,1014,2),(8979,4,4,3445,145,1014,2),(8980,5,3,3445,145,1014,1),(8981,1,4,10618,10618,1015,2),(8982,2,1,4,4,1015,2),(8983,2,4,4,4,1015,2),(8984,3,1,2665,3858,1015,0),(8985,3,1,300,145,1015,1),(8986,3,2,1265,10624,1015,0),(8987,3,3,522,3591,1015,2),(8988,3,4,5468,10627,1015,0),(8989,4,1,300,145,1015,0),(8990,4,1,2665,3858,1015,1),(8991,4,2,10618,10618,1015,2),(8992,4,3,959,7629,1015,1),(8993,4,3,959,7629,1015,1),(8994,4,4,1265,10624,1015,2),(8995,5,1,10635,10624,1015,0),(8996,5,2,522,3591,1015,2),(8997,1,4,10618,10618,1016,2),(8998,2,1,4,4,1016,2),(8999,2,2,1265,10624,1016,0),(9000,2,4,4,4,1016,2),(9001,3,1,300,145,1016,0),(9002,3,1,2665,3858,1016,1),(9003,3,2,10618,10618,1016,2),(9004,3,3,522,3591,1016,2),(9005,3,4,5468,10627,1016,0),(9006,4,1,300,145,1016,0),(9007,4,1,2665,3858,1016,1),(9008,4,2,522,3591,1016,2),(9009,4,4,1265,10624,1016,2),(9010,5,1,10635,10624,1016,1),(9011,5,3,959,7629,1016,1),(9012,5,3,959,7629,1016,1),(9013,1,4,143,10655,1017,0),(9014,2,1,1358,10657,1017,1),(9015,2,1,1358,10657,1017,1),(9016,2,2,4,4,1017,2),(9017,2,4,143,10655,1017,0),(9018,3,1,1358,10657,1017,1),(9019,3,1,1358,10657,1017,1),(9020,3,2,794,10624,1017,2),(9021,3,3,794,10624,1017,1),(9022,3,4,7645,10655,1017,1),(9023,4,1,4148,10669,1017,0),(9024,4,1,5488,3747,1017,1),(9025,4,2,7514,7629,1017,0),(9026,4,2,2053,523,1017,1),(9027,4,4,4,4,1017,2),(9028,5,1,4148,10669,1017,0),(9029,5,1,5488,3747,1017,1),(9030,5,2,7514,7629,1017,2),(9031,5,3,2053,523,1017,1),(9032,1,4,4,4,1018,2),(9033,2,2,4,4,1018,2),(9034,2,4,8940,5007,1018,0),(9035,2,4,7207,4590,1018,1),(9036,3,2,10456,10684,1018,1),(9037,3,3,10685,5007,1018,2),(9038,3,4,5468,10627,1018,0),(9039,3,4,1265,10687,1018,1),(9040,3,5,755,10687,1018,0),(9041,3,5,8893,1919,1018,1),(9042,4,2,10690,1919,1018,0),(9043,4,2,2053,523,1018,1),(9044,4,3,2053,523,1018,1),(9045,4,4,10690,10694,1018,2),(9046,4,5,959,10627,1018,1),(9047,4,5,959,10627,1018,1),(9048,5,1,8893,1919,1018,0),(9049,5,1,10690,10694,1018,1),(9050,5,3,5200,10694,1018,0),(9051,6,1,7207,4590,1018,2),(9052,1,4,4,4,1019,2),(9053,2,2,4,4,1019,2),(9054,2,3,10685,5007,1019,2),(9055,2,4,8940,5007,1019,0),(9056,2,4,7207,4590,1019,1),(9057,3,2,10456,10684,1019,1),(9058,3,3,2053,523,1019,1),(9059,3,4,5468,10627,1019,0),(9060,3,4,1265,10687,1019,1),(9061,4,1,8893,1919,1019,0),(9062,4,1,10690,10694,1019,1),(9063,4,2,10690,1919,1019,0),(9064,4,2,2053,523,1019,1),(9065,4,3,5200,10694,1019,0),(9066,4,4,10690,10694,1019,2),(9067,4,5,755,10687,1019,0),(9068,4,5,8893,1919,1019,1),(9069,5,1,7207,4590,1019,2),(9070,5,5,959,10627,1019,1),(9071,5,5,959,10627,1019,1),(9072,1,3,10685,5007,1020,2),(9073,1,4,4,4,1020,2),(9074,2,2,4,4,1020,2),(9075,2,3,2053,523,1020,1),(9076,2,4,8940,5007,1020,0),(9077,2,4,7207,4590,1020,1),(9078,3,1,8893,1919,1020,0),(9079,3,1,10690,10694,1020,1),(9080,3,2,10456,10684,1020,1),(9081,3,3,5200,10694,1020,0),(9082,3,3,959,10627,1020,1),(9083,3,4,5468,10627,1020,0),(9084,3,4,1265,10687,1020,1),(9085,4,1,7207,4590,1020,2),(9086,4,2,10690,1919,1020,0),(9087,4,2,2053,523,1020,1),(9088,4,4,10690,10694,1020,2),(9089,5,5,755,10687,1020,0),(9090,5,5,8893,1919,1020,1),(9091,6,5,959,10627,1020,1),(9092,6,5,959,10627,1020,1),(9093,1,1,5328,10746,1021,2),(9094,1,2,4,4,1021,2),(9095,1,5,723,723,1021,0),(9096,2,1,2053,523,1021,0),(9097,2,1,7351,7351,1021,1),(9098,2,4,10441,723,1021,2),(9099,2,5,723,723,1021,0),(9100,3,1,7351,7351,1021,1),(9101,3,2,10758,160,1021,2),(9102,3,4,4,4,1021,2),(9103,4,2,2053,523,1021,0),(9104,5,3,5328,10746,1021,0),(9105,1,1,5328,10746,1022,2),(9106,1,2,4,4,1022,2),(9107,1,5,723,723,1022,1),(9108,2,1,2053,523,1022,0),(9109,2,1,7351,7351,1022,1),(9110,2,4,10441,723,1022,2),(9111,2,5,723,723,1022,1),(9112,3,2,10758,160,1022,2),(9113,3,3,2053,523,1022,0),(9114,3,3,7351,7351,1022,1),(9115,3,4,4,4,1022,2),(9116,4,3,5328,10746,1022,0),(9117,1,1,5328,10746,1023,2),(9118,1,2,4,4,1023,2),(9119,2,1,2053,523,1023,0),(9120,2,1,7351,7351,1023,1),(9121,2,3,2053,523,1023,0),(9122,2,3,7351,7351,1023,1),(9123,2,4,10441,723,1023,2),(9124,3,2,10758,160,1023,2),(9125,3,3,5328,10746,1023,0),(9126,3,4,4,4,1023,2),(9127,3,5,723,723,1023,0),(9128,4,5,723,723,1023,0),(9129,1,1,5328,10746,1024,2),(9130,1,4,5328,10746,1024,0),(9131,1,5,5393,456,1024,0),(9132,2,1,2053,523,1024,0),(9133,2,1,10808,10808,1024,1),(9134,2,3,3490,456,1024,0),(9135,2,3,5237,822,1024,1),(9136,2,4,5237,822,1024,0),(9137,2,5,5393,456,1024,0),(9138,3,1,10814,10808,1024,2),(9139,3,3,5393,456,1024,2),(9140,4,1,7351,7351,1024,1),(9141,4,2,10814,10808,1024,1),(9142,4,3,5393,456,1024,0),(9143,4,3,5661,1919,1024,1),(9144,4,4,2053,523,1024,1),(9145,5,3,5661,1919,1024,0),(9146,1,2,5681,5681,1025,2),(9147,2,1,2053,523,1025,0),(9148,2,4,10441,723,1025,2),(9149,2,5,4,4,1025,2),(9150,3,2,2053,523,1025,0),(9151,3,2,10836,5671,1025,1),(9152,3,4,4,4,1025,2),(9153,3,5,723,723,1025,1),(9154,4,2,5671,5671,1025,0),(9155,4,2,10836,5671,1025,1),(9156,4,5,723,723,1025,1),(9157,1,2,10814,10808,1026,2),(9158,1,3,10831,10849,1026,1),(9159,1,4,10750,10850,1026,2),(9160,1,5,4029,10852,1026,1),(9161,2,1,2053,523,1026,0),(9162,2,2,10814,10808,1026,2),(9163,2,3,7351,10855,1026,0),(9164,2,3,10831,10849,1026,1),(9165,2,4,10750,10850,1026,2),(9166,2,5,4029,10852,1026,1),(9167,3,1,723,10849,1026,2),(9168,3,2,10750,10850,1026,2),(9169,3,3,7351,10855,1026,0),(9170,3,4,10863,5367,1026,1),(9171,3,5,4029,10852,1026,0),(9172,4,1,723,10849,1026,1),(9173,4,2,10750,10850,1026,2),(9174,4,3,7351,10855,1026,0),(9175,4,4,10863,5367,1026,1),(9176,5,1,723,10849,1026,1),(9177,2,3,4,4,1027,2),(9178,2,4,10618,10871,1027,2),(9179,2,5,864,10872,1027,2),(9180,3,2,1125,10872,1027,1),(9181,3,3,10874,1919,1027,1),(9182,3,3,10874,1919,1027,1),(9183,3,4,10618,10871,1027,1),(9184,3,5,10878,10878,1027,2),(9185,4,2,1136,5007,1027,1),(9186,4,3,10880,10880,1027,0),(9187,4,3,10874,1919,1027,1),(9188,4,5,10878,10878,1027,2),(9189,5,2,1136,5007,1027,1),(9190,5,3,10880,10880,1027,0),(9191,5,5,10878,10878,1027,0),(9192,1,2,4245,945,1028,1),(9193,2,2,4245,945,1028,1),(9194,2,3,10452,10892,1028,2),(9195,2,4,8893,1919,1028,1),(9196,2,5,8893,1919,1028,0),(9197,2,5,8940,1919,1028,1),(9198,3,2,10897,10897,1028,1),(9199,3,2,10897,10897,1028,1),(9200,3,3,10897,10899,1028,0),(9201,3,3,10452,10892,1028,1),(9202,3,4,667,10901,1028,2),(9203,3,5,1358,10902,1028,2),(9204,4,2,4,4,1028,2),(9205,4,3,10897,10899,1028,0),(9206,4,3,8940,1919,1028,1),(9207,4,4,667,10901,1028,0),(9208,4,5,1358,10902,1028,1),(9209,1,2,1919,10909,1029,0),(9210,2,2,1919,10909,1029,2),(9211,2,4,10690,10912,1029,0),(9212,2,5,4,4,1029,2),(9213,3,2,8940,5007,1029,2),(9214,3,4,10690,10912,1029,2),(9215,3,5,8940,5007,1029,1),(9216,4,3,10919,945,1029,2),(9217,4,5,10897,10921,1029,0),(9218,4,5,822,822,1029,1),(9219,5,3,10919,945,1029,1),(9220,5,4,822,822,1029,1),(9221,2,2,10925,10925,1030,0),(9222,2,3,822,822,1030,0),(9223,2,4,10928,10928,1030,0),(9224,2,5,4,4,1030,2),(9225,3,2,10925,10925,1030,2),(9226,3,4,10928,10928,1030,2),(9227,3,5,8940,5007,1030,1),(9228,4,2,10685,5007,1030,2),(9229,4,3,10919,945,1030,2),(9230,4,4,10928,10937,1030,1),(9231,4,4,10928,10937,1030,1),(9232,4,5,10897,10921,1030,0),(9233,4,5,822,822,1030,1),(9234,5,3,10919,945,1030,0),(9235,2,2,2672,10943,1031,0),(9236,2,2,10897,10921,1031,1),(9237,2,3,10456,10945,1031,0),(9238,2,4,10919,945,1031,0),(9239,2,5,4,4,1031,2),(9240,3,2,2672,10943,1031,0),(9241,3,2,10949,1158,1031,1),(9242,3,3,10456,10945,1031,2),(9243,3,5,8940,5007,1031,1),(9244,4,2,10949,1158,1031,2),(9245,4,3,10919,945,1031,2),(9246,4,4,2672,10956,1031,0),(9247,4,4,822,822,1031,1),(9248,4,5,10897,10921,1031,0),(9249,4,5,822,822,1031,1),(9250,5,2,10685,5007,1031,2),(9251,5,4,2672,10956,1031,2),(9252,1,3,2865,10962,1032,0),(9253,1,3,851,10963,1032,1),(9254,1,5,851,10963,1032,2),(9255,2,3,2865,10962,1032,0),(9256,2,4,10919,945,1032,0),(9257,2,4,10897,10921,1032,1),(9258,2,5,4,4,1032,2),(9259,3,3,2865,10962,1032,2),(9260,3,5,8940,5007,1032,1),(9261,4,3,10919,945,1032,2),(9262,4,4,822,822,1032,1),(9263,4,5,10897,10921,1032,0),(9264,4,5,822,822,1032,1),(9265,5,2,10685,5007,1032,2),(9266,1,3,10980,5659,1033,1),(9267,1,4,10981,456,1033,2),(9268,1,5,5661,1919,1033,0),(9269,2,1,10808,10808,1033,1),(9270,2,3,3490,456,1033,0),(9271,2,3,5237,822,1033,1),(9272,2,4,10981,456,1033,2),(9273,2,5,5661,1919,1033,0),(9274,3,1,10980,5659,1033,2),(9275,3,2,7207,4590,1033,0),(9276,3,3,7374,7374,1033,0),(9277,3,4,5237,822,1033,0),(9278,3,4,10981,456,1033,1),(9279,4,1,10814,10808,1033,2),(9280,4,2,7207,4590,1033,0),(9281,4,2,7374,7374,1033,1),(9282,4,3,7374,7374,1033,0),(9283,4,4,4,4,1033,2),(9284,5,1,10814,10808,1033,0),(9285,5,2,5661,1919,1033,1),(9286,1,3,11000,5659,1034,0),(9287,1,5,5661,1919,1034,1),(9288,2,1,10808,10808,1034,1),(9289,2,3,3490,456,1034,0),(9290,2,3,5237,822,1034,1),(9291,2,4,4,4,1034,2),(9292,2,5,5661,1919,1034,1),(9293,3,1,10980,5659,1034,2),(9294,3,3,7374,7374,1034,1),(9295,3,4,10981,456,1034,0),(9296,3,4,5237,822,1034,1),(9297,4,1,10814,10808,1034,2),(9298,4,2,7207,4590,1034,0),(9299,4,2,7374,7374,1034,1),(9300,4,3,7374,7374,1034,1),(9301,4,4,10497,456,1034,2),(9302,5,1,10814,10808,1034,0),(9303,5,2,7207,4590,1034,0),(9304,5,2,5661,1919,1034,1),(9305,5,4,10497,456,1034,2),(9306,1,1,11020,6088,1035,2),(9307,1,4,11021,11021,1035,2),(9308,1,5,2179,11022,1035,2),(9309,2,1,11020,6088,1035,2),(9310,2,3,11021,11021,1035,2),(9311,2,4,11021,11021,1035,2),(9312,2,5,11021,11021,1035,2),(9313,3,1,2179,11022,1035,2),(9314,3,3,10851,11022,1035,2),(9315,3,5,11021,11021,1035,2),(9316,4,3,10851,11022,1035,2),(9317,4,5,11021,11021,1035,2),(9318,5,3,10851,11022,1035,1),(9319,1,3,4029,10852,1036,0),(9320,1,4,10814,10808,1036,2),(9321,2,3,4029,10852,1036,0),(9322,2,3,5237,822,1036,1),(9323,2,4,5661,1919,1036,2),(9324,2,5,4,4,1036,2),(9325,3,1,7207,4590,1036,1),(9326,3,3,10814,10808,1036,2),(9327,3,4,11042,11042,1036,0),(9328,3,4,10814,11043,1036,1),(9329,4,1,10980,5659,1036,2),(9330,4,2,7207,4590,1036,0),(9331,4,3,5661,1919,1036,0),(9332,4,3,10814,10808,1036,1),(9333,4,4,11042,11042,1036,0),(9334,4,4,10781,11043,1036,1),(9335,4,5,5237,822,1036,1),(9336,5,1,10980,5659,1036,0),(9337,5,2,4029,10852,1036,0),(9338,1,2,11020,6088,1037,2),(9339,2,2,11020,6088,1037,2),(9340,3,2,11020,6088,1037,2),(9341,3,3,11042,11042,1037,1),(9342,4,3,11042,11042,1037,1),(9343,1,1,4,125,1038,2),(9344,1,2,4,125,1038,2),(9345,1,5,4,125,1038,2),(9346,1,6,4,125,1038,2),(9347,2,1,1216,11076,1038,2),(9348,2,2,1216,11076,1038,2),(9349,2,3,4,125,1038,2),(9350,2,4,4,125,1038,2),(9351,2,5,5681,11021,1038,2),(9352,2,6,5681,11021,1038,2),(9353,3,1,4,125,1038,2),(9354,3,2,4,125,1038,2),(9355,3,3,2179,11084,1038,2),(9356,3,4,2179,11084,1038,2),(9357,3,5,4,125,1038,2),(9358,3,6,4,125,1038,2),(9359,4,1,11058,2179,1038,2),(9360,4,2,11058,2179,1038,2),(9361,1,1,4,125,1039,2),(9362,1,2,4,125,1039,2),(9363,1,5,4,125,1039,2),(9364,1,6,4,125,1039,2),(9365,2,1,1216,11076,1039,2),(9366,2,2,1216,11076,1039,2),(9367,2,3,4,125,1039,2),(9368,2,4,4,125,1039,2),(9369,2,5,5681,11021,1039,2),(9370,2,6,5681,11021,1039,2),(9371,3,1,4,125,1039,2),(9372,3,2,4,125,1039,2),(9373,3,3,11058,2179,1039,2),(9374,3,4,11058,2179,1039,2),(9375,3,5,4,125,1039,2),(9376,3,6,4,125,1039,2),(9377,4,1,2179,11084,1039,2),(9378,4,2,2179,11084,1039,2),(9379,1,1,4,125,1040,2),(9380,1,2,4,125,1040,2),(9381,1,3,1216,11076,1040,2),(9382,1,4,1216,11076,1040,2),(9383,1,5,4,125,1040,2),(9384,1,6,4,125,1040,2),(9385,2,3,4,125,1040,2),(9386,2,4,4,125,1040,2),(9387,2,5,11120,11120,1040,2),(9388,2,6,11120,11120,1040,2),(9389,3,1,4,125,1040,2),(9390,3,2,4,125,1040,2),(9391,3,3,11120,11124,1040,2),(9392,3,4,11120,11124,1040,2),(9393,3,5,4,125,1040,2),(9394,3,6,4,125,1040,2),(9395,4,1,7362,11128,1040,2),(9396,4,2,7362,11128,1040,2),(9397,2,4,4,4,1041,2),(9398,3,1,1919,10909,1041,0),(9399,3,1,7651,11132,1041,1),(9400,3,3,10028,11133,1041,1),(9401,3,4,11134,1369,1041,0),(9402,3,4,5955,11135,1041,1),(9403,3,5,7651,11132,1041,2),(9404,4,1,1919,10909,1041,2),(9405,4,2,10635,11138,1041,0),(9406,4,2,10690,11139,1041,1),(9407,4,3,836,11138,1041,1),(9408,4,4,5955,11135,1041,1),(9409,5,2,10690,11139,1041,2),(9410,1,1,10452,11147,1042,2),(9411,1,4,7668,1919,1042,1),(9412,1,5,4029,5681,1042,0),(9413,2,1,10452,11147,1042,0),(9414,2,1,10949,11151,1042,1),(9415,2,4,7668,1919,1042,2),(9416,2,5,4029,5681,1042,0),(9417,2,5,2672,1208,1042,1),(9418,3,2,143,11155,1042,1),(9419,3,4,11134,1369,1042,0),(9420,3,4,143,5367,1042,1),(9421,3,5,2672,1208,1042,2),(9422,4,2,143,11155,1042,2),(9423,4,3,10949,11151,1042,2),(9424,4,4,4,4,1042,2),(9425,5,2,2672,1208,1042,2),(9426,5,3,10949,11151,1042,2),(9427,1,4,10424,11164,1043,2),(9428,1,5,10424,11164,1043,2),(9429,2,4,4,4,1043,2),(9430,2,5,10620,11167,1043,2),(9431,3,3,10880,11169,1043,2),(9432,3,4,11134,1369,1043,0),(9433,3,4,10028,11133,1043,1),(9434,3,5,10620,11167,1043,2),(9435,4,3,10928,11174,1043,0),(9436,4,3,10880,11169,1043,1),(9437,5,3,10928,11174,1043,0),(9438,5,3,10880,11169,1043,1),(9439,1,4,7668,1919,1044,0),(9440,1,4,10452,11183,1044,1),(9441,2,1,10949,11184,1044,0),(9442,2,1,7310,11185,1044,1),(9443,2,2,10452,11183,1044,0),(9444,2,2,10456,11187,1044,1),(9445,2,4,7668,1919,1044,2),(9446,3,1,10949,11184,1044,2),(9447,3,4,11134,1369,1044,0),(9448,3,4,143,5367,1044,1),(9449,4,1,10949,11184,1044,2),(9450,4,3,7310,11185,1044,0),(9451,4,4,4,4,1044,2),(9452,5,1,10456,11187,1044,2),(9453,5,2,10452,11183,1044,1),(9454,5,2,10452,11183,1044,1),(9455,5,3,7310,11185,1044,0),(9456,2,2,11134,1369,1045,0),(9457,2,2,2183,5007,1045,1),(9458,2,3,4,4,1045,2),(9459,2,5,11042,11209,1045,2),(9460,3,1,10781,755,1045,1),(9461,3,2,10497,5007,1045,1),(9462,3,5,10831,11043,1045,0),(9463,3,5,10863,5367,1045,1),(9464,4,1,10781,755,1045,1),(9465,4,3,10781,11209,1045,0),(9466,4,5,10831,11043,1045,0),(9467,4,5,10781,755,1045,1),(9468,5,3,10781,11209,1045,0),(9469,2,2,11134,1369,1046,0),(9470,2,2,2183,5007,1046,1),(9471,2,5,3490,5367,1046,1),(9472,3,2,4,4,1046,2),(9473,3,3,11231,11231,1046,2),(9474,3,5,10981,11233,1046,2),(9475,4,2,10497,5007,1046,1),(9476,4,4,5393,11231,1046,1),(9477,4,5,10981,11233,1046,2),(9478,5,4,5393,11231,1046,1),(9479,5,5,10981,11233,1046,0),(9480,1,2,10618,10925,1047,1),(9481,2,2,10618,10925,1047,2),(9482,2,4,4,4,1047,2),(9483,2,5,10928,10928,1047,2),(9484,3,2,10424,10937,1047,2),(9485,3,4,11134,1369,1047,0),(9486,3,4,10424,11245,1047,1),(9487,3,5,10928,10928,1047,2),(9488,4,2,10424,10937,1047,2),(9489,4,3,11248,10878,1047,0),(9490,4,3,10028,11133,1047,1),(9491,4,4,10424,11245,1047,2),(9492,5,4,11248,10878,1047,2),(9493,1,1,4,125,1048,2),(9494,1,2,4,125,1048,2),(9495,1,3,2665,3858,1048,2),(9496,1,4,2665,3858,1048,2),(9497,1,5,4,125,1048,2),(9498,1,6,4,125,1048,2),(9499,2,1,5955,11135,1048,2),(9500,2,2,5955,11135,1048,2),(9501,2,3,4,125,1048,2),(9502,2,4,4,125,1048,2),(9503,2,5,5661,11266,1048,2),(9504,2,6,5661,11266,1048,2),(9505,3,1,4,125,1048,2),(9506,3,2,4,125,1048,2),(9507,3,3,7651,11132,1048,2),(9508,3,4,7651,11132,1048,2),(9509,3,5,4,125,1048,2),(9510,3,6,4,125,1048,2),(9511,4,1,5200,11274,1048,2),(9512,4,2,5200,11274,1048,2),(9513,1,1,4,125,1049,2),(9514,1,2,4,125,1049,2),(9515,1,3,10897,11278,1049,2),(9516,1,4,10897,11278,1049,2),(9517,1,5,4,125,1049,2),(9518,1,6,4,125,1049,2),(9519,2,1,1136,5007,1049,2),(9520,2,2,1136,5007,1049,2),(9521,2,3,4,125,1049,2),(9522,2,4,4,125,1049,2),(9523,2,5,10456,10945,1049,2),(9524,2,6,10456,10945,1049,2),(9525,3,1,4,125,1049,2),(9526,3,2,4,125,1049,2),(9527,3,3,143,11290,1049,2),(9528,3,4,143,11290,1049,2),(9529,3,5,4,125,1049,2),(9530,3,6,4,125,1049,2),(9531,4,1,10949,11294,1049,2),(9532,4,2,10949,11294,1049,2),(9533,1,1,4,125,1050,2),(9534,1,2,4,125,1050,2),(9535,1,3,2665,3858,1050,2),(9536,1,4,2665,3858,1050,2),(9537,1,5,4,125,1050,2),(9538,1,6,4,125,1050,2),(9539,2,1,10880,11167,1050,2),(9540,2,2,10880,11167,1050,2),(9541,2,3,4,125,1050,2),(9542,2,4,4,125,1050,2),(9543,2,5,10880,11169,1050,2),(9544,2,6,10880,11169,1050,2),(9545,3,1,4,125,1050,2),(9546,3,2,4,125,1050,2),(9547,3,5,4,125,1050,2),(9548,3,6,4,125,1050,2),(9549,4,1,2665,11314,1050,2),(9550,4,2,2665,11314,1050,2),(9551,1,1,4,125,1051,2),(9552,1,2,4,125,1051,2),(9553,1,3,10452,11318,1051,2),(9554,1,4,10452,11318,1051,2),(9555,1,5,4,125,1051,2),(9556,1,6,4,125,1051,2),(9557,2,1,1136,5007,1051,2),(9558,2,2,1136,5007,1051,2),(9559,2,3,4,125,1051,2),(9560,2,4,4,125,1051,2),(9561,2,5,7310,11185,1051,2),(9562,2,6,7310,11185,1051,2),(9563,3,1,4,125,1051,2),(9564,3,2,4,125,1051,2),(9565,3,3,8430,11330,1051,2),(9566,3,4,8430,11330,1051,2),(9567,1,1,4,125,1052,2),(9568,1,2,4,125,1052,2),(9569,1,3,1216,11076,1052,2),(9570,1,4,1216,11076,1052,2),(9571,1,5,4,125,1052,2),(9572,1,6,4,125,1052,2),(9573,2,1,7207,1227,1052,2),(9574,2,2,7207,1227,1052,2),(9575,2,3,4,125,1052,2),(9576,2,4,4,125,1052,2),(9577,2,5,11058,2179,1052,2),(9578,2,6,11058,2179,1052,2),(9579,3,1,4,125,1052,2),(9580,3,2,4,125,1052,2),(9581,3,3,5681,11021,1052,2),(9582,3,4,5681,11021,1052,2),(9583,3,5,4,125,1052,2),(9584,3,6,4,125,1052,2),(9585,4,1,2179,11084,1052,2),(9586,4,2,2179,11084,1052,2),(9587,1,1,4,125,1053,2),(9588,1,2,4,125,1053,2),(9589,1,3,1216,11076,1053,2),(9590,1,4,1216,11076,1053,2),(9591,1,5,4,125,1053,2),(9592,1,6,4,125,1053,2),(9593,2,1,7207,1227,1053,2),(9594,2,2,7207,1227,1053,2),(9595,2,3,4,125,1053,2),(9596,2,4,4,125,1053,2),(9597,2,5,11120,11120,1053,2),(9598,2,6,11120,11120,1053,2),(9599,3,1,4,125,1053,2),(9600,3,2,4,125,1053,2),(9601,3,3,11120,11124,1053,2),(9602,3,4,11120,11124,1053,2),(9603,3,5,4,125,1053,2),(9604,3,6,4,125,1053,2),(9605,4,1,7362,11128,1053,2),(9606,4,2,7362,11128,1053,2),(9607,1,1,4,125,1054,2),(9608,1,2,4,125,1054,2),(9609,1,3,2665,3858,1054,2),(9610,1,4,2665,3858,1054,2),(9611,1,5,4,125,1054,2),(9612,1,6,4,125,1054,2),(9613,2,1,10928,10928,1054,2),(9614,2,2,10928,10928,1054,2),(9615,2,3,4,125,1054,2),(9616,2,4,4,125,1054,2),(9617,3,1,4,125,1054,2),(9618,3,2,4,125,1054,2),(9619,3,3,10928,10937,1054,2),(9620,3,4,10928,10937,1054,2),(9621,3,5,4,125,1054,2),(9622,3,6,4,125,1054,2),(9623,4,1,11248,11390,1054,2),(9624,4,2,11248,11390,1054,2),(9625,1,4,4,4,1055,2),(9626,1,5,19,11393,1055,0),(9627,2,1,19,11393,1055,2),(9628,2,3,4600,10493,1055,0),(9629,2,3,53,11396,1055,1),(9630,2,5,2727,2727,1055,2),(9631,3,1,36,11400,1055,2),(9632,3,2,4,4,1055,2),(9633,3,3,4600,10493,1055,0),(9634,3,3,53,11396,1055,1),(9635,3,4,11404,2072,1055,1),(9636,3,4,11404,2072,1055,1),(9637,3,5,2727,2727,1055,2),(9638,4,1,36,11400,1055,2),(9639,4,2,10492,11408,1055,2),(9640,4,3,4600,10493,1055,0),(9641,4,4,53,11396,1055,0),(9642,5,2,10492,11408,1055,2),(9643,2,1,11412,125,1056,2),(9644,2,2,4,125,1056,0),(9645,2,3,11412,125,1056,1),(9646,2,3,11412,125,1056,1),(9647,2,4,4,125,1056,0),(9648,2,5,11412,125,1056,1),(9649,2,5,11412,125,1056,1),(9650,3,1,11412,125,1056,2),(9651,3,2,11412,125,1056,1),(9652,3,2,11412,125,1056,1),(9653,3,3,4,125,1056,1),(9654,3,3,4,125,1056,1),(9655,3,4,4,125,1056,0),(9656,3,5,11412,125,1056,1),(9657,3,5,11412,125,1056,1),(9658,4,1,11412,125,1056,1),(9659,4,1,11412,125,1056,1),(9660,4,2,4,125,1056,0),(9661,4,3,4,125,1056,0),(9662,4,4,4,125,1056,0),(9663,4,5,4,125,1056,2),(9664,5,1,4,125,1056,1),(9665,5,1,4,125,1056,1),(9666,5,2,4,125,1056,1),(9667,5,2,4,125,1056,1),(9668,5,3,9554,125,1056,1),(9669,5,3,9554,125,1056,1),(9670,5,4,4,125,1056,1),(9671,5,4,4,125,1056,1),(9672,5,5,4,125,1056,2),(9673,6,1,4,125,1056,2),(9674,6,2,4,125,1056,2),(9675,6,3,9554,125,1056,2),(9676,6,4,4,125,1056,2),(9677,6,5,4,125,1056,2),(9678,1,1,2312,132,1057,2),(9679,1,3,4,4,1057,0),(9680,1,5,129,129,1057,2),(9681,2,1,2312,132,1057,2),(9682,2,2,3949,145,1057,1),(9683,2,3,742,10624,1057,2),(9684,2,5,129,129,1057,0),(9685,2,5,3751,11454,1057,1),(9686,3,1,3751,11454,1057,2),(9687,3,2,11456,2304,1057,0),(9688,3,2,3949,145,1057,1),(9689,3,3,794,10624,1057,0),(9690,3,3,742,10624,1057,1),(9691,3,4,10078,142,1057,0),(9692,3,4,172,142,1057,1),(9693,4,1,4,4,1057,2),(9694,4,2,11456,2304,1057,0),(9695,4,2,3949,145,1057,1),(9696,4,3,9917,9,1057,2),(9697,4,4,10078,142,1057,2),(9698,1,1,11404,9,1058,2),(9699,1,2,11468,145,1058,2),(9700,1,4,6261,143,1058,0),(9701,1,4,10078,1725,1058,1),(9702,2,1,6261,143,1058,1),(9703,2,1,6261,143,1058,1),(9704,2,2,4,4,1058,2),(9705,2,4,4,4,1058,2),(9706,2,5,11404,9,1058,2),(9707,3,1,11468,145,1058,1),(9708,3,2,11477,132,1058,2),(9709,3,3,2959,186,1058,2),(9710,3,4,251,129,1058,2),(9711,3,5,10078,1725,1058,2),(9712,4,3,11468,145,1058,2),(9713,4,4,11477,132,1058,2),(9714,4,5,251,129,1058,2),(9715,1,2,11468,145,1059,2),(9716,1,4,6261,143,1059,0),(9717,1,4,10078,1725,1059,1),(9718,2,2,4,4,1059,2),(9719,2,4,4,4,1059,2),(9720,2,5,251,129,1059,2),(9721,3,1,11404,9,1059,2),(9722,3,2,172,1725,1059,2),(9723,3,3,11468,145,1059,2),(9724,3,4,251,129,1059,2),(9725,3,5,11404,9,1059,2),(9726,4,1,6261,143,1059,1),(9727,4,1,6261,143,1059,1),(9728,4,3,2298,186,1059,2),(9729,4,4,11477,132,1059,2),(9730,5,1,11468,145,1059,1),(9731,5,3,10615,132,1059,2),(9732,1,2,11468,145,1060,2),(9733,1,4,10078,1725,1060,0),(9734,2,2,11468,145,1060,2),(9735,2,3,3751,186,1060,2),(9736,2,4,129,1725,1060,2),(9737,3,1,172,1725,1060,2),(9738,3,2,11404,9,1060,2),(9739,3,3,11404,9,1060,2),(9740,3,4,4,4,1060,2),(9741,3,5,409,132,1060,2),(9742,4,1,409,132,1060,2),(9743,4,2,6261,143,1060,1),(9744,4,2,6261,143,1060,1),(9745,4,3,129,129,1060,2),(9746,4,4,6261,143,1060,0),(9747,4,5,4,4,1060,2),(9748,5,1,11468,145,1060,0),(9749,1,2,11468,145,1061,2),(9750,1,4,10078,1725,1061,0),(9751,2,1,172,1725,1061,2),(9752,2,2,6261,143,1061,1),(9753,2,2,6261,143,1061,1),(9754,2,3,129,129,1061,2),(9755,2,4,129,1725,1061,2),(9756,3,1,409,132,1061,2),(9757,3,2,11468,145,1061,2),(9758,3,3,3751,186,1061,2),(9759,3,4,4,4,1061,2),(9760,3,5,409,132,1061,2),(9761,4,1,11468,145,1061,0),(9762,4,2,11404,9,1061,2),(9763,4,3,11404,9,1061,2),(9764,4,4,6261,143,1061,0),(9765,4,5,4,4,1061,2),(9766,1,1,172,1725,1063,2),(9767,1,2,11468,145,1063,2),(9768,1,4,10078,1725,1063,0),(9769,2,1,409,132,1063,2),(9770,2,2,9917,9,1063,2),(9771,2,3,11404,9,1063,2),(9772,2,4,129,1725,1063,2),(9773,3,1,11468,145,1063,0),(9774,3,2,6261,143,1063,1),(9775,3,2,6261,143,1063,1),(9776,3,3,129,129,1063,2),(9777,3,4,4,4,1063,2),(9778,3,5,409,132,1063,2),(9779,4,2,11468,145,1063,2),(9780,4,3,3751,186,1063,2),(9781,4,4,6261,143,1063,0),(9782,4,5,4,4,1063,2),(9783,5,3,9917,9,1063,2),(9784,1,2,11404,9,1064,0),(9785,1,2,8430,143,1064,1),(9786,1,4,9688,145,1064,1),(9787,1,4,9688,145,1064,1),(9788,1,6,377,132,1064,2),(9789,2,1,2515,186,1064,0),(9790,2,1,3147,3196,1064,1),(9791,2,2,8430,143,1064,1),(9792,2,2,8430,143,1064,1),(9793,2,3,142,1725,1064,1),(9794,2,4,142,1725,1064,0),(9795,2,4,9709,129,1064,1),(9796,2,6,4,4,1064,2),(9797,3,1,5472,132,1064,2),(9798,3,2,3147,3196,1064,1),(9799,3,2,3147,3196,1064,1),(9800,3,3,9709,129,1064,1),(9801,3,3,9709,129,1064,1),(9802,3,4,4,4,1064,2),(9803,4,1,9688,145,1064,0),(9804,4,1,2515,186,1064,1),(9805,4,2,142,1725,1064,0),(9806,4,3,164,2602,1064,0),(9807,4,4,11404,9,1064,1),(9808,5,3,164,2602,1064,0),(9809,1,2,11404,9,1065,1),(9810,1,4,10078,1725,1065,1),(9811,1,5,11468,145,1065,0),(9812,1,5,11404,9,1065,1),(9813,2,1,2298,186,1065,1),(9814,2,2,4,4,1065,1),(9815,2,4,10078,1725,1065,2),(9816,2,5,11468,145,1065,0),(9817,2,5,8430,143,1065,1),(9818,3,1,2298,186,1065,2),(9819,3,3,251,129,1065,2),(9820,3,4,11477,132,1065,2),(9821,3,5,11468,145,1065,0),(9822,3,5,8430,143,1065,1),(9823,4,1,4,4,1065,2),(9824,4,3,251,129,1065,2),(9825,4,4,11477,132,1065,2),(9826,4,5,8430,143,1065,1),(9827,5,1,11404,9,1065,1),(9828,1,1,9688,145,1066,0),(9829,1,1,11598,407,1066,1),(9830,1,3,7010,11599,1066,0),(9831,1,3,3190,11599,1066,1),(9832,1,4,3190,11599,1066,1),(9833,1,6,377,132,1066,2),(9834,2,1,2515,186,1066,0),(9835,2,1,3147,3196,1066,1),(9836,2,2,377,132,1066,2),(9837,2,3,3147,3196,1066,1),(9838,2,3,3147,3196,1066,1),(9839,2,4,142,1725,1066,0),(9840,2,4,9709,129,1066,1),(9841,2,6,4,4,1066,2),(9842,3,1,2515,186,1066,1),(9843,3,2,10516,407,1066,2),(9844,3,4,4,4,1066,2),(9845,3,5,142,142,1066,2),(9846,4,1,11404,9,1066,1),(9847,4,2,9709,129,1066,0),(9848,4,4,9917,9,1066,1),(9849,4,4,9917,9,1066,1),(9850,4,5,9688,145,1066,1),(9851,4,5,9688,145,1066,1),(9852,1,1,9688,145,1067,0),(9853,1,1,11598,407,1067,1),(9854,1,2,377,132,1067,2),(9855,1,3,11404,9,1067,2),(9856,1,4,3190,11599,1067,1),(9857,1,6,377,132,1067,2),(9858,2,1,2515,186,1067,0),(9859,2,1,3147,3196,1067,1),(9860,2,2,3447,407,1067,2),(9861,2,3,7010,11599,1067,0),(9862,2,3,3190,11599,1067,1),(9863,2,4,142,1725,1067,0),(9864,2,4,9709,129,1067,1),(9865,2,6,4,4,1067,2),(9866,3,1,2515,186,1067,0),(9867,3,2,9917,9,1067,2),(9868,3,3,3147,3196,1067,1),(9869,3,3,3147,3196,1067,1),(9870,3,4,4,4,1067,2),(9871,3,5,9688,145,1067,1),(9872,3,5,9688,145,1067,1),(9873,4,3,9709,129,1067,0),(9874,4,5,142,142,1067,2),(9875,1,4,3190,11599,1068,1),(9876,1,5,523,523,1068,0),(9877,1,6,377,132,1068,2),(9878,2,1,9688,145,1068,1),(9879,2,1,9688,145,1068,1),(9880,2,3,1369,1369,1068,1),(9881,2,4,9709,129,1068,1),(9882,2,5,9688,145,1068,0),(9883,2,6,4,4,1068,2),(9884,3,1,3471,11653,1068,1),(9885,3,1,3471,11653,1068,1),(9886,3,2,4,4,1068,2),(9887,3,3,523,523,1068,1),(9888,3,4,11404,2072,1068,1),(9889,4,1,10088,4608,1068,1),(9890,4,2,129,4984,1068,2),(9891,4,3,5472,132,1068,2),(9892,5,1,10088,4608,1068,1),(9893,5,2,129,4984,1068,0),(9894,5,3,9709,129,1068,0),(9895,5,3,3173,414,1068,1),(9896,6,3,3173,414,1068,0),(9897,1,5,2727,11667,1069,1),(9898,1,5,2727,11667,1069,1),(9899,2,1,3147,413,1069,0),(9900,2,1,6472,11670,1069,1),(9901,2,2,10497,5007,1069,0),(9902,2,3,6472,11670,1069,2),(9903,2,4,11673,11673,1069,2),(9904,2,5,4,4,1069,2),(9905,2,6,36,11675,1069,2),(9906,3,1,3147,413,1069,2),(9907,3,2,2183,5007,1069,2),(9908,3,3,6472,11670,1069,2),(9909,3,4,11673,11679,1069,2),(9910,3,5,63,9,1069,0),(9911,3,6,36,11675,1069,2),(9912,4,2,4,4,1069,2),(9913,4,4,897,11683,1069,2),(9914,5,4,897,11683,1069,0),(9915,1,2,2304,11685,1070,0),(9916,1,5,173,177,1070,2),(9917,2,2,2304,11685,1070,0),(9918,2,3,1123,414,1070,1),(9919,2,4,3949,145,1070,2),(9920,2,5,306,177,1070,2),(9921,3,1,1123,414,1070,1),(9922,3,2,4,4,1070,0),(9923,3,3,5488,2302,1070,2),(9924,3,4,3949,145,1070,1),(9925,3,4,3949,145,1070,1),(9926,3,5,4,4,1070,2),(9927,4,1,1123,414,1070,1),(9928,4,3,5488,2302,1070,0),(9929,4,3,173,177,1070,1),(9930,4,4,11700,132,1070,2),(9931,5,3,173,177,1070,2),(9932,5,4,11700,132,1070,2),(9933,1,2,3963,11703,1071,0),(9934,1,3,3963,11704,1071,1),(9935,1,4,4,4,1071,2),(9936,1,5,9760,4469,1071,2),(9937,2,1,9760,4469,1071,0),(9938,2,2,3963,11703,1071,2),(9939,2,3,3963,11704,1071,1),(9940,2,4,3747,4469,1071,2),(9941,2,5,4450,2867,1071,2),(9942,3,1,11712,2727,1071,0),(9943,3,1,742,4432,1071,1),(9944,3,2,2959,186,1071,2),(9945,3,3,3747,4469,1071,0),(9946,3,3,2727,2727,1071,1),(9947,3,4,742,4454,1071,0),(9948,3,4,794,4432,1071,1),(9949,3,5,2684,414,1071,0),(9950,4,1,742,4454,1071,1),(9951,4,2,4,4,1071,2),(9952,4,3,4450,2867,1071,0),(9953,4,4,2684,414,1071,1),(9954,4,4,2684,414,1071,1),(9955,1,3,3747,4469,1072,0),(9956,1,4,4,4,1072,2),(9957,1,5,9760,4469,1072,2),(9958,2,1,9760,4469,1072,0),(9959,2,2,2298,186,1072,2),(9960,2,3,4450,2867,1072,0),(9961,2,4,2684,414,1072,1),(9962,2,4,2684,414,1072,1),(9963,2,5,4450,2867,1072,2),(9964,3,1,11712,2727,1072,0),(9965,3,1,742,4432,1072,1),(9966,3,2,11736,6542,1072,1),(9967,3,2,11736,6542,1072,1),(9968,3,3,10980,10078,1072,0),(9969,3,4,3747,4469,1072,2),(9970,3,5,2684,414,1072,0),(9971,3,5,10980,10078,1072,1),(9972,4,1,11712,2727,1072,0),(9973,4,1,742,4454,1072,1),(9974,4,2,4,4,1072,2),(9975,4,4,742,4454,1072,0),(9976,4,4,794,4432,1072,1),(9977,4,5,10980,10078,1072,1),(9978,1,2,11456,11749,1073,1),(9979,1,3,11736,11750,1073,2),(9980,1,4,3963,11703,1073,0),(9981,2,1,5468,7629,1073,0),(9982,2,3,2173,5659,1073,2),(9983,2,4,3963,11703,1073,0),(9984,2,4,11213,5659,1073,1),(9985,2,5,4,4,1073,2),(9986,3,1,562,7629,1073,0),(9987,3,1,7193,4590,1073,1),(9988,3,2,6497,6565,1073,0),(9989,3,2,11456,11749,1073,1),(9990,3,3,4,4,1073,2),(9991,3,4,11736,11750,1073,1),(9992,3,4,11736,11750,1073,1),(9993,3,5,11766,4469,1073,0),(9994,3,5,1919,1919,1073,1),(9995,4,1,7193,4590,1073,0),(9996,4,1,5468,7629,1073,1),(9997,4,2,6497,6565,1073,0),(9998,4,5,11766,4469,1073,0),(9999,4,5,1919,1919,1073,1),(10000,5,5,3459,4469,1073,1),(10001,1,2,11456,11749,1074,1),(10002,1,3,11736,11750,1074,2),(10003,1,4,3963,11703,1074,0),(10004,2,2,6497,6565,1074,0),(10005,2,2,11456,11749,1074,1),(10006,2,3,2173,5659,1074,2),(10007,2,4,11736,11750,1074,1),(10008,2,4,11736,11750,1074,1),(10009,2,5,4,4,1074,2),(10010,3,1,7193,4590,1074,0),(10011,3,1,562,7629,1074,1),(10012,3,3,4,4,1074,2),(10013,3,4,3963,11703,1074,0),(10014,3,4,11213,5659,1074,1),(10015,3,5,11766,4469,1074,0),(10016,3,5,1919,1919,1074,1),(10017,4,1,7193,4590,1074,0),(10018,4,1,5468,7629,1074,1),(10019,4,2,6497,6565,1074,0),(10020,4,5,1919,1919,1074,0),(10021,4,5,3459,4469,1074,1),(10022,5,1,5468,7629,1074,1),(10023,5,5,11766,4469,1074,0),(10024,1,6,4,4,1076,2),(10025,2,1,3173,414,1076,0),(10026,2,3,4,4,1076,2),(10027,2,5,129,4984,1076,1),(10028,2,6,7514,11806,1076,1),(10029,3,1,523,523,1076,0),(10030,3,3,4608,4608,1076,0),(10031,3,3,523,523,1076,1),(10032,4,2,3173,414,1076,0),(10033,4,3,253,132,1076,0),(10034,4,3,9688,9903,1076,1),(10035,4,4,9688,9903,1076,1),(10036,4,4,9688,9903,1076,1),(10037,4,5,6703,4608,1076,1),(10038,4,5,6703,4608,1076,1),(10039,5,2,129,4984,1076,1),(10040,5,2,129,4984,1076,1),(10041,5,3,253,132,1076,0),(10042,5,4,7514,11806,1076,1),(10043,5,4,7514,11806,1076,1),(10044,6,2,3173,414,1076,1),(10045,1,5,152,132,1077,1),(10046,1,6,4,4,1077,2),(10047,2,3,4,4,1077,2),(10048,2,4,376,4984,1077,2),(10049,2,6,7514,11806,1077,1),(10050,3,1,3173,414,1077,0),(10051,3,3,4608,4608,1077,0),(10052,3,3,523,523,1077,1),(10053,3,4,9688,9903,1077,1),(10054,3,4,9688,9903,1077,1),(10055,3,5,6703,4608,1077,1),(10056,3,5,6703,4608,1077,1),(10057,4,1,523,523,1077,0),(10058,4,2,3173,414,1077,1),(10059,4,2,3173,414,1077,1),(10060,4,3,253,132,1077,0),(10061,4,3,9688,9903,1077,1),(10062,4,4,7514,11806,1077,1),(10063,4,4,7514,11806,1077,1),(10064,5,2,129,4984,1077,0),(10065,1,4,376,4984,1078,2),(10066,1,6,4,4,1078,2),(10067,2,3,4,4,1078,2),(10068,2,4,9688,9903,1078,1),(10069,2,4,9688,9903,1078,1),(10070,2,5,523,523,1078,0),(10071,2,5,152,132,1078,1),(10072,2,6,7514,11806,1078,1),(10073,3,3,4608,4608,1078,0),(10074,3,3,523,523,1078,1),(10075,3,4,7514,11806,1078,0),(10076,3,6,7514,11806,1078,1),(10077,4,1,10088,4608,1078,0),(10078,4,2,3173,414,1078,0),(10079,4,3,253,132,1078,0),(10080,4,3,9688,9903,1078,1),(10081,5,1,10088,4608,1078,0),(10082,5,2,129,4984,1078,0),(10083,5,2,3173,414,1078,1),(10084,5,3,3173,414,1078,0),(10085,1,5,4479,11879,1079,0),(10086,2,1,2304,11881,1079,1),(10087,2,2,5488,2302,1079,2),(10088,2,5,4479,11879,1079,0),(10089,3,1,2304,11881,1079,1),(10090,3,2,5488,2302,1079,2),(10091,3,3,4,4,1079,2),(10092,4,1,4,4,1079,1),(10093,4,2,5488,2302,1079,1),(10094,5,2,2304,11881,1079,1),(10095,1,5,6497,11901,1080,1),(10096,2,1,6472,2023,1080,0),(10097,2,3,5215,4590,1080,0),(10098,2,4,6565,11901,1080,2),(10099,2,5,6565,11901,1080,1),(10100,3,1,4,4,1080,2),(10101,3,3,6481,5659,1080,2),(10102,3,4,6497,11901,1080,2),(10103,4,1,7193,4590,1080,0),(10104,4,1,5172,6549,1080,1),(10105,4,2,4600,2023,1080,2),(10106,4,3,6481,5659,1080,2),(10107,4,4,11736,11750,1080,2),(10108,5,1,5172,6549,1080,2),(10109,5,2,11736,11750,1080,1),(10110,5,2,11736,11750,1080,1),(10111,5,3,11213,5659,1080,0),(10112,1,1,10980,4503,1081,2),(10113,1,3,6497,6565,1081,1),(10114,1,3,6497,6565,1081,1),(10115,2,1,6472,2023,1081,0),(10116,2,1,10980,4503,1081,1),(10117,2,3,6497,11923,1081,2),(10118,2,4,6497,6565,1081,1),(10119,3,1,4,4,1081,2),(10120,3,2,5398,6549,1081,2),(10121,3,3,5215,4590,1081,0),(10122,3,3,6497,11923,1081,1),(10123,3,4,6472,2023,1081,1),(10124,4,1,7193,4590,1081,0),(10125,4,1,5172,6549,1081,1),(10126,4,3,6472,2023,1081,0),(10127,4,4,6497,6565,1081,2),(10128,5,4,6497,6565,1081,0),(10129,1,2,11938,11938,1082,2),(10130,1,4,11938,11939,1082,0),(10131,2,2,11938,11939,1082,2),(10132,2,3,10980,11941,1082,2),(10133,2,4,11938,11939,1082,0),(10134,3,1,4,4,1082,2),(10135,3,2,4,4,1082,2),(10136,3,3,11938,11939,1082,2),(10137,4,1,11938,11939,1082,2),(10138,4,3,11938,11938,1082,2),(10139,4,4,11948,11941,1082,1),(10140,5,3,11938,11938,1082,2),(10141,5,4,11948,11941,1082,1),(10142,1,4,11938,11939,1083,0),(10143,2,3,10980,11941,1083,2),(10144,2,4,11938,11939,1083,0),(10145,3,1,4,4,1083,2),(10146,3,2,4,4,1083,2),(10147,3,3,11938,11939,1083,2),(10148,3,5,11948,11941,1083,0),(10149,4,1,11938,11939,1083,2),(10150,4,2,11938,11939,1083,2),(10151,4,3,11938,11938,1083,2),(10152,4,5,11948,11941,1083,0),(10153,5,1,11938,11938,1083,2),(10154,5,2,11938,11938,1083,2),(10155,1,3,6255,6450,1085,2),(10156,1,4,822,822,1085,0),(10157,1,5,3190,11966,1085,1),(10158,2,3,11967,11966,1085,2),(10159,2,4,4,4,1085,2),(10160,2,5,3190,11966,1085,1),(10161,3,2,7000,11966,1085,0),(10162,3,4,5007,5007,1085,0),(10163,3,4,3212,3212,1085,1),(10164,3,5,7008,7008,1085,2),(10165,4,1,7008,7008,1085,2),(10166,4,2,3212,3212,1085,2),(10167,4,5,10236,11980,1085,2),(10168,5,1,10236,11980,1085,0),(10169,5,1,6255,6450,1085,1),(10170,5,2,5007,5007,1085,1),(10171,6,2,822,822,1085,1),(10172,1,1,7008,7008,1086,0),(10173,1,3,6255,6450,1086,2),(10174,1,4,822,822,1086,0),(10175,1,4,11988,11988,1086,1),(10176,2,1,7008,7008,1086,0),(10177,2,1,6255,6450,1086,1),(10178,2,2,7000,11966,1086,1),(10179,2,3,11967,11966,1086,2),(10180,2,4,4,4,1086,2),(10181,2,5,7008,7008,1086,2),(10182,3,1,11988,11988,1086,2),(10183,3,2,11996,3212,1086,2),(10184,3,4,5007,5007,1086,0),(10185,3,4,3212,3212,1086,1),(10186,3,5,7008,7008,1086,2),(10187,4,1,10236,11980,1086,1),(10188,4,2,5007,5007,1086,0),(10189,4,2,10236,11966,1086,1),(10190,4,5,10236,11980,1086,2),(10191,5,2,10236,11966,1086,1),(10192,5,5,822,822,1086,1),(10193,1,3,6255,6450,1087,2),(10194,1,4,822,822,1087,0),(10195,1,5,3190,11966,1087,0),(10196,2,3,11967,11966,1087,2),(10197,2,4,4,4,1087,2),(10198,2,5,3190,11966,1087,0),(10199,3,1,7008,7008,1087,2),(10200,3,4,5007,5007,1087,0),(10201,3,4,3212,3212,1087,1),(10202,3,5,7008,7008,1087,2),(10203,4,1,10236,11980,1087,0),(10204,4,2,7000,11966,1087,0),(10205,4,2,5007,5007,1087,1),(10206,4,5,10236,11980,1087,2),(10207,5,1,6255,6450,1087,0),(10208,5,2,11712,3212,1087,2),(10209,6,2,822,822,1087,0),(10210,1,1,4,125,1088,2),(10211,1,2,4,125,1088,2),(10212,1,5,4,125,1088,2),(10213,1,6,4,125,1088,2),(10214,2,1,6497,11901,1088,2),(10215,2,2,6497,11901,1088,2),(10216,2,3,4,125,1088,2),(10217,2,4,4,125,1088,2),(10218,2,5,12037,7051,1088,2),(10219,2,6,12037,7051,1088,2),(10220,3,1,4,125,1088,2),(10221,3,2,4,125,1088,2),(10222,3,3,11938,12041,1088,2),(10223,3,4,11938,12041,1088,2),(10224,3,5,4,125,1088,2),(10225,3,6,4,125,1088,2),(10226,4,1,11938,12045,1088,2),(10227,4,2,11938,12045,1088,2),(10228,1,1,4,125,1089,2),(10229,1,2,4,125,1089,2),(10230,1,3,6497,11901,1089,2),(10231,1,4,6497,11901,1089,2),(10232,1,5,4,125,1089,2),(10233,1,6,4,125,1089,2),(10234,2,1,12037,7051,1089,2),(10235,2,2,12037,7051,1089,2),(10236,2,3,4,125,1089,2),(10237,2,4,4,125,1089,2),(10238,3,1,4,125,1089,2),(10239,3,2,4,125,1089,2),(10240,3,3,11938,12041,1089,2),(10241,3,4,11938,12041,1089,2),(10242,3,5,4,125,1089,2),(10243,3,6,4,125,1089,2),(10244,4,1,11938,12045,1089,2),(10245,4,2,11938,12045,1089,2),(10246,1,1,4,125,1090,2),(10247,1,2,4,125,1090,2),(10248,1,5,4,125,1090,2),(10249,1,6,4,125,1090,2),(10250,2,1,6497,11901,1090,2),(10251,2,2,6497,11901,1090,2),(10252,2,3,4,125,1090,2),(10253,2,4,4,125,1090,2),(10254,2,5,12037,7051,1090,2),(10255,2,6,12037,7051,1090,2),(10256,3,1,4,125,1090,2),(10257,3,2,4,125,1090,2),(10258,3,3,8250,12041,1090,2),(10259,3,4,8250,12041,1090,2),(10260,3,5,4,125,1090,2),(10261,3,6,4,125,1090,2),(10262,4,1,6703,12085,1090,2),(10263,4,2,6703,12085,1090,2),(10264,1,1,4,125,1091,2),(10265,1,2,4,125,1091,2),(10266,1,3,6255,6549,1091,2),(10267,1,4,6255,6549,1091,2),(10268,1,5,4,125,1091,2),(10269,1,6,4,125,1091,2),(10270,2,3,4,125,1091,2),(10271,2,4,4,125,1091,2),(10272,2,5,7061,7063,1091,2),(10273,2,6,7061,7063,1091,2),(10274,3,1,4,125,1091,2),(10275,3,2,4,125,1091,2),(10276,3,3,7051,7051,1091,2),(10277,3,4,7051,7051,1091,2),(10278,3,5,4,125,1091,2),(10279,3,6,4,125,1091,2),(10280,4,1,7029,7029,1091,2),(10281,4,2,7029,7029,1091,2),(10282,1,5,6450,1247,1092,2),(10283,2,1,6497,11901,1092,1),(10284,2,2,11736,12045,1092,2),(10285,2,3,12110,12110,1092,0),(10286,2,3,11736,12045,1092,1),(10287,2,5,6450,1247,1092,0),(10288,2,5,12113,12113,1092,1),(10289,3,2,6481,8235,1092,2),(10290,3,3,1369,1369,1092,1),(10291,3,5,12113,12113,1092,2),(10292,4,2,6481,8235,1092,1),(10293,4,3,4,4,1092,2),(10294,5,3,6565,11901,1092,0),(10295,5,3,12122,12110,1092,1),(10296,3,1,6497,11901,1094,1),(10297,3,3,1369,1369,1094,1),(10298,3,4,5301,5907,1094,2),(10299,4,1,5398,1247,1094,2),(10300,4,2,6481,12132,1094,0),(10301,4,3,4,4,1094,2),(10302,4,4,5301,5907,1094,0),(10303,5,1,5398,1247,1094,0),(10304,5,2,6481,12132,1094,2),(10305,5,3,6565,11901,1094,0),(10306,1,4,10236,7051,1095,2),(10307,1,5,10980,12141,1095,0),(10308,2,3,4,4,1095,2),(10309,2,4,10236,7051,1095,0),(10310,2,4,1401,1401,1095,1),(10311,2,5,10980,12141,1095,2),(10312,3,3,6497,12146,1095,0),(10313,3,3,1369,1369,1095,1),(10314,3,4,1401,1401,1095,2),(10315,3,5,7639,12149,1095,2),(10316,4,3,6497,12146,1095,0),(10317,4,5,7639,12149,1095,1),(10318,5,1,849,5708,1095,2),(10319,6,1,849,5708,1095,1),(10320,6,1,849,5708,1095,1),(10321,1,5,6450,1247,1096,2),(10322,2,1,12156,12156,1096,2),(10323,2,4,2248,12157,1096,2),(10324,2,5,12113,12113,1096,0),(10325,2,5,6450,1247,1096,1),(10326,3,1,12156,12156,1096,1),(10327,3,1,12156,12156,1096,1),(10328,3,3,1369,1369,1096,1),(10329,3,4,2248,12157,1096,0),(10330,3,4,12165,12165,1096,1),(10331,3,5,12113,12113,1096,2),(10332,4,3,4,4,1096,2),(10333,4,4,12165,12165,1096,2),(10334,5,3,6565,11901,1096,1),(10335,5,3,6565,11901,1096,1),(10336,1,1,2304,6666,1097,0),(10337,1,1,8430,143,1097,1),(10338,1,2,6497,12174,1097,1),(10339,1,3,2304,6666,1097,2),(10340,1,4,12176,12176,1097,2),(10341,2,1,2304,6666,1097,0),(10342,2,1,8430,143,1097,1),(10343,2,2,6497,12174,1097,1),(10344,2,3,4,4,1097,2),(10345,2,4,12176,12176,1097,1),(10346,2,4,12176,12176,1097,1),(10347,2,5,6497,12174,1097,2),(10348,3,3,1369,1369,1097,1),(10349,3,4,882,1247,1097,2),(10350,3,5,6497,12174,1097,1),(10351,3,5,6497,12174,1097,1),(10352,4,4,882,1247,1097,0),(10353,4,5,12189,12189,1097,2),(10354,5,5,12189,12189,1097,0),(10355,1,1,7059,7059,1098,0),(10356,1,1,1369,1369,1098,1),(10357,1,4,7051,7051,1098,1),(10358,1,5,7029,12195,1098,2),(10359,2,1,4,4,1098,2),(10360,2,3,7008,7008,1098,0),(10361,2,4,7059,7059,1098,2),(10362,2,5,7029,12195,1098,0),(10363,2,5,12037,12201,1098,1),(10364,3,1,7029,7029,1098,0),(10365,3,1,7051,7051,1098,1),(10366,3,3,12037,12201,1098,2),(10367,3,4,4395,12205,1098,0),(10368,3,5,7029,7029,1098,0),(10369,4,3,4395,12205,1098,1),(10370,4,5,7029,7029,1098,0),(10371,1,1,7059,7059,1099,0),(10372,1,1,1369,1369,1099,1),(10373,1,4,7059,7059,1099,2),(10374,1,5,7029,12195,1099,2),(10375,2,1,4,4,1099,2),(10376,2,4,7051,7051,1099,1),(10377,2,5,12037,12201,1099,0),(10378,2,5,7029,12195,1099,1),(10379,3,1,7029,7029,1099,0),(10380,3,1,7051,7051,1099,1),(10381,3,3,12037,12201,1099,2),(10382,3,4,7008,7008,1099,1),(10383,3,5,7029,7029,1099,1),(10384,4,3,4395,12205,1099,1),(10385,4,5,7029,7029,1099,1),(10386,5,3,4395,12205,1099,1),(10387,1,1,7059,7059,1100,0),(10388,1,1,1369,1369,1100,1),(10389,2,1,4,4,1100,2),(10390,2,3,6255,1496,1100,2),(10391,2,4,7008,7008,1100,1),(10392,3,1,7029,7029,1100,0),(10393,3,1,7051,7051,1100,1),(10394,3,3,12037,12201,1100,2),(10395,3,4,7059,7059,1100,2),(10396,4,1,7051,7051,1100,1),(10397,4,2,7029,7029,1100,0),(10398,4,3,6255,1496,1100,1),(10399,5,2,7029,7029,1100,0),(10400,5,3,12037,12201,1100,0),(10401,1,1,4,125,1101,2),(10402,1,2,4,125,1101,2),(10403,1,3,6255,6549,1101,2),(10404,1,4,6255,6549,1101,2),(10405,1,5,4,125,1101,2),(10406,1,6,4,125,1101,2),(10407,2,1,8430,143,1101,2),(10408,2,2,8430,143,1101,2),(10409,2,3,4,125,1101,2),(10410,2,4,4,125,1101,2),(10411,2,5,7061,7063,1101,2),(10412,2,6,7061,7063,1101,2),(10413,3,1,4,125,1101,2),(10414,3,2,4,125,1101,2),(10415,1,1,4,125,1102,2),(10416,1,2,4,125,1102,2),(10417,1,3,12267,7051,1102,2),(10418,1,4,12267,7051,1102,2),(10419,1,5,4,125,1102,2),(10420,1,6,4,125,1102,2),(10421,2,1,11736,12045,1102,2),(10422,2,2,11736,12045,1102,2),(10423,2,3,4,125,1102,2),(10424,2,4,4,125,1102,2),(10425,2,5,12275,12041,1102,2),(10426,2,6,12275,12041,1102,2),(10427,3,1,4,125,1102,2),(10428,3,2,4,125,1102,2),(10429,3,3,5172,6549,1102,2),(10430,3,4,5172,6549,1102,2),(10431,3,5,4,125,1102,2),(10432,3,6,4,125,1102,2),(10433,1,1,4,125,1103,2),(10434,1,2,4,125,1103,2),(10435,1,3,9059,9059,1103,2),(10436,1,4,9059,9059,1103,2),(10437,1,5,4,125,1103,2),(10438,1,6,4,125,1103,2),(10439,2,1,6481,12291,1103,2),(10440,2,2,6481,12291,1103,2),(10441,2,3,4,125,1103,2),(10442,2,4,4,125,1103,2),(10443,2,5,947,12295,1103,2),(10444,2,6,947,12295,1103,2),(10445,3,1,4,125,1103,2),(10446,3,2,4,125,1103,2),(10447,3,3,12113,12299,1103,2),(10448,3,4,12113,12299,1103,2),(10449,3,5,4,125,1103,2),(10450,3,6,4,125,1103,2),(10451,4,1,6263,1919,1103,2),(10452,4,2,6263,1919,1103,2),(10453,1,1,4,125,1104,2),(10454,1,2,4,125,1104,2),(10455,1,3,10088,12307,1104,2),(10456,1,4,10088,12307,1104,2),(10457,1,5,4,125,1104,2),(10458,1,6,4,125,1104,2),(10459,2,1,12267,7051,1104,2),(10460,2,2,12267,7051,1104,2),(10461,2,3,4,125,1104,2),(10462,2,4,4,125,1104,2),(10463,2,5,8250,12041,1104,2),(10464,2,6,8250,12041,1104,2),(10465,3,1,4,125,1104,2),(10466,3,2,4,125,1104,2),(10467,3,3,6703,12085,1104,2),(10468,3,4,6703,12085,1104,2),(10469,3,5,4,125,1104,2),(10470,3,6,4,125,1104,2),(10471,4,1,5172,6549,1104,2),(10472,4,2,5172,6549,1104,2),(10473,1,1,4,125,1105,2),(10474,1,2,4,125,1105,2),(10475,1,5,4,125,1105,2),(10476,1,6,4,125,1105,2),(10477,2,1,12267,7051,1105,2),(10478,2,2,12267,7051,1105,2),(10479,2,3,4,125,1105,2),(10480,2,4,4,125,1105,2),(10481,2,5,7456,3350,1105,2),(10482,2,6,7456,3350,1105,2),(10483,3,1,4,125,1105,2),(10484,3,2,4,125,1105,2),(10485,3,3,12275,12041,1105,2),(10486,3,4,12275,12041,1105,2),(10487,3,5,4,125,1105,2),(10488,3,6,4,125,1105,2),(10489,4,1,5172,6549,1105,2),(10490,4,2,5172,6549,1105,2),(10491,1,1,4,125,1106,2),(10492,1,2,4,125,1106,2),(10493,1,3,6507,12347,1106,2),(10494,1,4,6507,12347,1106,2),(10495,1,5,4,125,1106,2),(10496,1,6,4,125,1106,2),(10497,2,1,6481,12351,1106,2),(10498,2,2,6481,12351,1106,2),(10499,2,3,4,125,1106,2),(10500,2,4,4,125,1106,2),(10501,2,5,5398,6629,1106,2),(10502,2,6,5398,6629,1106,2),(10503,3,1,4,125,1106,2),(10504,3,2,4,125,1106,2),(10505,3,3,6497,12359,1106,2),(10506,3,4,6497,12359,1106,2),(10507,3,5,4,125,1106,2),(10508,3,6,4,125,1106,2),(10509,4,1,947,12363,1106,2),(10510,4,2,947,12363,1106,2),(10511,1,1,4,125,1107,2),(10512,1,2,4,125,1107,2),(10513,1,3,12267,7051,1107,2),(10514,1,4,12267,7051,1107,2),(10515,1,5,4,125,1107,2),(10516,1,6,4,125,1107,2),(10517,2,1,12156,12371,1107,2),(10518,2,2,12156,12371,1107,2),(10519,2,3,4,125,1107,2),(10520,2,4,4,125,1107,2),(10521,2,5,12275,12041,1107,2),(10522,2,6,12275,12041,1107,2),(10523,3,1,4,125,1107,2),(10524,3,2,4,125,1107,2),(10525,3,3,5172,6549,1107,2),(10526,3,4,5172,6549,1107,2),(10527,3,5,4,125,1107,2),(10528,3,6,4,125,1107,2),(10529,4,1,2248,12157,1107,2),(10530,4,2,2248,12157,1107,2),(10531,1,1,4,125,1108,2),(10532,1,2,4,125,1108,2),(10533,1,3,5468,12387,1108,2),(10534,1,4,5468,12387,1108,2),(10535,1,5,4,125,1108,2),(10536,1,6,4,125,1108,2),(10537,2,1,12267,7051,1108,2),(10538,2,2,12267,7051,1108,2),(10539,2,3,4,125,1108,2),(10540,2,4,4,125,1108,2),(10541,2,5,2304,11938,1108,2),(10542,2,6,2304,11938,1108,2),(10543,3,1,4,125,1108,2),(10544,3,2,4,125,1108,2),(10545,3,3,12275,12041,1108,2),(10546,3,4,12275,12041,1108,2),(10547,3,5,4,125,1108,2),(10548,3,6,4,125,1108,2),(10549,4,1,5172,6549,1108,2),(10550,4,2,5172,6549,1108,2),(10551,1,1,4,125,1109,2),(10552,1,2,4,125,1109,2),(10553,1,3,742,8233,1109,2),(10554,1,4,742,8233,1109,2),(10555,1,5,4,125,1109,2),(10556,1,6,4,125,1109,2),(10557,2,1,12176,12411,1109,2),(10558,2,2,12176,12411,1109,2),(10559,2,3,4,125,1109,2),(10560,2,4,4,125,1109,2),(10561,2,5,813,12415,1109,2),(10562,2,6,813,12415,1109,2),(10563,3,1,4,125,1109,2),(10564,3,2,4,125,1109,2),(10565,3,3,2304,6666,1109,2),(10566,3,4,2304,6666,1109,2),(10567,3,5,4,125,1109,2),(10568,3,6,4,125,1109,2),(10569,4,1,2304,12423,1109,2),(10570,4,2,2304,12423,1109,2),(10571,1,1,4,125,1110,2),(10572,1,2,4,125,1110,2),(10573,1,3,6255,6549,1110,2),(10574,1,4,6255,6549,1110,2),(10575,1,5,4,125,1110,2),(10576,1,6,4,125,1110,2),(10577,2,3,4,125,1110,2),(10578,2,4,4,125,1110,2),(10579,2,5,7061,7063,1110,2),(10580,2,6,7061,7063,1110,2),(10581,3,1,4,125,1110,2),(10582,3,2,4,125,1110,2),(10583,3,3,8430,143,1110,2),(10584,3,4,8430,143,1110,2),(10585,3,5,4,125,1110,2),(10586,3,6,4,125,1110,2),(10587,4,1,7029,7029,1110,2),(10588,4,2,7029,7029,1110,2),(10589,1,1,4,125,1111,2),(10590,1,2,4,125,1111,2),(10591,1,5,4,125,1111,2),(10592,1,6,4,125,1111,2),(10593,2,1,6255,6549,1111,2),(10594,2,2,6255,6549,1111,2),(10595,2,3,4,125,1111,2),(10596,2,4,4,125,1111,2),(10597,2,5,8430,143,1111,2),(10598,2,6,8430,143,1111,2),(10599,3,1,4,125,1111,2),(10600,3,2,4,125,1111,2),(10601,3,3,7029,7029,1111,2),(10602,3,4,7029,7029,1111,2),(10603,3,5,4,125,1111,2),(10604,3,6,4,125,1111,2),(10605,4,1,7061,7063,1111,2),(10606,4,2,7061,7063,1111,2),(10607,1,1,4,125,1112,2),(10608,1,2,4,125,1112,2),(10609,1,3,1401,6719,1112,2),(10610,1,4,1401,6719,1112,2),(10611,1,5,4,125,1112,2),(10612,1,6,4,125,1112,2),(10613,2,1,6255,6549,1112,2),(10614,2,2,6255,6549,1112,2),(10615,2,3,4,125,1112,2),(10616,2,4,4,125,1112,2),(10617,2,5,8430,143,1112,2),(10618,2,6,8430,143,1112,2),(10619,3,1,4,125,1112,2),(10620,3,2,4,125,1112,2),(10621,3,3,7029,7029,1112,2),(10622,3,4,7029,7029,1112,2),(10623,3,5,4,125,1112,2),(10624,3,6,4,125,1112,2),(10625,4,1,7061,7063,1112,2),(10626,4,2,7061,7063,1112,2),(10627,1,1,2665,2665,1113,1),(10628,1,5,4113,132,1113,0),(10629,2,1,2665,2665,1113,2),(10630,2,3,4,4,1113,2),(10631,2,4,822,822,1113,0),(10632,2,4,523,523,1113,1),(10633,2,5,4113,132,1113,2),(10634,3,1,4,4,1113,2),(10635,3,2,1975,1227,1113,1),(10636,3,3,12494,2602,1113,2),(10637,3,4,822,822,1113,0),(10638,3,4,4294,4294,1113,1),(10639,3,5,12497,2867,1113,2),(10640,4,2,3517,9,1113,2),(10641,4,3,12497,2867,1113,2),(10642,4,4,4294,4294,1113,1),(10643,5,2,523,523,1113,0),(10644,5,2,4304,4304,1113,1),(10645,5,3,2602,2602,1113,0),(10646,5,4,1975,1227,1113,1),(10647,6,2,4304,4304,1113,1),(10648,1,1,2665,2665,1114,0),(10649,1,4,523,523,1114,1),(10650,1,5,4113,132,1114,1),(10651,2,1,2665,2665,1114,2),(10652,2,3,4,4,1114,2),(10653,2,4,822,822,1114,1),(10654,2,5,4113,132,1114,2),(10655,3,1,4,4,1114,2),(10656,3,2,1975,1227,1114,1),(10657,3,3,12497,2867,1114,2),(10658,3,4,822,822,1114,0),(10659,3,4,4294,4294,1114,1),(10660,3,5,12497,2867,1114,2),(10661,4,2,1975,1227,1114,1),(10662,4,3,12494,2602,1114,2),(10663,4,4,4294,4294,1114,0),(10664,4,5,2649,9,1114,2),(10665,5,2,523,523,1114,0),(10666,5,2,4304,4304,1114,1),(10667,5,3,2602,2602,1114,0),(10668,6,2,4304,4304,1114,0),(10669,1,2,5040,2867,1115,2),(10670,1,3,7193,10020,1115,0),(10671,1,5,1988,41,1115,2),(10672,2,1,4,4,1115,2),(10673,2,2,1975,1227,1115,0),(10674,2,2,2550,142,1115,1),(10675,2,3,172,142,1115,0),(10676,2,4,1975,12534,1115,0),(10677,2,5,11477,132,1115,2),(10678,3,1,2649,9,1115,2),(10679,3,2,5040,2867,1115,0),(10680,3,2,1975,1227,1115,1),(10681,3,3,4,4,1115,2),(10682,3,4,172,142,1115,0),(10683,3,5,1988,41,1115,0),(10684,4,1,1975,12542,1115,2),(10685,4,2,11477,132,1115,2),(10686,4,3,7193,10020,1115,2),(10687,4,4,1975,12534,1115,0),(10688,5,1,1975,12542,1115,0),(10689,1,2,5040,2867,1116,2),(10690,1,3,7193,10020,1116,1),(10691,1,5,11477,132,1116,2),(10692,2,1,4,4,1116,2),(10693,2,2,5040,2867,1116,0),(10694,2,2,2550,142,1116,1),(10695,2,3,172,142,1116,1),(10696,2,4,1975,12534,1116,0),(10697,2,5,1988,41,1116,2),(10698,3,1,1975,12542,1116,2),(10699,3,2,1975,1227,1116,1),(10700,3,2,1975,1227,1116,1),(10701,3,3,4,4,1116,2),(10702,3,4,1975,12534,1116,0),(10703,3,5,1988,41,1116,0),(10704,4,1,2649,9,1116,2),(10705,4,2,11477,132,1116,2),(10706,4,3,7193,10020,1116,2),(10707,4,4,172,142,1116,0),(10708,5,1,1975,12542,1116,0),(10709,1,1,3887,7849,1117,0),(10710,1,5,3517,9,1117,2),(10711,2,1,1349,132,1117,2),(10712,2,3,4,4,1117,2),(10713,2,4,3517,9,1117,0),(10714,2,4,12572,2867,1117,1),(10715,2,5,3887,7849,1117,2),(10716,3,1,5198,12574,1117,2),(10717,3,3,12572,2867,1117,2),(10718,3,4,12576,12574,1117,2),(10719,3,5,12572,2867,1117,2),(10720,4,1,4,4,1117,2),(10721,4,2,11140,1919,1117,1),(10722,4,2,11140,1919,1117,1),(10723,4,3,12581,2022,1117,2),(10724,4,4,1349,132,1117,2),(10725,4,5,12581,2022,1117,0),(10726,5,2,12581,2022,1117,2),(10727,5,3,11140,1919,1117,1),(10728,1,1,3887,7849,1118,0),(10729,1,4,3517,9,1118,0),(10730,2,1,1349,132,1118,2),(10731,2,3,4,4,1118,2),(10732,2,4,12576,12574,1118,2),(10733,2,5,2649,9,1118,2),(10734,3,1,5198,12574,1118,2),(10735,3,3,12572,2867,1118,2),(10736,3,4,1349,132,1118,2),(10737,3,5,3887,7849,1118,2),(10738,4,1,4,4,1118,2),(10739,4,2,2649,9,1118,1),(10740,4,3,12581,2022,1118,2),(10741,4,4,12572,2867,1118,1),(10742,4,5,12572,2867,1118,2),(10743,5,2,11140,1919,1118,2),(10744,5,3,11140,1919,1118,1),(10745,5,5,12581,2022,1118,0),(10746,6,2,12581,2022,1118,2),(10747,1,1,3887,7849,1119,0),(10748,2,1,1349,132,1119,2),(10749,2,2,2649,9,1119,0),(10750,2,3,4,4,1119,2),(10751,2,4,1349,132,1119,2),(10752,2,5,12581,2022,1119,0),(10753,3,1,5198,12574,1119,2),(10754,3,2,5200,1919,1119,1),(10755,3,2,5200,1919,1119,1),(10756,3,3,12572,2867,1119,2),(10757,3,4,4450,9,1119,0),(10758,3,4,12572,2867,1119,1),(10759,3,5,2649,9,1119,2),(10760,4,1,4,4,1119,2),(10761,4,2,12581,2022,1119,2),(10762,4,3,12581,2022,1119,2),(10763,4,4,12576,12574,1119,2),(10764,4,5,3887,7849,1119,2),(10765,5,3,11140,1919,1119,1),(10766,5,5,12572,2867,1119,2),(10767,1,1,3887,7849,1120,0),(10768,2,1,1349,132,1120,2),(10769,2,3,4,4,1120,2),(10770,2,4,12581,2022,1120,2),(10771,2,5,12572,2867,1120,0),(10772,2,5,12581,2022,1120,1),(10773,3,1,5198,12574,1120,2),(10774,3,2,102,9,1120,1),(10775,3,3,12572,2867,1120,2),(10776,3,4,5200,1919,1120,1),(10777,3,4,5200,1919,1120,1),(10778,3,5,1349,132,1120,2),(10779,4,1,4,4,1120,2),(10780,4,2,12576,12574,1120,2),(10781,4,3,12581,2022,1120,2),(10782,4,4,4450,9,1120,0),(10783,4,5,4450,9,1120,2),(10784,5,2,12572,2867,1120,2),(10785,5,3,11140,1919,1120,1),(10786,5,5,3887,7849,1120,2),(10787,1,1,3887,7849,1121,0),(10788,1,4,12646,9,1121,0),(10789,1,5,12581,2022,1121,1),(10790,2,1,1349,132,1121,2),(10791,2,3,4,4,1121,2),(10792,2,4,3887,7849,1121,2),(10793,2,5,1349,132,1121,2),(10794,3,1,5198,12574,1121,2),(10795,3,2,12576,12574,1121,2),(10796,3,3,12572,2867,1121,2),(10797,3,4,12581,2022,1121,2),(10798,3,5,102,9,1121,2),(10799,4,1,4,4,1121,2),(10800,4,2,12572,2867,1121,2),(10801,4,3,12581,2022,1121,2),(10802,4,4,5200,1919,1121,1),(10803,4,4,5200,1919,1121,1),(10804,5,2,102,9,1121,0),(10805,5,3,11140,1919,1121,1),(10806,5,4,12572,2867,1121,1),(10807,1,1,3887,7849,1122,0),(10808,1,2,239,9,1122,0),(10809,2,1,1349,132,1122,2),(10810,2,2,12576,12574,1122,2),(10811,2,3,4,4,1122,2),(10812,2,5,239,9,1122,2),(10813,3,1,5198,12574,1122,2),(10814,3,2,7475,2867,1122,2),(10815,3,3,12572,2867,1122,2),(10816,3,4,3887,7849,1122,2),(10817,3,5,11700,132,1122,2),(10818,4,1,4,4,1122,2),(10819,4,3,12581,2022,1122,2),(10820,4,4,8833,2022,1122,2),(10821,4,5,8833,2022,1122,0),(10822,4,5,7475,2867,1122,1),(10823,5,3,11140,1919,1122,1),(10824,5,4,10685,1919,1122,2),(10825,1,1,3887,7849,1123,0),(10826,1,2,12576,12574,1123,2),(10827,1,5,2649,9,1123,2),(10828,2,1,1349,132,1123,2),(10829,2,2,7475,2867,1123,2),(10830,2,3,4,4,1123,2),(10831,2,5,11700,132,1123,2),(10832,3,1,5198,12574,1123,2),(10833,3,2,2641,1919,1123,2),(10834,3,3,12572,2867,1123,2),(10835,3,5,8833,2022,1123,0),(10836,3,5,7475,2867,1123,1),(10837,4,1,4,4,1123,2),(10838,4,2,2649,9,1123,0),(10839,4,3,12581,2022,1123,2),(10840,4,4,3887,7849,1123,2),(10841,5,3,11140,1919,1123,1),(10842,5,4,8833,2022,1123,2),(10843,1,1,5040,12701,1124,2),(10844,1,2,4,4,1124,2),(10845,1,5,10306,2022,1124,2),(10846,2,1,12704,2022,1124,2),(10847,2,2,523,523,1124,0),(10848,2,2,1975,1227,1124,1),(10849,2,4,523,523,1124,0),(10850,2,5,12708,12701,1124,2),(10851,3,2,1969,1969,1124,0),(10852,3,2,12708,12701,1124,1),(10853,3,4,12711,1969,1124,2),(10854,3,5,242,9533,1124,2),(10855,4,2,12713,1981,1124,0),(10856,4,3,3850,9,1124,2),(10857,4,4,1975,1227,1124,1),(10858,4,5,4,4,1124,2),(10859,5,3,12717,9533,1124,2),(10860,5,4,12713,1981,1124,1),(10861,6,3,12719,9,1124,2),(10862,1,1,12704,2022,1125,2),(10863,1,2,4,4,1125,2),(10864,1,4,523,523,1125,0),(10865,1,5,10306,2022,1125,2),(10866,2,1,5040,12701,1125,2),(10867,2,2,523,523,1125,0),(10868,2,2,1975,1227,1125,1),(10869,2,4,12711,1969,1125,2),(10870,2,5,12708,12701,1125,2),(10871,3,2,1969,1969,1125,0),(10872,3,2,12708,12701,1125,1),(10873,3,4,1975,1227,1125,1),(10874,3,5,242,9533,1125,2),(10875,4,2,12713,1981,1125,0),(10876,4,3,12717,9533,1125,2),(10877,4,4,12713,1981,1125,1),(10878,4,5,4,4,1125,2),(10879,5,3,2649,9,1125,2),(10880,1,2,4,4,1126,2),(10881,1,4,12711,1969,1126,2),(10882,1,5,10306,2022,1126,2),(10883,2,2,523,523,1126,0),(10884,2,2,1975,1227,1126,1),(10885,2,3,12717,9533,1126,2),(10886,2,4,12713,1981,1126,0),(10887,2,4,1975,1227,1126,1),(10888,2,5,12708,12701,1126,2),(10889,3,1,5040,12701,1126,2),(10890,3,2,1969,1969,1126,0),(10891,3,2,12708,12701,1126,1),(10892,3,3,12646,9,1126,2),(10893,3,4,523,523,1126,0),(10894,3,5,242,9533,1126,2),(10895,4,1,10306,2022,1126,2),(10896,4,2,12713,1981,1126,0),(10897,4,5,4,4,1126,2),(10898,1,2,4,4,1127,2),(10899,1,3,12708,12701,1127,2),(10900,1,5,10306,2022,1127,2),(10901,2,2,523,523,1127,0),(10902,2,2,1975,1227,1127,1),(10903,2,3,12713,1981,1127,0),(10904,2,3,1975,1227,1127,1),(10905,2,4,102,9,1127,2),(10906,2,5,12708,12701,1127,2),(10907,3,1,10306,2022,1127,2),(10908,3,2,1969,1969,1127,0),(10909,3,2,12708,12701,1127,1),(10910,3,4,1949,9533,1127,2),(10911,3,5,242,9533,1127,2),(10912,4,1,12711,1969,1127,2),(10913,4,2,12713,1981,1127,0),(10914,4,4,523,523,1127,0),(10915,4,5,4,4,1127,2),(10916,1,2,4,4,1128,2),(10917,1,3,12713,1981,1128,0),(10918,1,4,239,9,1128,2),(10919,1,5,10306,2022,1128,2),(10920,2,1,523,523,1128,1),(10921,2,2,523,523,1128,0),(10922,2,2,1975,1227,1128,1),(10923,2,3,12708,12701,1128,2),(10924,2,4,1949,9533,1128,2),(10925,2,5,12708,12701,1128,2),(10926,3,1,12711,1969,1128,2),(10927,3,2,1969,1969,1128,0),(10928,3,2,12708,12701,1128,1),(10929,3,3,1975,1227,1128,1),(10930,3,5,242,9533,1128,2),(10931,4,1,8833,2022,1128,2),(10932,4,2,12713,1981,1128,0),(10933,4,5,4,4,1128,2),(10934,1,2,4,4,1129,2),(10935,1,5,10306,2022,1129,2),(10936,2,1,12711,1969,1129,2),(10937,2,2,523,523,1129,0),(10938,2,2,1975,1227,1129,1),(10939,2,5,12708,12701,1129,2),(10940,3,1,8833,2022,1129,2),(10941,3,2,1969,1969,1129,0),(10942,3,2,12708,12701,1129,1),(10943,3,3,12708,12701,1129,2),(10944,3,4,102,9,1129,2),(10945,3,5,242,9533,1129,2),(10946,4,1,523,523,1129,1),(10947,4,2,12713,1981,1129,0),(10948,4,3,12713,1981,1129,0),(10949,4,3,1975,1227,1129,1),(10950,4,4,1949,9533,1129,2),(10951,4,5,4,4,1129,2),(10952,5,4,2649,9,1129,2),(10953,1,1,1949,9533,1130,2),(10954,1,2,4,4,1130,2),(10955,1,5,10306,2022,1130,2),(10956,2,1,10306,2022,1130,2),(10957,2,2,523,523,1130,0),(10958,2,2,1975,1227,1130,1),(10959,2,5,12708,12701,1130,2),(10960,3,1,523,523,1130,1),(10961,3,2,1969,1969,1130,0),(10962,3,2,12708,12701,1130,1),(10963,3,5,242,9533,1130,2),(10964,4,2,12713,1981,1130,0),(10965,4,3,12708,12701,1130,2),(10966,4,4,2649,9,1130,2),(10967,4,5,4,4,1130,2),(10968,5,3,12713,1981,1130,0),(10969,5,3,1975,1227,1130,1),(10970,5,4,12828,1969,1130,2),(10971,1,1,12711,1969,1131,2),(10972,1,2,4,4,1131,2),(10973,1,5,10306,2022,1131,2),(10974,2,1,523,523,1131,0),(10975,2,1,1975,1227,1131,1),(10976,2,2,523,523,1131,0),(10977,2,2,1975,1227,1131,1),(10978,2,3,367,9533,1131,2),(10979,2,5,12708,12701,1131,2),(10980,3,2,1969,1969,1131,0),(10981,3,2,12708,12701,1131,1),(10982,3,3,10919,12701,1131,2),(10983,3,5,242,9533,1131,2),(10984,4,2,12713,1981,1131,0),(10985,4,2,12843,1981,1131,1),(10986,4,4,12844,2022,1131,2),(10987,4,5,4,4,1131,2),(10988,5,4,4,9,1131,2),(10989,1,1,2649,7253,1132,2),(10990,1,4,5243,8552,1132,2),(10991,2,1,2614,2614,1132,2),(10992,2,2,3517,7253,1132,2),(10993,2,3,4339,4339,1132,2),(10994,2,4,5243,8552,1132,2),(10995,2,5,1401,12853,1132,1),(10996,3,1,12497,2614,1132,2),(10997,3,2,12497,2614,1132,2),(10998,3,3,4,4,1132,2),(10999,3,4,4339,4339,1132,2),(11000,3,5,8157,12858,1132,1),(11001,4,1,1401,12853,1132,0),(11002,4,1,3517,7253,1132,1),(11003,4,2,8157,12858,1132,0),(11004,4,2,12862,3874,1132,1),(11005,4,4,4,4,1132,2),(11006,5,1,3517,7253,1132,1),(11007,5,2,12862,3874,1132,2),(11008,6,2,2649,7253,1132,2),(11009,1,1,2614,2614,1133,2),(11010,1,4,5243,8552,1133,2),(11011,1,5,1401,12853,1133,1),(11012,2,1,2649,7253,1133,2),(11013,2,3,4339,4339,1133,2),(11014,2,4,4339,4339,1133,2),(11015,2,5,8157,12858,1133,1),(11016,3,1,12497,2614,1133,2),(11017,3,2,12497,2614,1133,2),(11018,3,3,4,4,1133,2),(11019,3,4,5243,8552,1133,2),(11020,4,1,1401,12853,1133,0),(11021,4,2,8157,12858,1133,0),(11022,4,2,12862,3874,1133,1),(11023,4,4,4,4,1133,2),(11024,5,2,2649,7253,1133,2),(11025,6,2,12862,3874,1133,2),(11026,1,1,7193,3350,1134,1),(11027,2,1,7193,3350,1134,0),(11028,2,1,12886,12886,1134,1),(11029,2,2,12887,5215,1134,0),(11030,2,2,822,12888,1134,1),(11031,2,5,1227,12889,1134,1),(11032,3,1,12886,12886,1134,2),(11033,3,2,4,4,1134,2),(11034,3,3,1981,5182,1134,0),(11035,3,4,7,12893,1134,1),(11036,3,5,5198,12894,1134,2),(11037,4,2,12895,7238,1134,0),(11038,4,2,12887,5215,1134,1),(11039,4,3,4,4,1134,2),(11040,4,4,5237,5237,1134,2),(11041,4,5,1981,5182,1134,0),(11042,4,5,1227,12889,1134,1),(11043,5,3,5237,5237,1134,2),(11044,5,4,822,12888,1134,0),(11045,5,4,7,12893,1134,1),(11046,5,5,5198,12894,1134,2),(11047,6,4,12895,7238,1134,0),(11048,1,1,7193,3350,1135,1),(11049,2,1,12886,12886,1135,0),(11050,2,1,7193,3350,1135,1),(11051,2,2,822,12888,1135,1),(11052,2,3,12887,5215,1135,0),(11053,2,5,1227,12889,1135,1),(11054,3,1,12886,12886,1135,2),(11055,3,2,4,4,1135,2),(11056,3,3,1981,5182,1135,0),(11057,3,4,7,12893,1135,1),(11058,3,5,1981,5182,1135,0),(11059,3,5,1227,12889,1135,1),(11060,4,2,12895,7238,1135,0),(11061,4,2,12887,5215,1135,1),(11062,4,3,4,4,1135,2),(11063,4,4,822,12888,1135,0),(11064,4,4,7,12893,1135,1),(11065,4,5,5198,12894,1135,2),(11066,5,2,12895,7238,1135,0),(11067,5,3,5237,5237,1135,2),(11068,5,4,5237,5237,1135,1),(11069,5,4,5237,5237,1135,1),(11070,5,5,5198,12894,1135,2),(11071,1,3,4,4,1136,2),(11072,1,5,12895,12931,1136,0),(11073,2,1,3887,1349,1136,2),(11074,2,3,12935,12935,1136,2),(11075,2,4,12935,12935,1136,2),(11076,4,1,12935,12935,1136,1),(11077,4,3,3887,1349,1136,1),(11078,4,5,4,4,1136,2),(11079,4,6,12895,12931,1136,2),(11080,1,3,4,4,1137,2),(11081,1,5,12895,12931,1137,0),(11082,2,3,12935,12935,1137,2),(11083,3,1,3887,1349,1137,2),(11084,3,4,12935,12935,1137,2),(11085,3,6,12895,12931,1137,2),(11086,4,3,3887,1349,1137,1),(11087,4,5,4,4,1137,2),(11088,5,1,12935,12935,1137,1),(11089,1,3,4,4,1138,2),(11090,1,5,12895,12931,1138,0),(11091,2,3,12935,12935,1138,2),(11092,2,6,12895,12931,1138,2),(11093,3,1,12935,12935,1138,1),(11094,4,1,3887,1349,1138,2),(11095,4,3,3887,1349,1138,1),(11096,4,4,12935,12935,1138,2),(11097,4,5,4,4,1138,2),(11098,1,3,4,4,1139,2),(11099,1,5,12895,12931,1139,0),(11100,2,2,3887,1349,1139,2),(11101,2,3,12935,12935,1139,2),(11102,4,2,12935,12935,1139,2),(11103,4,3,3887,1349,1139,1),(11104,4,4,12895,12931,1139,2),(11105,4,5,4,4,1139,2),(11106,5,4,12935,12935,1139,0),(11107,1,2,3887,1349,1140,2),(11108,1,3,4,4,1140,2),(11109,1,5,12895,12931,1140,0),(11110,2,3,12935,12935,1140,2),(11111,3,2,12935,12935,1140,2),(11112,4,3,3887,1349,1140,1),(11113,4,5,4,4,1140,2),(11114,5,4,12895,12931,1140,2),(11115,6,4,12935,12935,1140,0),(11116,1,1,4,4,1141,2),(11117,1,4,2602,13020,1141,0),(11118,1,5,3862,5881,1141,2),(11119,2,1,3885,5881,1141,2),(11120,2,3,102,9,1141,2),(11121,2,4,5301,5907,1141,2),(11122,3,1,3874,3874,1141,2),(11123,3,3,13028,5317,1141,2),(11124,4,1,13028,5317,1141,2),(11125,4,3,5301,5907,1141,1),(11126,4,4,4,4,1141,2),(11127,5,2,3874,3874,1141,2),(11128,6,2,6450,13020,1141,1),(11129,1,1,4,4,1142,2),(11130,1,4,2602,13020,1142,0),(11131,2,1,3885,5881,1142,2),(11132,2,4,5301,5907,1142,2),(11133,2,5,3862,5881,1142,2),(11134,3,1,3874,3874,1142,2),(11135,3,3,102,9,1142,2),(11136,4,1,13028,5317,1142,2),(11137,4,2,3874,3874,1142,2),(11138,4,3,1349,5317,1142,2),(11139,4,4,4,4,1142,2),(11140,5,2,6450,13020,1142,1),(11141,5,3,5301,5907,1142,1),(11142,1,1,4,4,1143,2),(11143,1,4,2602,13020,1143,0),(11144,2,1,3885,5881,1143,2),(11145,2,2,3862,5881,1143,2),(11146,2,4,5301,5907,1143,2),(11147,3,1,3874,3874,1143,2),(11148,3,2,3874,3874,1143,2),(11149,3,3,4113,5317,1143,1),(11150,3,3,4113,5317,1143,1),(11151,4,1,13028,5317,1143,2),(11152,4,2,6450,13020,1143,1),(11153,4,3,102,9,1143,2),(11154,4,4,4,4,1143,2),(11155,5,5,2639,5907,1143,1),(11156,1,1,4,4,1144,2),(11157,1,2,3862,5881,1144,2),(11158,1,3,2639,5907,1144,1),(11159,1,4,2602,13020,1144,0),(11160,2,1,3885,5881,1144,2),(11161,2,2,3874,3874,1144,2),(11162,2,4,5301,5907,1144,2),(11163,3,1,3874,3874,1144,2),(11164,3,2,6450,13020,1144,1),(11165,4,1,13028,5317,1144,2),(11166,4,4,4,4,1144,2),(11167,4,5,1349,5317,1144,2),(11168,5,5,12719,9,1144,2),(11169,1,1,4,4,1145,2),(11170,1,4,2602,13020,1145,0),(11171,2,1,3885,5881,1145,2),(11172,2,3,13092,3874,1145,2),(11173,2,4,5301,5907,1145,2),(11174,3,1,3874,3874,1145,2),(11175,4,1,13028,5317,1145,2),(11176,4,2,6450,13020,1145,0),(11177,4,4,4,4,1145,2),(11178,4,5,239,9,1145,2),(11179,5,2,4113,5317,1145,2),(11180,5,5,2639,5907,1145,0),(11181,6,2,3885,5881,1145,2),(11182,1,1,4,4,1146,2),(11183,1,4,2602,13020,1146,0),(11184,2,1,3885,5881,1146,2),(11185,2,4,5301,5907,1146,2),(11186,2,5,2639,5907,1146,1),(11187,3,1,3874,3874,1146,2),(11188,3,2,6450,13020,1146,0),(11189,3,3,13092,3874,1146,2),(11190,3,5,239,9,1146,2),(11191,4,1,13028,5317,1146,2),(11192,4,2,1349,5317,1146,2),(11193,4,4,4,4,1146,2),(11194,5,2,3885,5881,1146,2),(11195,1,1,4,4,1147,2),(11196,1,4,2602,13020,1147,0),(11197,1,5,1349,5317,1147,2),(11198,2,1,3885,5881,1147,2),(11199,2,4,5301,5907,1147,2),(11200,2,5,2639,5907,1147,0),(11201,3,1,3874,3874,1147,2),(11202,4,1,13028,5317,1147,2),(11203,4,2,3885,5881,1147,2),(11204,4,3,13092,3874,1147,2),(11205,4,4,4,4,1147,2),(11206,5,2,3517,9,1147,2),(11207,6,2,6450,13020,1147,0),(11208,1,1,4,4,1148,2),(11209,1,4,2602,13020,1148,0),(11210,1,5,2639,5907,1148,0),(11211,2,1,3885,5881,1148,2),(11212,2,4,5301,5907,1148,2),(11213,2,5,12717,5317,1148,2),(11214,3,1,3874,3874,1148,2),(11215,3,2,3885,5881,1148,2),(11216,4,1,13028,5317,1148,2),(11217,4,2,12719,9,1148,2),(11218,4,4,4,4,1148,2),(11219,5,2,6450,13020,1148,0),(11220,5,3,13092,3874,1148,2),(11221,1,1,4,4,1149,2),(11222,1,4,2602,13020,1149,0),(11223,2,1,3885,5881,1149,2),(11224,2,2,4,4,1149,2),(11225,2,3,4,9,1149,2),(11226,2,4,5301,5907,1149,2),(11227,3,1,3874,3874,1149,2),(11228,3,2,5909,5881,1149,2),(11229,3,3,367,5317,1149,2),(11230,4,1,13028,5317,1149,2),(11231,4,2,4339,3874,1149,2),(11232,4,3,2639,5907,1149,1),(11233,5,3,2602,13020,1149,1),(11234,1,2,1354,5895,1150,1),(11235,1,3,3862,13174,1150,0),(11236,1,3,5243,8842,1150,1),(11237,1,6,5909,5909,1150,0),(11238,2,2,5887,5887,1150,2),(11239,2,3,5243,13174,1150,2),(11240,2,6,5887,5887,1150,2),(11241,3,2,4,4,1150,2),(11242,3,3,2639,5895,1150,2),(11243,3,5,5912,5938,1150,1),(11244,3,6,5909,5909,1150,2),(11245,4,4,5889,5889,1150,2),(11246,4,5,5912,5938,1150,2),(11247,5,2,5889,5889,1150,0),(11248,5,5,5243,8842,1150,2),(11249,1,2,1354,5895,1151,1),(11250,1,3,3862,13174,1151,0),(11251,1,6,5909,5909,1151,0),(11252,2,2,5887,5887,1151,2),(11253,2,3,2639,5895,1151,2),(11254,2,6,5909,5909,1151,2),(11255,3,2,4,4,1151,2),(11256,3,3,5243,13174,1151,2),(11257,3,5,5912,5938,1151,1),(11258,3,6,5887,5887,1151,2),(11259,4,3,5243,8842,1151,1),(11260,4,5,5243,8842,1151,2),(11261,5,2,5889,5889,1151,0),(11262,5,4,5889,5889,1151,2),(11263,5,5,5912,5938,1151,2),(11264,1,2,4395,4395,1152,2),(11265,1,3,4,4,1152,2),(11266,1,4,4319,13209,1152,2),(11267,1,5,4319,13209,1152,2),(11268,2,2,4395,4395,1152,0),(11269,2,2,12708,13212,1152,1),(11270,2,3,2602,4331,1152,2),(11271,2,4,6337,6337,1152,2),(11272,2,5,6337,6337,1152,2),(11273,3,1,7298,13216,1152,2),(11274,3,5,12708,13212,1152,0),(11275,4,1,7298,13216,1152,0),(11276,4,1,1401,6431,1152,1),(11277,5,1,1401,6431,1152,2),(11278,6,1,2602,4331,1152,2),(11279,1,2,1354,5895,1153,1),(11280,1,6,5887,5887,1153,2),(11281,2,1,2639,5895,1153,1),(11282,2,2,5887,5887,1153,2),(11283,2,6,13226,13226,1153,2),(11284,3,1,2639,5895,1153,1),(11285,3,2,4,4,1153,2),(11286,3,3,5451,5451,1153,0),(11287,3,6,13226,13226,1153,2),(11288,4,3,5451,5451,1153,2),(11289,4,4,12581,13233,1153,2),(11290,5,2,5889,5889,1153,0),(11291,5,3,12719,2072,1153,2),(11292,5,4,12581,13233,1153,2),(11293,6,4,5889,5889,1153,2),(11294,1,2,12708,13212,1154,1),(11295,1,3,4,4,1154,2),(11296,1,4,6337,6337,1154,0),(11297,1,5,4319,13209,1154,2),(11298,2,3,2602,4331,1154,2),(11299,2,4,4319,13209,1154,2),(11300,2,5,6337,6337,1154,2),(11301,3,1,5301,5907,1154,0),(11302,3,4,6337,6337,1154,1),(11303,3,5,12708,13212,1154,0),(11304,4,1,5301,5907,1154,2),(11305,5,1,6450,4331,1154,2),(11306,1,2,7193,10386,1155,0),(11307,1,4,7193,13256,1155,2),(11308,1,5,5200,5225,1155,1),(11309,2,2,7193,10386,1155,0),(11310,2,2,4395,13259,1155,1),(11311,2,3,5200,5225,1155,0),(11312,2,3,7193,10386,1155,1),(11313,2,4,7193,13256,1155,2),(11314,2,5,5243,5243,1155,0),(11315,2,5,5200,5225,1155,1),(11316,3,1,174,7177,1155,2),(11317,3,2,4395,13259,1155,2),(11318,3,4,7207,13268,1155,2),(11319,3,5,5243,5243,1155,1),(11320,3,5,5243,5243,1155,1),(11321,4,1,6220,13271,1155,0),(11322,4,1,174,7177,1155,1),(11323,4,3,4,4,1155,2),(11324,4,4,7207,13268,1155,0),(11325,4,4,6220,13271,1155,1),(11326,5,1,6220,13271,1155,0),(11327,1,2,1354,5895,1156,1),(11328,1,5,12862,5301,1156,2),(11329,2,2,5887,5887,1156,2),(11330,2,4,1354,5895,1156,2),(11331,2,5,3885,9333,1156,2),(11332,3,1,13092,13283,1156,0),(11333,3,2,4,4,1156,2),(11334,3,3,5889,5889,1156,2),(11335,3,4,13286,5887,1156,2),(11336,4,1,13092,13283,1156,0),(11337,4,1,12862,5301,1156,1),(11338,5,1,3862,9333,1156,2),(11339,5,2,5889,5889,1156,0),(11340,1,2,1354,5895,1157,1),(11341,1,4,1354,5895,1157,2),(11342,1,5,12862,5301,1157,2),(11343,2,2,5887,5887,1157,2),(11344,2,4,13286,5887,1157,2),(11345,2,5,3885,9333,1157,2),(11346,3,1,13092,13283,1157,0),(11347,3,2,4,4,1157,2),(11348,4,1,3862,9333,1157,2),(11349,4,3,5889,5889,1157,2),(11350,5,1,13092,13283,1157,0),(11351,5,1,12862,5301,1157,1),(11352,5,2,5889,5889,1157,0),(11353,1,2,6322,8866,1158,2),(11354,1,5,4,4,1158,2),(11355,2,2,5301,5907,1158,2),(11356,3,2,6322,8866,1158,2),(11357,3,3,8683,13314,1158,1),(11358,3,4,6361,6363,1158,2),(11359,3,5,945,6363,1158,2),(11360,4,1,8683,13314,1158,2),(11361,4,2,6322,8866,1158,0),(11362,4,2,5301,5907,1158,1),(11363,4,3,8683,13314,1158,2),(11364,4,4,7324,8509,1158,0),(11365,4,4,6361,6363,1158,1),(11366,5,1,8597,5907,1158,2),(11367,5,4,7324,8509,1158,0),(11368,1,2,6322,8866,1159,2),(11369,1,5,4,4,1159,2),(11370,2,2,6322,8866,1159,2),(11371,2,5,945,6363,1159,1),(11372,3,2,5301,5907,1159,2),(11373,3,4,6361,6363,1159,2),(11374,4,1,8683,13314,1159,2),(11375,4,2,5301,5907,1159,0),(11376,4,2,6322,8866,1159,1),(11377,4,4,7324,8509,1159,0),(11378,4,4,6361,6363,1159,1),(11379,4,5,945,6363,1159,0),(11380,5,1,8597,5907,1159,2),(11381,5,3,8683,13314,1159,2),(11382,5,4,8683,13314,1159,0),(11383,6,4,7324,8509,1159,0),(11384,1,2,1354,5895,1160,1),(11385,1,3,5889,5889,1160,2),(11386,2,2,5887,5887,1160,2),(11387,2,5,3885,9333,1160,2),(11388,3,2,4,4,1160,2),(11389,3,5,3862,9333,1160,2),(11390,4,5,2639,5895,1160,2),(11391,5,2,5889,5889,1160,0),(11392,5,4,5887,5887,1160,2),(11393,6,4,4304,4304,1160,1),(11394,6,4,4304,4304,1160,1),(11395,1,2,1354,5895,1161,1),(11396,2,2,5887,5887,1161,2),(11397,2,3,5889,5889,1161,2),(11398,2,5,3885,9333,1161,2),(11399,3,2,4,4,1161,2),(11400,3,3,13367,9333,1161,2),(11401,3,5,2639,5895,1161,2),(11402,4,4,5887,5887,1161,2),(11403,5,2,5889,5889,1161,0),(11404,5,4,4304,4304,1161,0),(11405,6,4,4304,4304,1161,1),(11406,1,2,1354,5895,1162,1),(11407,2,2,5887,5887,1162,2),(11408,2,5,3885,9333,1162,2),(11409,3,1,3862,9333,1162,2),(11410,3,2,4,4,1162,2),(11411,4,1,1354,5895,1162,2),(11412,5,2,5889,5889,1162,0),(11413,5,2,5887,5887,1162,1),(11414,5,4,4304,4304,1162,1),(11415,6,3,13137,5889,1162,2),(11416,6,4,5887,5887,1162,0),(11417,6,4,4304,4304,1162,1),(11418,1,1,6322,8866,1163,2),(11419,1,3,6220,10173,1163,0),(11420,2,1,8511,8874,1163,2),(11421,2,3,4,4,1163,2),(11422,3,1,8511,8874,1163,2),(11423,3,2,5243,8842,1163,2),(11424,3,3,5912,13399,1163,2),(11425,3,4,5922,5922,1163,2),(11426,4,1,8552,13401,1163,1),(11427,4,2,13402,13402,1163,2),(11428,4,3,5912,13399,1163,2),(11429,4,4,8552,8866,1163,0),(11430,5,2,13402,13402,1163,2),(11431,5,4,8139,5922,1163,0),(11432,5,4,8552,13401,1163,1),(11433,1,1,6322,8866,1164,2),(11434,1,3,6220,10173,1164,0),(11435,2,1,6322,13411,1164,2),(11436,2,3,4,4,1164,2),(11437,3,1,6322,13411,1164,2),(11438,3,4,5922,5922,1164,2),(11439,4,1,8552,13401,1164,1),(11440,4,2,5243,8842,1164,2),(11441,4,4,8139,5922,1164,0),(11442,4,4,8552,13401,1164,1),(11443,5,4,8552,8866,1164,0),(11444,1,3,4319,13209,1165,2),(11445,1,4,2614,6355,1165,2),(11446,1,5,3887,13428,1165,1),(11447,1,5,3887,13428,1165,1),(11448,2,1,12828,735,1165,2),(11449,2,3,4319,13209,1165,2),(11450,2,4,2614,6355,1165,2),(11451,2,5,7456,3350,1165,2),(11452,3,1,12828,735,1165,2),(11453,3,2,3887,13428,1165,1),(11454,3,2,3887,13428,1165,1),(11455,3,5,7456,3350,1165,2),(11456,4,1,7456,3350,1165,2),(11457,4,2,3887,13428,1165,1),(11458,4,2,3887,13428,1165,1),(11459,4,5,4,4,1165,2),(11460,5,1,7456,3350,1165,2),(11461,5,2,3887,13428,1165,2),(11462,1,5,13444,13444,1166,2),(11463,2,5,13444,13444,1166,2),(11464,3,1,6220,10173,1166,0),(11465,3,3,7078,6312,1166,2),(11466,4,1,2639,5907,1166,2),(11467,4,3,7078,6312,1166,2),(11468,5,1,5301,5907,1166,2),(11469,5,3,7078,6312,1166,2),(11470,6,1,5301,5907,1166,2),(11471,6,3,7078,6312,1166,2),(11472,1,3,6220,10173,1167,0),(11473,1,3,1961,9,1167,1),(11474,1,4,4395,13459,1167,1),(11475,1,4,4395,13459,1167,1),(11476,2,3,4,4,1167,2),(11477,2,4,4395,13459,1167,1),(11478,2,4,4395,13459,1167,1),(11479,3,1,1401,6363,1167,0),(11480,3,2,11134,1369,1167,0),(11481,3,3,6361,6363,1167,2),(11482,4,1,13367,8139,1167,0),(11483,4,2,8139,8139,1167,2),(11484,4,3,1969,6312,1167,2),(11485,5,1,7298,8171,1167,2),(11486,5,2,5301,5907,1167,1),(11487,5,2,5301,5907,1167,1),(11488,6,1,7078,8171,1167,2),(11489,6,2,7078,6312,1167,2),(11490,1,1,1460,13475,1168,0),(11491,1,3,6220,10173,1168,0),(11492,1,3,12646,9,1168,1),(11493,2,1,1460,13475,1168,2),(11494,2,3,12646,9,1168,2),(11495,3,1,6255,13481,1168,2),(11496,3,2,13367,8139,1168,0),(11497,3,5,4,4,1168,2),(11498,4,1,6255,13481,1168,2),(11499,4,2,8139,8139,1168,2),(11500,4,5,12646,9,1168,2),(11501,5,5,12646,9,1168,2),(11502,1,3,6220,10173,1169,0),(11503,1,3,12646,9,1169,1),(11504,2,3,12646,9,1169,2),(11505,3,2,13367,8139,1169,1),(11506,3,3,6255,13495,1169,1),(11507,3,3,6255,13495,1169,1),(11508,3,5,4,4,1169,2),(11509,4,2,8139,8139,1169,2),(11510,4,5,12646,9,1169,2),(11511,5,5,12646,9,1169,2),(11512,2,1,6220,10173,1170,1),(11513,2,2,1227,13504,1170,2),(11514,2,3,5301,5907,1170,2),(11515,3,1,4,4,1170,2),(11516,3,2,1227,13504,1170,2),(11517,3,3,5301,5907,1170,2),(11518,4,1,1227,4590,1170,2),(11519,4,2,13510,7216,1170,0),(11520,4,2,2608,5208,1170,1),(11521,4,3,12887,5215,1170,2),(11522,4,4,13510,7216,1170,1),(11523,5,1,1227,4590,1170,2),(11524,5,2,13510,7216,1170,0),(11525,5,2,2608,5208,1170,1),(11526,5,3,12887,5215,1170,2),(11527,5,4,13510,7216,1170,1),(11528,1,1,13519,8601,1171,2),(11529,1,3,6220,10173,1171,0),(11530,2,1,13519,8601,1171,0),(11531,2,1,6329,7290,1171,1),(11532,2,2,1354,13523,1171,2),(11533,2,3,4,4,1171,2),(11534,3,1,6329,7290,1171,2),(11535,3,2,1354,13523,1171,2),(11536,3,3,5209,2639,1171,2),(11537,3,4,3885,13528,1171,0),(11538,3,5,3517,7253,1171,0),(11539,4,2,2240,8599,1171,2),(11540,4,3,5209,2639,1171,2),(11541,4,4,8597,5907,1171,2),(11542,4,5,3885,13528,1171,0),(11543,5,2,8599,8599,1171,2),(11544,5,4,8597,5907,1171,2),(11545,1,1,13519,8601,1172,2),(11546,1,2,13519,13537,1172,2),(11547,1,3,6220,10173,1172,0),(11548,2,1,6329,7290,1172,0),(11549,2,1,13519,8601,1172,1),(11550,2,2,13519,13537,1172,2),(11551,2,3,4,4,1172,2),(11552,3,1,6329,7290,1172,2),(11553,3,2,8599,8599,1172,2),(11554,3,3,5209,2639,1172,2),(11555,3,4,3517,7253,1172,0),(11556,3,5,3885,13528,1172,0),(11557,4,2,2240,8599,1172,2),(11558,4,3,2649,7253,1172,1),(11559,4,4,8597,5907,1172,2),(11560,4,5,3885,13528,1172,0),(11561,5,4,5209,2639,1172,2),(11562,6,4,8597,5907,1172,2),(11563,2,1,6220,10173,1173,1),(11564,2,2,4,4,1173,2),(11565,2,5,4319,7290,1173,2),(11566,3,2,5887,13558,1173,2),(11567,3,3,6361,6363,1173,2),(11568,3,4,1354,1354,1173,1),(11569,3,5,4319,7290,1173,0),(11570,3,5,3517,7253,1173,1),(11571,4,2,5887,13558,1173,2),(11572,4,3,1969,6312,1173,2),(11573,4,4,5301,5907,1173,1),(11574,4,5,1354,1354,1173,0),(11575,5,1,8597,5907,1173,2),(11576,5,2,7078,6312,1173,2),(11577,5,4,945,6363,1173,1),(11578,1,2,2614,13571,1174,2),(11579,1,5,2614,13571,1174,0),(11580,2,1,6220,10173,1174,1),(11581,2,2,4,4,1174,2),(11582,2,3,7078,6312,1174,2),(11583,2,4,9,7253,1174,1),(11584,2,5,4319,7290,1174,2),(11585,3,1,6337,13578,1174,2),(11586,3,2,3517,7253,1174,1),(11587,3,3,6361,6363,1174,2),(11588,3,4,1354,1354,1174,1),(11589,3,5,4319,7290,1174,1),(11590,4,1,6337,13578,1174,2),(11591,4,3,1969,6312,1174,2),(11592,4,4,945,6363,1174,1),(11593,4,5,1354,1354,1174,1),(11594,5,1,8597,5907,1174,2),(11595,5,4,5301,5907,1174,1),(11596,1,5,4,9,1175,0),(11597,2,1,6220,10173,1175,1),(11598,2,5,4319,7290,1175,2),(11599,3,1,1354,1354,1175,0),(11600,3,2,5887,13558,1175,2),(11601,3,3,6361,6363,1175,2),(11602,3,4,1354,1354,1175,1),(11603,4,1,4,4,1175,2),(11604,4,2,7078,6312,1175,2),(11605,4,3,1969,6312,1175,2),(11606,4,4,2022,7290,1175,1),(11607,5,1,8597,5907,1175,2),(11608,5,2,5887,13558,1175,0),(11609,5,3,2639,5907,1175,1),(11610,6,2,5887,13558,1175,0),(11611,6,4,945,6363,1175,0),(11612,1,1,4,125,1176,2),(11613,1,2,4,125,1176,2),(11614,1,5,4,125,1176,2),(11615,1,6,4,125,1176,2),(11616,2,1,8139,13613,1176,2),(11617,2,2,8139,13613,1176,2),(11618,2,3,4,125,1176,2),(11619,2,4,4,125,1176,2),(11620,2,5,6322,13617,1176,2),(11621,2,6,6322,13617,1176,2),(11622,3,1,4,125,1176,2),(11623,3,2,4,125,1176,2),(11624,3,3,6322,8866,1176,2),(11625,3,4,6322,8866,1176,2),(11626,3,5,4,125,1176,2),(11627,3,6,4,125,1176,2),(11628,4,1,8511,13625,1176,2),(11629,4,2,8511,13625,1176,2),(11630,1,1,4,125,1177,2),(11631,1,2,4,125,1177,2),(11632,1,3,8139,13613,1177,2),(11633,1,4,8139,13613,1177,2),(11634,1,5,4,125,1177,2),(11635,1,6,4,125,1177,2),(11636,2,3,4,125,1177,2),(11637,2,4,4,125,1177,2),(11638,2,5,8511,13637,1177,2),(11639,2,6,8511,13637,1177,2),(11640,3,1,4,125,1177,2),(11641,3,2,4,125,1177,2),(11642,3,3,6322,8866,1177,2),(11643,3,4,6322,8866,1177,2),(11644,3,5,4,125,1177,2),(11645,3,6,4,125,1177,2),(11646,4,1,8511,13625,1177,2),(11647,4,2,8511,13625,1177,2),(11648,1,1,4,125,1178,2),(11649,1,2,4,125,1178,2),(11650,1,5,4,125,1178,2),(11651,1,6,4,125,1178,2),(11652,2,1,4395,13459,1178,2),(11653,2,2,4395,13459,1178,2),(11654,2,3,4,125,1178,2),(11655,2,4,4,125,1178,2),(11656,2,5,4395,13657,1178,2),(11657,2,6,4395,13657,1178,2),(11658,3,1,4,125,1178,2),(11659,3,2,4,125,1178,2),(11660,3,3,8157,13661,1178,2),(11661,3,4,8157,13661,1178,2),(11662,1,1,4,125,1179,2),(11663,1,2,4,125,1179,2),(11664,1,5,4,125,1179,2),(11665,1,6,4,125,1179,2),(11666,2,1,8833,13669,1179,2),(11667,2,2,8833,13669,1179,2),(11668,2,3,4,125,1179,2),(11669,2,4,4,125,1179,2),(11670,2,5,5912,5914,1179,2),(11671,2,6,5912,5914,1179,2),(11672,3,1,4,125,1179,2),(11673,3,2,4,125,1179,2),(11674,1,1,4,125,1180,2),(11675,1,2,4,125,1180,2),(11676,1,3,12843,13681,1180,2),(11677,1,4,12843,13681,1180,2),(11678,1,5,4,125,1180,2),(11679,1,6,4,125,1180,2),(11680,2,3,4,125,1180,2),(11681,2,4,4,125,1180,2),(11682,2,5,10306,13689,1180,2),(11683,2,6,10306,13689,1180,2),(11684,3,1,4,125,1180,2),(11685,3,2,4,125,1180,2),(11686,3,3,2665,13693,1180,2),(11687,3,4,2665,13693,1180,2),(11688,3,5,4,125,1180,2),(11689,3,6,4,125,1180,2),(11690,4,1,5912,5914,1180,2),(11691,4,2,5912,5914,1180,2),(11692,1,1,4,125,1181,2),(11693,1,2,4,125,1181,2),(11694,1,3,7207,7246,1181,2),(11695,1,4,7207,7246,1181,2),(11696,1,5,4,125,1181,2),(11697,1,6,4,125,1181,2),(11698,2,1,6220,13705,1181,2),(11699,2,2,6220,13705,1181,2),(11700,2,3,4,125,1181,2),(11701,2,4,4,125,1181,2),(11702,2,5,7931,13709,1181,2),(11703,2,6,7931,13709,1181,2),(11704,1,1,4,125,1182,2),(11705,1,2,4,125,1182,2),(11706,1,3,13519,13713,1182,2),(11707,1,4,13519,13713,1182,2),(11708,1,5,4,125,1182,2),(11709,1,6,4,125,1182,2),(11710,2,3,4,125,1182,2),(11711,2,4,4,125,1182,2),(11712,2,5,7324,7324,1182,2),(11713,2,6,7324,7324,1182,2),(11714,3,1,4,125,1182,2),(11715,3,2,4,125,1182,2),(11716,3,3,7310,9288,1182,2),(11717,3,4,7310,9288,1182,2),(11718,3,5,4,125,1182,2),(11719,3,6,4,125,1182,2),(11720,1,1,4,125,1183,2),(11721,1,2,4,125,1183,2),(11722,1,3,3874,13733,1183,2),(11723,1,4,3874,13733,1183,2),(11724,1,5,4,125,1183,2),(11725,1,6,4,125,1183,2),(11726,2,1,6361,13737,1183,2),(11727,2,2,6361,13737,1183,2),(11728,2,3,4,125,1183,2),(11729,2,4,4,125,1183,2),(11730,3,1,4,125,1183,2),(11731,3,2,4,125,1183,2),(11732,3,5,4,125,1183,2),(11733,3,6,4,125,1183,2),(11734,4,1,7310,9288,1183,2),(11735,4,2,7310,9288,1183,2),(11736,1,1,4,125,1184,2),(11737,1,2,4,125,1184,2),(11738,1,3,8683,13314,1184,2),(11739,1,4,8683,13314,1184,2),(11740,1,5,4,125,1184,2),(11741,1,6,4,125,1184,2),(11742,2,1,6337,13757,1184,2),(11743,2,2,6337,13757,1184,2),(11744,2,3,4,125,1184,2),(11745,2,4,4,125,1184,2),(11746,2,5,2614,6355,1184,2),(11747,2,6,2614,6355,1184,2),(11748,3,1,4,125,1184,2),(11749,3,2,4,125,1184,2),(11750,3,3,3864,13765,1184,2),(11751,3,4,3864,13765,1184,2),(11752,3,5,4,125,1184,2),(11753,3,6,4,125,1184,2),(11754,4,1,7456,3350,1184,2),(11755,4,2,7456,3350,1184,2),(11756,1,1,4,125,1185,2),(11757,1,2,4,125,1185,2),(11758,1,3,8683,13314,1185,2),(11759,1,4,8683,13314,1185,2),(11760,1,5,4,125,1185,2),(11761,1,6,4,125,1185,2),(11762,2,1,2614,6355,1185,2),(11763,2,2,2614,6355,1185,2),(11764,2,3,4,125,1185,2),(11765,2,4,4,125,1185,2),(11766,2,5,4319,13781,1185,2),(11767,2,6,4319,13781,1185,2),(11768,3,1,4,125,1185,2),(11769,3,2,4,125,1185,2),(11770,3,3,6361,6361,1185,2),(11771,3,4,6361,6361,1185,2),(11772,1,1,4,125,1186,2),(11773,1,2,4,125,1186,2),(11774,1,3,2614,6355,1186,2),(11775,1,4,2614,6355,1186,2),(11776,1,5,4,125,1186,2),(11777,1,6,4,125,1186,2),(11778,2,1,8683,13314,1186,2),(11779,2,2,8683,13314,1186,2),(11780,2,3,4,125,1186,2),(11781,2,4,4,125,1186,2),(11782,2,5,6361,6361,1186,2),(11783,2,6,6361,6361,1186,2),(11784,3,1,4,125,1186,2),(11785,3,2,4,125,1186,2),(11786,3,3,4319,13781,1186,2),(11787,3,4,4319,13781,1186,2),(11788,5,3,6844,407,1187,0),(11789,1,1,13804,417,1188,1),(11790,1,2,4582,145,1188,2),(11791,1,4,13806,9,1188,1),(11792,1,5,1391,1219,1188,0),(11793,2,1,13028,132,1188,0),(11794,2,1,13804,417,1188,1),(11795,2,2,4582,145,1188,1),(11796,2,2,4582,145,1188,1),(11797,2,3,4,4,1188,2),(11798,2,4,13806,9,1188,2),(11799,2,5,4,4,1188,2),(11800,3,1,13028,132,1188,2),(11801,3,3,186,186,1188,2),(11802,3,4,2813,142,1188,2),(11803,3,5,13028,132,1188,2),(11804,4,1,1391,1219,1188,0),(11805,4,3,186,186,1188,0),(11806,4,3,11134,381,1188,1),(11807,4,4,265,129,1188,1),(11808,4,4,265,129,1188,1),(11809,4,5,2813,142,1188,0),(11810,5,3,11134,381,1188,1),(11811,1,1,148,142,1189,0),(11812,1,1,2791,19,1189,1),(11813,1,3,1349,132,1189,2),(11814,1,5,10516,407,1189,2),(11815,2,1,142,142,1189,2),(11816,2,2,4656,145,1189,0),(11817,2,2,2727,2727,1189,1),(11818,2,3,13806,9,1189,2),(11819,2,5,376,129,1189,2),(11820,3,1,2791,19,1189,2),(11821,3,2,4656,145,1189,0),(11822,3,2,13837,2727,1189,1),(11823,3,3,1349,132,1189,2),(11824,3,5,2865,407,1189,2),(11825,4,1,4,4,1189,2),(11826,4,2,376,129,1189,0),(11827,4,2,4656,145,1189,1),(11828,4,3,4,4,1189,2),(11829,5,2,376,129,1189,2),(11830,1,1,148,142,1190,0),(11831,1,1,2791,19,1190,1),(11832,1,3,13806,9,1190,2),(11833,1,5,376,129,1190,2),(11834,2,1,2791,19,1190,2),(11835,2,2,4656,145,1190,0),(11836,2,2,2727,2727,1190,1),(11837,2,3,1349,132,1190,2),(11838,2,5,10516,407,1190,2),(11839,3,1,142,142,1190,2),(11840,3,2,13837,2727,1190,0),(11841,3,2,4656,145,1190,1),(11842,3,3,1349,132,1190,2),(11843,3,5,2865,407,1190,2),(11844,4,1,4,4,1190,2),(11845,4,2,4656,145,1190,0),(11846,4,2,376,129,1190,1),(11847,4,3,4,4,1190,2),(11848,5,2,376,129,1190,2),(11849,1,2,1349,132,1191,0),(11850,1,2,113,41,1191,1),(11851,1,3,4656,145,1191,1),(11852,1,4,822,4590,1191,1),(11853,2,1,4,4,1191,2),(11854,2,2,1349,132,1191,2),(11855,2,3,4656,145,1191,0),(11856,2,3,2865,407,1191,1),(11857,2,4,172,142,1191,2),(11858,3,1,13806,9,1191,2),(11859,3,2,113,41,1191,2),(11860,3,3,396,142,1191,0),(11861,3,3,822,4590,1191,1),(11862,3,4,2791,19,1191,2),(11863,4,1,1349,132,1191,0),(11864,4,1,3971,2867,1191,1),(11865,4,2,2791,19,1191,0),(11866,4,3,822,4590,1191,0),(11867,4,4,407,407,1191,0),(11868,5,1,3971,2867,1191,1),(11869,1,2,1349,132,1192,0),(11870,1,2,113,41,1192,1),(11871,1,3,4656,145,1192,0),(11872,1,3,2865,407,1192,1),(11873,1,4,396,142,1192,2),(11874,2,1,4,4,1192,2),(11875,2,2,113,41,1192,2),(11876,2,3,4656,145,1192,0),(11877,2,3,2865,407,1192,1),(11878,2,4,2791,19,1192,2),(11879,3,1,1349,132,1192,0),(11880,3,1,3971,2867,1192,1),(11881,3,2,1349,132,1192,2),(11882,3,3,396,142,1192,0),(11883,4,1,13806,9,1192,2),(11884,4,2,2791,19,1192,1),(11885,5,1,3971,2867,1192,1),(11886,1,3,6115,158,1193,2),(11887,1,4,252,145,1193,2),(11888,2,1,4,4,1193,2),(11889,2,2,186,186,1193,2),(11890,2,3,6115,158,1193,0),(11891,2,3,7,7,1193,1),(11892,2,4,230,129,1193,2),(11893,3,1,7,7,1193,2),(11894,3,2,251,129,1193,2),(11895,3,4,4,4,1193,2),(11896,3,5,138,9,1193,2),(11897,4,1,253,132,1193,0),(11898,4,4,173,177,1193,0),(11899,4,4,252,145,1193,1),(11900,4,5,253,132,1193,2),(11901,1,1,313,13916,1194,0),(11902,1,1,160,13916,1194,1),(11903,1,2,113,41,1194,0),(11904,1,2,9855,129,1194,1),(11905,1,3,377,132,1194,0),(11906,2,1,113,41,1194,2),(11907,2,2,4212,142,1194,0),(11908,2,2,9855,129,1194,1),(11909,2,3,377,132,1194,2),(11910,2,4,13925,13925,1194,0),(11911,2,5,8430,143,1194,0),(11912,2,5,7119,158,1194,1),(11913,3,1,4,4,1194,2),(11914,3,2,164,142,1194,2),(11915,3,3,13806,9,1194,2),(11916,3,4,13925,13925,1194,2),(11917,3,5,10430,158,1194,2),(11918,4,2,164,142,1194,1),(11919,4,3,2129,10386,1194,1),(11920,4,3,2129,10386,1194,1),(11921,4,4,4,4,1194,2),(11922,1,1,113,41,1195,2),(11923,1,2,113,41,1195,0),(11924,1,3,13939,145,1195,0),(11925,1,5,2043,2043,1195,0),(11926,2,1,4,4,1195,2),(11927,2,2,2055,132,1195,2),(11928,2,3,13939,145,1195,1),(11929,2,3,13939,145,1195,1),(11930,2,5,2043,2043,1195,2),(11931,3,1,9709,129,1195,1),(11932,3,1,9709,129,1195,1),(11933,3,2,2055,132,1195,2),(11934,3,3,4,4,1195,2),(11935,3,4,138,9,1195,2),(11936,3,5,10516,407,1195,0),(11937,3,5,11598,407,1195,1),(11938,4,2,2727,4125,1195,0),(11939,4,2,11712,4125,1195,1),(11940,4,4,138,9,1195,0),(11941,1,1,137,414,1196,2),(11942,1,2,113,41,1196,0),(11943,1,2,21,9,1196,1),(11944,2,1,137,414,1196,1),(11945,2,1,137,414,1196,1),(11946,2,2,6111,6111,1196,1),(11947,2,2,6111,6111,1196,1),(11948,2,3,8093,2466,1196,0),(11949,2,3,21,9,1196,1),(11950,2,4,11700,132,1196,1),(11951,3,1,4,4,1196,2),(11952,3,2,13971,2466,1196,2),(11953,3,3,8093,2466,1196,0),(11954,3,4,11700,132,1196,2),(11955,4,2,113,41,1196,2),(11956,4,4,4,4,1196,2),(11957,5,3,13806,9,1196,2),(11958,1,2,2801,132,1197,2),(11959,1,3,414,414,1197,1),(11960,1,4,414,414,1197,2),(11961,2,2,2801,132,1197,2),(11962,2,3,4614,824,1197,2),(11963,2,4,2816,2816,1197,2),(11964,3,1,4614,824,1197,1),(11965,3,1,4614,824,1197,1),(11966,3,2,4608,4608,1197,2),(11967,3,3,230,129,1197,0),(11968,3,4,2816,2816,1197,2),(11969,3,5,137,414,1197,0),(11970,3,5,376,129,1197,1),(11971,4,1,4,4,1197,2),(11972,4,2,13806,9,1197,0),(11973,4,2,4608,4608,1197,1),(11974,4,4,4,4,1197,2),(11975,4,5,376,129,1197,2),(11976,1,1,6676,6676,1198,0),(11977,1,5,6676,14001,1198,2),(11978,2,1,6676,14001,1198,2),(11979,2,2,2801,132,1198,2),(11980,2,3,602,14004,1198,0),(11981,2,3,143,143,1198,1),(11982,2,5,6676,6676,1198,2),(11983,2,6,11766,14007,1198,2),(11984,3,1,6676,14001,1198,2),(11985,3,2,2801,132,1198,2),(11986,3,3,602,14004,1198,0),(11987,3,5,4,4,1198,2),(11988,3,6,3459,14007,1198,0),(11989,3,6,11766,14007,1198,1),(11990,4,1,4,4,1198,2),(11991,4,2,2043,14016,1198,1),(11992,4,2,2043,14016,1198,1),(11993,4,5,143,143,1198,0),(11994,5,2,2043,14016,1198,1),(11995,1,1,14021,6676,1199,1),(11996,1,3,602,14004,1199,0),(11997,1,3,143,143,1199,1),(11998,1,6,3459,14007,1199,0),(11999,1,6,11766,14007,1199,1),(12000,2,2,2801,132,1199,2),(12001,2,3,602,14004,1199,0),(12002,2,5,6676,6676,1199,2),(12003,2,6,11766,14007,1199,2),(12004,3,3,12110,14034,1199,0),(12005,3,5,4,4,1199,2),(12006,4,1,4,4,1199,2),(12007,4,2,2801,132,1199,2),(12008,4,3,12122,14034,1199,1),(12009,4,3,12122,14034,1199,1),(12010,4,5,143,143,1199,0),(12011,1,3,2781,129,1200,1),(12012,1,3,2781,129,1200,1),(12013,1,4,2781,129,1200,0),(12014,1,5,2801,132,1200,1),(12015,1,5,2801,132,1200,1),(12016,2,1,14021,6725,1200,1),(12017,2,4,4600,2023,1200,0),(12018,2,4,6703,4608,1200,1),(12019,2,5,4656,145,1200,1),(12020,2,5,4656,145,1200,1),(12021,3,1,4,4,1200,2),(12022,3,4,6472,2023,1200,0),(12023,3,4,4608,4608,1200,1),(12024,3,5,4656,145,1200,0),(12025,3,5,2801,132,1200,1),(12026,4,3,3173,414,1200,2),(12027,4,4,4,4,1200,2),(12028,5,1,3173,414,1200,0),(12029,5,1,5714,6725,1200,1),(12030,1,1,9760,14066,1201,2),(12031,1,4,2781,129,1201,0),(12032,1,5,4656,145,1201,1),(12033,1,5,4656,145,1201,1),(12034,2,1,14021,6725,1201,1),(12035,2,1,14021,6725,1201,1),(12036,2,3,2781,129,1201,1),(12037,2,3,2781,129,1201,1),(12038,2,4,10088,4608,1201,0),(12039,2,4,4600,2023,1201,1),(12040,2,5,2801,132,1201,1),(12041,2,5,2801,132,1201,1),(12042,3,1,4,4,1201,2),(12043,3,3,9760,14066,1201,1),(12044,3,4,6472,2023,1201,0),(12045,3,4,4608,4608,1201,1),(12046,3,5,4656,145,1201,0),(12047,3,5,2801,132,1201,1),(12048,4,1,3173,414,1201,0),(12049,4,3,3173,414,1201,2),(12050,4,4,4,4,1201,2),(12051,1,3,5089,4072,1202,1),(12052,1,5,4,4,1202,2),(12053,2,1,675,568,1202,1),(12054,2,3,5089,4072,1202,1),(12055,2,5,667,576,1202,0),(12056,3,1,666,824,1202,1),(12057,3,2,4,4,1202,2),(12058,3,3,5089,4072,1202,1),(12059,3,4,666,824,1202,1),(12060,3,4,666,824,1202,1),(12061,4,2,688,414,1202,1),(12062,4,2,688,414,1202,1),(12063,5,2,675,568,1202,2),(12064,1,1,4,4,1203,2),(12065,1,5,5030,5030,1203,1),(12066,1,5,5030,5030,1203,1),(12067,2,2,14116,9,1203,2),(12068,3,1,5054,5054,1203,2),(12069,3,5,7892,7892,1203,0),(12070,3,5,14116,9,1203,1),(12071,4,1,5054,5054,1203,0),(12072,4,1,7514,956,1203,1),(12073,4,4,7475,945,1203,0),(12074,4,4,10615,132,1203,1),(12075,4,5,4,4,1203,2),(12076,5,4,7475,945,1203,0),(12077,5,4,10615,132,1203,1),(12078,1,1,4,4,1204,2),(12079,1,5,5030,5030,1204,0),(12080,2,1,5054,5054,1204,2),(12081,2,5,5030,5030,1204,1),(12082,3,2,13806,9,1204,2),(12083,3,5,7892,7892,1204,0),(12084,3,5,13806,9,1204,1),(12085,4,1,5054,5054,1204,0),(12086,4,1,7514,956,1204,1),(12087,4,4,7475,945,1204,0),(12088,4,4,10615,132,1204,1),(12089,4,5,4,4,1204,2),(12090,5,4,10615,132,1204,0),(12091,5,4,7475,945,1204,1),(12092,1,2,2055,132,1205,1),(12093,1,3,252,145,1205,1),(12094,2,1,138,2072,1205,0),(12095,2,1,7703,6115,1205,1),(12096,2,2,252,145,1205,1),(12097,2,3,7703,14155,1205,0),(12098,2,4,138,2072,1205,2),(12099,2,5,7732,14158,1205,0),(12100,2,5,143,143,1205,1),(12101,3,1,7703,6115,1205,2),(12102,3,2,13953,1247,1205,1),(12103,3,3,7703,14155,1205,0),(12104,3,4,13953,1247,1205,2),(12105,3,5,143,143,1205,0),(12106,3,5,7732,14158,1205,1),(12107,4,1,2055,132,1205,0),(12108,4,3,4,4,1205,2),(12109,4,4,10088,4608,1205,2),(12110,4,5,4,4,1205,2),(12111,5,4,10088,4608,1205,1),(12112,1,2,2055,132,1206,1),(12113,1,3,14173,14155,1206,0),(12114,2,1,7703,6115,1206,0),(12115,2,1,138,2072,1206,1),(12116,2,2,252,145,1206,1),(12117,2,3,252,145,1206,1),(12118,2,4,13953,1247,1206,2),(12119,2,5,7732,14158,1206,0),(12120,2,5,143,143,1206,1),(12121,3,1,138,2072,1206,2),(12122,3,2,13953,1247,1206,1),(12123,3,3,7703,14155,1206,0),(12124,3,4,10088,4608,1206,2),(12125,3,5,7732,14158,1206,0),(12126,3,5,143,143,1206,1),(12127,4,1,2055,132,1206,1),(12128,4,3,4,4,1206,2),(12129,4,4,5702,6115,1206,2),(12130,4,5,4,4,1206,2),(12131,5,4,10088,4608,1206,1),(12132,1,2,4,4,1207,2),(12133,1,5,7475,945,1207,0),(12134,1,5,973,5007,1207,1),(12135,2,1,2466,8079,1207,1),(12136,2,1,2466,8079,1207,1),(12137,2,2,8093,8093,1207,1),(12138,2,2,8093,8093,1207,1),(12139,2,4,7931,3366,1207,0),(12140,2,4,414,824,1207,1),(12141,2,5,7475,945,1207,0),(12142,2,5,973,5007,1207,1),(12143,3,1,6141,14205,1207,0),(12144,3,1,2466,8079,1207,1),(12145,3,2,414,824,1207,2),(12146,3,4,7931,3366,1207,0),(12147,3,4,4,8030,1207,1),(12148,3,5,7475,945,1207,0),(12149,3,5,1981,822,1207,1),(12150,4,3,6141,14205,1207,2),(12151,4,4,4,8030,1207,1),(12152,4,5,1981,822,1207,1),(12153,5,3,6261,143,1207,1),(12154,5,3,6261,143,1207,1),(12155,1,4,6676,6676,1208,1),(12156,1,5,2043,14016,1208,1),(12157,2,3,602,14004,1208,0),(12158,2,3,4608,4469,1208,1),(12159,2,4,6676,6676,1208,1),(12160,2,5,6703,4469,1208,1),(12161,2,5,6703,4469,1208,1),(12162,3,1,6676,14001,1208,2),(12163,3,2,602,14004,1208,0),(12164,3,3,4623,5007,1208,1),(12165,3,3,4623,5007,1208,1),(12166,3,4,6676,14001,1208,2),(12167,3,5,4,4,1208,2),(12168,4,1,602,14004,1208,0),(12169,4,1,6676,6676,1208,1),(12170,4,2,2043,14016,1208,0),(12171,4,3,4623,5007,1208,1),(12172,4,4,6676,14001,1208,2),(12173,5,2,2043,14016,1208,0),(12174,1,2,602,6666,1209,2),(12175,1,3,4,4,1209,2),(12176,1,5,6645,6645,1209,2),(12177,2,1,7892,14241,1209,2),(12178,2,2,577,14242,1209,2),(12179,2,5,6645,6645,1209,2),(12180,3,1,7892,14241,1209,2),(12181,3,2,577,14242,1209,2),(12182,3,3,6662,6676,1209,2),(12183,3,5,4,4,1209,2),(12184,4,1,6662,6676,1209,2),(12185,4,3,602,6666,1209,2),(12186,5,2,14011,6666,1209,2),(12187,1,3,4,4,1210,2),(12188,1,4,8250,14254,1210,2),(12189,1,5,14255,14255,1210,2),(12190,2,4,8250,14254,1210,2),(12191,2,5,14255,14255,1210,2),(12192,3,1,14021,6676,1210,2),(12193,3,3,6662,6676,1210,2),(12194,3,5,4,4,1210,2),(12195,4,1,12110,14262,1210,2),(12196,4,2,11116,14263,1210,2),(12197,5,1,12110,14262,1210,2),(12198,5,2,11116,14263,1210,2),(12199,1,2,4,4,1211,2),(12200,1,4,3747,4469,1211,1),(12201,2,2,602,6729,1211,0),(12202,2,2,4614,6651,1211,1),(12203,2,3,4623,5007,1211,0),(12204,2,4,6676,14155,1211,0),(12205,2,4,602,6729,1211,1),(12206,2,5,4623,5007,1211,0),(12207,2,5,8250,14155,1211,1),(12208,3,2,4614,6651,1211,1),(12209,3,2,4614,6651,1211,1),(12210,3,4,4,4,1211,2),(12211,3,5,4623,5007,1211,1),(12212,4,2,602,6729,1211,0),(12213,5,1,3747,4469,1211,1),(12214,5,1,3747,4469,1211,1),(12215,1,2,4,4,1212,2),(12216,1,4,3747,4469,1212,1),(12217,1,5,8250,14155,1212,1),(12218,2,3,4623,5007,1212,1),(12219,2,5,8250,14155,1212,1),(12220,3,3,6703,14308,1212,1),(12221,3,4,4,4,1212,2),(12222,3,5,4623,5007,1212,1),(12223,3,5,4623,5007,1212,1),(12224,4,1,3747,4469,1212,1),(12225,4,1,3747,4469,1212,1),(12226,4,3,6703,14308,1212,2),(12227,5,1,14255,14255,1212,1),(12228,5,1,14255,14255,1212,1),(12229,1,4,13971,14321,1213,1),(12230,2,3,13971,14321,1213,2),(12231,2,4,13971,14321,1213,1),(12232,2,5,13971,14321,1213,0),(12233,2,5,667,133,1213,1),(12234,3,1,667,133,1213,0),(12235,3,2,822,822,1213,0),(12236,3,2,1081,821,1213,1),(12237,3,4,4,8030,1213,0),(12238,3,5,822,822,1213,0),(12239,4,2,4,4,1213,2),(12240,4,4,4,8030,1213,0),(12241,5,4,1136,821,1213,0),(12242,1,2,7078,7078,1214,0),(12243,1,2,8893,1919,1214,1),(12244,1,5,6218,5007,1214,2),(12245,2,1,4,4,1214,2),(12246,2,2,14348,14348,1214,0),(12247,2,2,8893,1919,1214,1),(12248,2,5,7119,7119,1214,0),(12249,2,5,6218,5007,1214,1),(12250,3,1,14352,7119,1214,2),(12251,3,2,14348,14348,1214,2),(12252,4,1,14348,14348,1214,2),(12253,4,2,7078,7078,1214,2),(12254,4,4,13925,14356,1214,1),(12255,4,4,13925,14356,1214,1),(12256,5,1,5083,1247,1214,1),(12257,5,1,5083,1247,1214,1),(12258,5,4,5077,7100,1214,2),(12259,6,4,5077,7100,1214,1),(12260,1,2,7703,14364,1215,2),(12261,1,5,7703,14364,1215,0),(12262,2,1,4263,13916,1215,2),(12263,2,2,7732,14370,1215,2),(12264,2,3,14371,4590,1215,2),(12265,2,5,14371,4590,1215,0),(12266,2,5,7732,14370,1215,1),(12267,3,1,4263,13916,1215,0),(12268,3,1,1919,1919,1215,1),(12269,3,2,4,4,1215,2),(12270,3,5,10685,1919,1215,0),(12271,3,5,2082,14378,1215,1),(12272,4,5,2082,14378,1215,0),(12273,1,1,4263,13916,1216,2),(12274,1,2,7732,14370,1216,2),(12275,1,5,7703,14364,1216,0),(12276,2,2,7703,14364,1216,2),(12277,2,5,14371,4590,1216,0),(12278,2,5,7732,14370,1216,1),(12279,3,1,4263,13916,1216,0),(12280,3,1,1919,1919,1216,1),(12281,3,2,4,4,1216,2),(12282,3,3,14371,4590,1216,2),(12283,3,5,2082,14378,1216,0),(12284,3,5,10685,1919,1216,1),(12285,4,5,2082,14378,1216,0),(12286,1,1,4,125,1217,2),(12287,1,2,4,125,1217,2),(12288,1,3,2248,14400,1217,2),(12289,1,4,2248,14400,1217,2),(12290,1,5,4,125,1217,2),(12291,1,6,4,125,1217,2),(12292,2,1,4294,6549,1217,2),(12293,2,2,4294,6549,1217,2),(12294,2,3,4,125,1217,2),(12295,2,4,4,125,1217,2),(12296,2,5,2248,14408,1217,2),(12297,2,6,2248,14408,1217,2),(12298,3,1,4,125,1217,2),(12299,3,2,4,125,1217,2),(12300,3,3,6263,1919,1217,2),(12301,3,4,6263,1919,1217,2),(12302,3,5,4,125,1217,2),(12303,3,6,4,125,1217,2),(12304,4,1,14416,14242,1217,2),(12305,4,2,14416,14242,1217,2),(12306,1,1,5089,14418,1218,1),(12307,1,3,6220,10173,1218,1),(12308,1,4,5089,14418,1218,2),(12309,2,1,14422,14422,1218,1),(12310,2,4,4,4,1218,2),(12311,2,5,14348,14422,1218,0),(12312,2,5,14426,14426,1218,1),(12313,3,1,7078,7078,1218,2),(12314,3,2,14352,14426,1218,0),(12315,3,2,2957,14429,1218,1),(12316,3,3,14430,14430,1218,0),(12317,3,5,14352,7119,1218,0),(12318,3,5,14422,14422,1218,1),(12319,4,1,7078,7078,1218,2),(12320,4,2,2957,14429,1218,2),(12321,4,3,14430,14430,1218,2),(12322,4,5,7119,7119,1218,2),(12323,1,3,6220,10173,1219,1),(12324,1,4,5089,14418,1219,2),(12325,2,1,5089,14418,1219,1),(12326,2,4,4,4,1219,2),(12327,2,5,14348,14422,1219,0),(12328,2,5,14426,14426,1219,1),(12329,3,1,14422,14422,1219,1),(12330,3,2,2957,14429,1219,0),(12331,3,2,14352,14426,1219,1),(12332,3,3,14430,14430,1219,1),(12333,3,5,14422,14422,1219,0),(12334,3,5,14352,7119,1219,1),(12335,4,1,7078,7078,1219,2),(12336,4,2,2957,14429,1219,2),(12337,4,3,14430,14430,1219,2),(12338,4,5,7119,7119,1219,2),(12339,5,1,7078,7078,1219,2),(12340,1,3,6220,10173,1220,1),(12341,1,4,4,14459,1220,0),(12342,2,1,174,14460,1220,2),(12343,2,4,4294,14462,1220,2),(12344,3,1,6662,6727,1220,1),(12345,3,1,6662,6727,1220,1),(12346,3,4,4294,14462,1220,0),(12347,3,4,2248,14408,1220,1),(12348,4,1,6645,6645,1220,2),(12349,4,4,2248,14408,1220,2),(12350,4,5,6263,1919,1220,2),(12351,5,1,6645,6645,1220,0),(12352,5,5,6263,1919,1220,1),(12353,5,5,6263,1919,1220,1),(12354,1,3,6220,10173,1221,1),(12355,1,4,4,14459,1221,0),(12356,1,4,5083,1247,1221,1),(12357,2,3,822,822,1221,1),(12358,2,4,5083,1247,1221,2),(12359,3,1,13971,14484,1221,2),(12360,3,3,13971,14484,1221,1),(12361,4,1,1202,14489,1221,2),(12362,5,2,1202,14489,1221,0),(12363,1,2,9074,14494,1222,2),(12364,1,3,6220,10173,1222,1),(12365,2,2,9074,14494,1222,1),(12366,2,2,9074,14494,1222,1),(12367,2,3,4,4,1222,1),(12368,3,4,2082,14503,1222,2),(12369,4,4,2082,14503,1222,2),(12370,5,4,2082,14503,1222,0),(12371,1,3,6220,10173,1223,1),(12372,1,5,4,4,1223,2),(12373,2,3,822,822,1223,1),(12374,3,1,13971,14484,1223,2),(12375,3,2,5083,1247,1223,1),(12376,3,2,5083,1247,1223,1),(12377,3,3,13971,14484,1223,1),(12378,4,1,1202,14489,1223,2),(12379,5,2,1202,14489,1223,0),(12380,1,3,5089,14530,1224,0),(12381,1,3,6220,10173,1224,1),(12382,1,5,4,4,1224,2),(12383,2,3,5089,14530,1224,0),(12384,2,3,822,822,1224,1),(12385,2,5,7892,14537,1224,2),(12386,3,1,5089,14530,1224,2),(12387,3,2,5083,1247,1224,0),(12388,3,5,7892,14537,1224,1),(12389,4,1,1202,14489,1224,2),(12390,4,2,1202,14489,1224,0),(12391,5,2,5083,1247,1224,0),(12392,1,3,6220,10173,1225,1),(12393,1,4,6115,14549,1225,0),(12394,1,4,6115,14550,1225,1),(12395,1,5,4,4,1225,2),(12396,2,1,7078,14552,1225,1),(12397,2,1,7078,14552,1225,1),(12398,2,3,822,822,1225,1),(12399,2,4,6115,14549,1225,0),(12400,2,4,6115,14550,1225,1),(12401,2,5,6141,14557,1225,2),(12402,3,1,14558,14558,1225,1),(12403,3,1,14558,14558,1225,1),(12404,3,2,14560,14560,1225,2),(12405,3,3,6141,14561,1225,1),(12406,3,5,6141,14561,1225,2),(12407,4,1,6141,14560,1225,0),(12408,4,2,14564,14564,1225,1),(12409,4,2,14564,14564,1225,1),(12410,1,3,6220,10173,1226,1),(12411,2,3,13925,14570,1226,2),(12412,3,1,9074,14494,1226,2),(12413,3,3,13925,14570,1226,0),(12414,3,3,7703,14155,1226,1),(12415,3,5,5030,14580,1226,1),(12416,4,1,9074,14494,1226,2),(12417,4,3,7703,14155,1226,2),(12418,4,4,4,4,1226,2),(12419,4,5,5030,14580,1226,2),(12420,5,5,5030,14580,1226,1),(12421,1,1,5702,14587,1227,2),(12422,1,2,8311,14588,1227,1),(12423,1,3,6220,10173,1227,1),(12424,2,2,8311,14588,1227,2),(12425,2,3,7892,14593,1227,2),(12426,2,4,9066,14594,1227,0),(12427,3,1,7732,14596,1227,1),(12428,3,1,7732,14596,1227,1),(12429,3,2,14598,14587,1227,1),(12430,3,2,14598,14587,1227,1),(12431,3,3,14173,14155,1227,0),(12432,3,3,7892,14593,1227,1),(12433,3,4,9066,14594,1227,0),(12434,4,1,7732,14596,1227,1),(12435,4,3,7703,14155,1227,2),(12436,4,4,4,4,1227,2),(12437,1,1,4,125,1228,2),(12438,1,2,4,125,1228,2),(12439,1,3,14610,14610,1228,2),(12440,1,4,14610,14610,1228,2),(12441,1,5,4,125,1228,2),(12442,1,6,4,125,1228,2),(12443,2,1,14560,14614,1228,2),(12444,2,2,14560,14614,1228,2),(12445,1,1,4,125,1229,2),(12446,1,2,4,125,1229,2),(12447,1,3,14610,14610,1229,2),(12448,1,4,14610,14610,1229,2),(12449,1,5,4,125,1229,2),(12450,1,6,4,125,1229,2),(12451,2,1,14560,14614,1229,2),(12452,2,2,14560,14614,1229,2),(12453,1,1,4,125,1230,2),(12454,1,2,4,125,1230,2),(12455,1,3,4294,3838,1230,2),(12456,1,4,4294,3838,1230,2),(12457,1,5,4,125,1230,2),(12458,1,6,4,125,1230,2),(12459,2,1,12267,14630,1230,2),(12460,2,2,12267,14630,1230,2),(12461,2,3,4,125,1230,2),(12462,2,4,4,125,1230,2),(12463,2,5,577,14242,1230,2),(12464,2,6,577,14242,1230,2),(12465,3,1,4,125,1230,2),(12466,3,2,4,125,1230,2),(12467,3,3,6263,1919,1230,2),(12468,3,4,6263,1919,1230,2),(12469,1,1,4,125,1231,2),(12470,1,2,4,125,1231,2),(12471,1,5,4,125,1231,2),(12472,1,6,4,125,1231,2),(12473,2,3,4,125,1231,2),(12474,2,4,4,125,1231,2),(12475,2,5,4060,14650,1231,2),(12476,2,6,4060,14650,1231,2),(12477,3,1,4,125,1231,2),(12478,3,2,4,125,1231,2),(12479,3,3,5083,1247,1231,2),(12480,3,4,5083,1247,1231,2),(12481,1,1,4,125,1232,2),(12482,1,2,4,125,1232,2),(12483,1,5,4,125,1232,2),(12484,1,6,4,125,1232,2),(12485,2,1,5089,1611,1232,2),(12486,2,2,5089,1611,1232,2),(12487,2,3,4,125,1232,2),(12488,2,4,4,125,1232,2),(12489,2,5,4060,14650,1232,2),(12490,2,6,4060,14650,1232,2),(12491,3,1,4,125,1232,2),(12492,3,2,4,125,1232,2),(12493,3,3,5083,1247,1232,2),(12494,3,4,5083,1247,1232,2),(12495,1,1,4,125,1233,2),(12496,1,2,4,125,1233,2),(12497,1,3,6141,14557,1233,2),(12498,1,4,6141,14557,1233,2),(12499,1,5,4,125,1233,2),(12500,1,6,4,125,1233,2),(12501,2,1,6141,14561,1233,2),(12502,2,2,6141,14561,1233,2),(12503,2,3,4,125,1233,2),(12504,2,4,4,125,1233,2),(12505,2,5,2466,14682,1233,2),(12506,2,6,2466,14682,1233,2),(12507,3,1,4,125,1233,2),(12508,3,2,4,125,1233,2),(12509,3,5,4,125,1233,2),(12510,3,6,4,125,1233,2),(12511,4,1,6141,14690,1233,2),(12512,4,2,6141,14690,1233,2),(12513,1,1,4,125,1234,2),(12514,1,2,4,125,1234,2),(12515,1,5,4,125,1234,2),(12516,1,6,4,125,1234,2),(12517,2,3,4,125,1234,2),(12518,2,4,4,125,1234,2),(12519,2,5,7732,14702,1234,2),(12520,2,6,7732,14702,1234,2),(12521,3,1,4,125,1234,2),(12522,3,2,4,125,1234,2),(12523,3,3,9074,14706,1234,2),(12524,3,4,9074,14706,1234,2),(12525,1,1,4,125,1235,2),(12526,1,2,4,125,1235,2),(12527,1,3,7732,14596,1235,2),(12528,1,4,7732,14596,1235,2),(12529,1,5,4,125,1235,2),(12530,1,6,4,125,1235,2),(12531,2,3,4,125,1235,2),(12532,2,4,4,125,1235,2),(12533,3,1,4,125,1235,2),(12534,3,2,4,125,1235,2),(12535,6,1,9554,132,1236,2),(12536,1,2,4,4,1237,2),(12537,1,3,10430,186,1237,2),(12538,1,5,4,4,1237,2),(12539,2,2,3603,145,1237,0),(12540,2,2,9709,129,1237,1),(12541,2,3,3603,145,1237,1),(12542,2,3,3603,145,1237,1),(12543,2,5,1391,1219,1237,0),(12544,3,1,10897,143,1237,0),(12545,3,2,9554,3591,1237,2),(12546,3,3,1391,1219,1237,1),(12547,3,5,10897,143,1237,0),(12548,3,5,3447,407,1237,1),(12549,4,1,9709,129,1237,2),(12550,4,4,3593,9,1237,2),(12551,5,1,9554,3591,1237,2),(12552,5,4,10516,407,1237,2),(12553,6,4,10897,143,1237,1),(12554,1,2,4,4,1238,2),(12555,1,5,4,4,1238,2),(12556,2,1,10897,143,1238,0),(12557,2,2,3603,145,1238,0),(12558,2,2,9709,129,1238,1),(12559,2,3,10430,186,1238,2),(12560,2,5,1391,1219,1238,0),(12561,3,1,230,129,1238,2),(12562,3,2,9554,3591,1238,2),(12563,3,3,3603,145,1238,1),(12564,3,3,3603,145,1238,1),(12565,3,4,3593,9,1238,2),(12566,3,5,10897,143,1238,0),(12567,3,5,3447,407,1238,1),(12568,4,1,9554,3591,1238,2),(12569,4,3,1391,1219,1238,1),(12570,4,4,14764,407,1238,2),(12571,5,4,10897,143,1238,1),(12572,1,2,4,4,1239,2),(12573,1,5,4,4,1239,2),(12574,2,1,230,129,1239,2),(12575,2,2,3603,145,1239,0),(12576,2,2,9709,129,1239,1),(12577,2,4,3593,9,1239,2),(12578,2,5,1391,1219,1239,0),(12579,3,1,2055,3591,1239,2),(12580,3,2,9554,3591,1239,2),(12581,3,3,10430,186,1239,2),(12582,3,4,3447,407,1239,2),(12583,3,5,10897,143,1239,0),(12584,3,5,3447,407,1239,1),(12585,4,3,3603,145,1239,1),(12586,4,3,3603,145,1239,1),(12587,4,4,10897,143,1239,1),(12588,5,1,10897,143,1239,0),(12589,5,3,1391,1219,1239,1),(12590,1,1,230,129,1240,2),(12591,1,2,4,4,1240,2),(12592,1,4,2316,9,1240,2),(12593,1,5,4,4,1240,2),(12594,2,1,2055,3591,1240,2),(12595,2,2,3603,145,1240,0),(12596,2,2,9709,129,1240,1),(12597,2,4,3447,407,1240,2),(12598,2,5,1391,1219,1240,0),(12599,3,2,9554,3591,1240,2),(12600,3,4,10897,143,1240,1),(12601,3,5,10897,143,1240,0),(12602,3,5,3447,407,1240,1),(12603,4,1,10897,143,1240,0),(12604,4,3,10430,186,1240,2),(12605,5,3,3603,145,1240,1),(12606,5,3,3603,145,1240,1),(12607,6,3,1391,1219,1240,1),(12608,1,2,382,145,1241,2),(12609,1,4,2055,132,1241,2),(12610,1,5,4,4,1241,2),(12611,2,4,2055,132,1241,2),(12612,2,5,1391,1219,1241,0),(12613,3,1,10516,407,1241,2),(12614,3,2,4,4,1241,2),(12615,3,3,382,145,1241,2),(12616,3,4,2316,9,1241,2),(12617,3,5,376,129,1241,0),(12618,3,5,3751,11454,1241,1),(12619,4,1,3751,11454,1241,0),(12620,4,1,2316,9,1241,1),(12621,4,2,3741,407,1241,2),(12622,4,3,382,145,1241,2),(12623,5,1,376,129,1241,2),(12624,5,3,1391,1219,1241,0),(12625,1,4,2055,132,1242,2),(12626,1,5,4,4,1242,2),(12627,2,2,382,145,1242,2),(12628,2,4,2316,9,1242,2),(12629,2,5,1391,1219,1242,0),(12630,3,2,4,4,1242,2),(12631,3,4,2055,132,1242,2),(12632,3,5,376,129,1242,0),(12633,3,5,3751,11454,1242,1),(12634,4,1,2316,9,1242,0),(12635,4,1,3751,11454,1242,1),(12636,4,2,3741,407,1242,2),(12637,4,3,382,145,1242,2),(12638,5,1,10516,407,1242,2),(12639,5,3,382,145,1242,2),(12640,6,1,376,129,1242,2),(12641,6,3,1391,1219,1242,0),(12642,1,4,2055,132,1243,2),(12643,1,5,4,4,1243,2),(12644,2,1,1391,1219,1243,0),(12645,2,2,4,4,1243,2),(12646,2,4,3603,145,1243,2),(12647,2,5,1391,1219,1243,0),(12648,3,1,376,129,1243,2),(12649,3,3,14857,407,1243,2),(12650,3,4,3603,145,1243,2),(12651,3,5,376,129,1243,0),(12652,3,5,3751,11454,1243,1),(12653,4,1,367,132,1243,2),(12654,4,2,3741,407,1243,2),(12655,4,3,382,145,1243,2),(12656,4,5,3751,11454,1243,1),(12657,5,1,4,9,1243,1),(12658,5,3,4,9,1243,2),(12659,1,4,113,41,1244,2),(12660,1,5,3642,3642,1244,2),(12661,1,6,3591,3591,1244,0),(12662,1,6,851,851,1244,1),(12663,2,3,113,41,1244,0),(12664,2,5,4,4,1244,2),(12665,2,6,3591,3591,1244,0),(12666,2,6,3642,3642,1244,1),(12667,3,3,11222,2302,1244,2),(12668,3,4,5488,2302,1244,1),(12669,3,5,5468,7688,1244,1),(12670,3,6,851,851,1244,0),(12671,3,6,11222,2302,1244,1),(12672,4,2,5615,3642,1244,0),(12673,4,2,14884,851,1244,1),(12674,4,3,4,4,1244,2),(12675,5,2,3630,7688,1244,2),(12676,1,5,3642,3642,1245,2),(12677,1,6,3591,3591,1245,0),(12678,1,6,851,851,1245,1),(12679,2,3,113,41,1245,0),(12680,2,4,113,41,1245,2),(12681,2,5,4,4,1245,2),(12682,2,6,851,851,1245,0),(12683,2,6,11222,2302,1245,1),(12684,3,2,5615,3642,1245,0),(12685,3,2,14884,851,1245,1),(12686,3,3,11222,2302,1245,2),(12687,3,5,5468,7688,1245,1),(12688,3,6,3591,3591,1245,0),(12689,3,6,3642,3642,1245,1),(12690,4,2,3630,7688,1245,2),(12691,4,3,4,4,1245,2),(12692,4,4,5488,2302,1245,1),(12693,1,5,3642,3642,1246,2),(12694,1,6,3591,3591,1246,0),(12695,1,6,851,851,1246,1),(12696,2,2,5615,3642,1246,0),(12697,2,2,14884,851,1246,1),(12698,2,3,113,41,1246,0),(12699,2,5,4,4,1246,2),(12700,2,6,3642,3642,1246,0),(12701,2,6,3591,3591,1246,1),(12702,3,2,3630,7688,1246,2),(12703,3,3,11222,2302,1246,2),(12704,3,4,113,41,1246,2),(12705,3,5,5468,7688,1246,1),(12706,3,6,11222,2302,1246,0),(12707,3,6,851,851,1246,1),(12708,4,3,4,4,1246,2),(12709,5,4,5488,2302,1246,1),(12710,1,2,5615,3642,1247,0),(12711,1,2,14884,851,1247,1),(12712,1,5,3642,3642,1247,2),(12713,1,6,3591,3591,1247,0),(12714,1,6,851,851,1247,1),(12715,2,2,3630,7688,1247,2),(12716,2,3,113,41,1247,0),(12717,2,5,4,4,1247,2),(12718,2,6,11222,2302,1247,0),(12719,2,6,851,851,1247,1),(12720,3,3,11222,2302,1247,2),(12721,3,5,5468,7688,1247,1),(12722,3,6,3642,3642,1247,0),(12723,3,6,3591,3591,1247,1),(12724,4,3,4,4,1247,2),(12725,4,4,113,41,1247,2),(12726,6,4,5488,2302,1247,1),(12727,1,5,3642,3642,1248,2),(12728,1,6,3591,3591,1248,0),(12729,1,6,851,851,1248,1),(12730,2,3,113,41,1248,0),(12731,2,5,4,4,1248,2),(12732,2,6,4,4,1248,2),(12733,3,3,11222,2302,1248,2),(12734,3,5,851,851,1248,1),(12735,3,6,113,41,1248,2),(12736,4,1,2957,14956,1248,1),(12737,4,3,11222,2302,1248,0),(12738,4,3,5488,2302,1248,1),(12739,4,4,9901,3212,1248,0),(12740,4,4,9782,14956,1248,1),(12741,4,5,14884,851,1248,1),(12742,5,1,2957,14956,1248,1),(12743,5,4,9901,3212,1248,2),(12744,6,1,3591,3591,1248,1),(12745,6,4,3642,3642,1248,0),(12746,6,4,5615,3642,1248,1),(12747,1,1,4,4,1249,2),(12748,1,3,4,4,1249,2),(12749,1,4,2043,14969,1249,0),(12750,1,4,3753,3753,1249,1),(12751,1,5,3747,3747,1249,2),(12752,1,6,113,41,1249,2),(12753,2,1,3625,755,1249,2),(12754,2,3,113,41,1249,0),(12755,2,3,7651,1919,1249,1),(12756,2,4,2043,14969,1249,0),(12757,2,4,14977,14969,1249,1),(12758,2,5,3747,3747,1249,1),(12759,2,5,3747,3747,1249,1),(12760,2,6,7651,1919,1249,0),(12761,2,6,10685,1919,1249,1),(12762,3,1,3625,755,1249,0),(12763,3,4,3753,3753,1249,1),(12764,3,4,3753,3753,1249,1),(12765,3,5,9515,132,1249,2),(12766,4,1,3753,755,1249,0),(12767,4,5,9515,132,1249,2),(12768,1,1,4,4,1250,2),(12769,1,3,4,4,1250,2),(12770,1,4,2043,14969,1250,0),(12771,1,4,3753,3753,1250,1),(12772,1,5,3747,3747,1250,2),(12773,1,6,7651,1919,1250,0),(12774,1,6,10685,1919,1250,1),(12775,2,1,3625,755,1250,2),(12776,2,3,113,41,1250,0),(12777,2,3,7651,1919,1250,1),(12778,2,4,3753,3753,1250,1),(12779,2,4,3753,3753,1250,1),(12780,2,5,9515,132,1250,2),(12781,2,6,113,41,1250,2),(12782,3,1,3625,755,1250,1),(12783,3,4,2043,14969,1250,0),(12784,3,4,14977,14969,1250,1),(12785,3,5,3747,3747,1250,1),(12786,3,5,3747,3747,1250,1),(12787,4,1,3753,755,1250,1),(12788,4,5,9515,132,1250,2),(12789,1,2,3630,15009,1251,2),(12790,1,3,5468,5468,1251,2),(12791,2,5,10045,5537,1251,0),(12792,2,5,7475,945,1251,1),(12793,3,1,10045,5537,1251,2),(12794,3,2,4,4,1251,2),(12795,3,3,3630,15009,1251,2),(12796,3,4,7475,945,1251,2),(12797,4,4,5468,5468,1251,0),(12798,4,4,3636,5537,1251,1),(12799,1,2,3630,15009,1252,2),(12800,1,5,10045,5537,1252,0),(12801,1,5,7475,945,1252,1),(12802,2,3,5468,5468,1252,2),(12803,3,2,4,4,1252,2),(12804,3,4,7475,945,1252,2),(12805,3,5,3630,15009,1252,2),(12806,4,1,10045,5537,1252,2),(12807,4,4,5468,5468,1252,0),(12808,4,4,3636,5537,1252,1),(12809,1,1,4,125,1253,2),(12810,1,2,4,125,1253,2),(12811,1,3,3636,5537,1253,2),(12812,1,4,3636,5537,1253,2),(12813,1,5,4,125,1253,2),(12814,1,6,4,125,1253,2),(12815,2,1,3642,3642,1253,2),(12816,2,2,3642,3642,1253,2),(12817,2,3,4,125,1253,2),(12818,2,4,4,125,1253,2),(12819,2,5,7514,3632,1253,2),(12820,2,6,7514,3632,1253,2),(12821,3,1,4,125,1253,2),(12822,3,2,4,125,1253,2),(12823,3,3,9751,11806,1253,2),(12824,3,4,9751,11806,1253,2),(12825,1,1,9419,15057,1254,1),(12826,2,1,9419,15057,1254,1),(12827,2,3,15063,15063,1254,0),(12828,2,4,2957,15064,1254,1),(12829,2,4,2957,15064,1254,1),(12830,2,5,3632,15066,1254,2),(12831,3,1,9782,15057,1254,1),(12832,3,2,4,4,1254,2),(12833,3,3,15063,15063,1254,0),(12834,3,4,7475,945,1254,2),(12835,3,5,3632,15066,1254,2),(12836,4,3,1215,15064,1254,2),(12837,4,4,7475,945,1254,1),(12838,4,5,9419,15066,1254,1),(12839,5,3,9419,15064,1254,1),(12840,2,5,5539,15078,1255,2),(12841,3,2,4,4,1255,2),(12842,3,3,5468,5468,1255,2),(12843,3,4,7475,945,1255,2),(12844,3,5,10045,5537,1255,0),(12845,3,5,5539,15078,1255,1),(12846,4,2,5539,15078,1255,0),(12847,4,2,7475,945,1255,1),(12848,4,4,5468,5468,1255,0),(12849,4,4,3636,5537,1255,1),(12850,5,1,10045,5537,1255,2),(12851,2,2,5840,15093,1256,0),(12852,2,2,5237,822,1256,1),(12853,2,3,1215,15095,1256,0),(12854,2,3,5840,15093,1256,1),(12855,3,1,7688,7688,1256,1),(12856,3,2,4,4,1256,2),(12857,3,3,5840,15093,1256,0),(12858,3,3,7475,945,1256,1),(12859,3,4,7475,945,1256,2),(12860,4,1,7688,7688,1256,2),(12861,4,3,5237,822,1256,2),(12862,4,4,7660,15105,1256,2),(12863,5,1,1216,15095,1256,2),(12864,5,4,7660,15105,1256,0),(12865,6,1,1216,15095,1256,0),(12866,1,3,3753,15093,1257,1),(12867,2,2,5840,15093,1257,0),(12868,2,2,5237,822,1257,1),(12869,2,3,5840,15093,1257,0),(12870,2,3,7475,945,1257,1),(12871,3,1,7688,7688,1257,0),(12872,3,2,4,4,1257,2),(12873,3,3,5237,822,1257,2),(12874,3,4,7475,945,1257,2),(12875,4,1,7688,7688,1257,2),(12876,4,2,1216,15095,1257,1),(12877,5,1,1216,15095,1257,2),(12878,6,1,1216,15095,1257,1),(12879,1,2,3471,8735,1258,0),(12880,1,4,4,4,1258,2),(12881,2,2,7668,1919,1258,0),(12882,2,4,2212,8735,1258,2),(12883,2,6,7536,7536,1258,0),(12884,2,6,3630,8735,1258,1),(12885,3,4,3471,14956,1258,2),(12886,3,6,7536,7536,1258,1),(12887,3,6,7536,7536,1258,1),(12888,4,2,15144,1369,1258,0),(12889,4,3,2212,8735,1258,1),(12890,4,6,562,7536,1258,2),(12891,5,3,7668,1919,1258,2),(12892,5,5,7514,14956,1258,1),(12893,6,5,15151,1919,1258,2),(12894,1,2,7668,1919,1259,0),(12895,1,4,4,4,1259,2),(12896,1,6,3630,8735,1259,1),(12897,2,4,2212,8735,1259,2),(12898,2,6,7536,7536,1259,1),(12899,2,6,7536,7536,1259,1),(12900,3,2,3471,8735,1259,0),(12901,3,4,3471,14956,1259,2),(12902,3,6,7536,7536,1259,0),(12903,4,2,15144,1369,1259,0),(12904,4,3,2212,8735,1259,1),(12905,4,5,7514,14956,1259,0),(12906,5,3,7668,1919,1259,2),(12907,5,5,5200,1919,1259,2),(12908,6,3,562,7536,1259,2),(12909,1,4,4,4,1260,2),(12910,1,6,7536,7536,1260,1),(12911,2,2,3471,8735,1260,0),(12912,2,4,2212,8735,1260,2),(12913,2,6,7536,7536,1260,0),(12914,3,2,7668,1919,1260,0),(12915,3,4,3471,14956,1260,2),(12916,3,6,7536,7536,1260,0),(12917,3,6,3630,8735,1260,1),(12918,4,2,15144,1369,1260,0),(12919,4,3,2212,8735,1260,1),(12920,4,5,5200,1919,1260,2),(12921,5,3,7668,1919,1260,2),(12922,5,5,7514,14956,1260,0),(12923,6,5,562,7536,1260,2),(12924,1,4,4,4,1261,2),(12925,1,5,5468,15195,1261,1),(12926,2,4,15063,15063,1261,2),(12927,2,5,5468,15195,1261,1),(12928,3,2,1215,15198,1261,2),(12929,3,3,15063,15199,1261,1),(12930,3,4,15063,15063,1261,1),(12931,3,4,15063,15063,1261,1),(12932,3,5,9419,8739,1261,2),(12933,4,2,15144,1369,1261,0),(12934,4,2,5955,1919,1261,1),(12935,4,3,15063,15199,1261,2),(12936,4,5,9419,8739,1261,0),(12937,5,2,5955,1919,1261,2),(12938,5,3,1215,15198,1261,0),(12939,6,3,1215,15198,1261,0),(12940,2,1,2043,15211,1262,2),(12941,2,3,3789,15211,1262,2),(12942,3,1,2043,15211,1262,0),(12943,3,1,3789,7824,1262,1),(12944,3,3,3745,15217,1262,2),(12945,3,4,4,4,1262,2),(12946,4,1,3789,7824,1262,1),(12947,4,2,15144,1369,1262,0),(12948,4,3,3745,15217,1262,0),(12949,2,1,3789,7824,1263,1),(12950,3,1,2043,15211,1263,0),(12951,3,1,3789,7824,1263,1),(12952,3,3,3789,15211,1263,2),(12953,3,4,4,4,1263,2),(12954,4,1,2043,15211,1263,2),(12955,4,2,15144,1369,1263,0),(12956,1,1,4,125,1264,2),(12957,1,2,4,125,1264,2),(12958,1,5,4,125,1264,2),(12959,1,6,4,125,1264,2),(12960,2,3,4,125,1264,2),(12961,2,4,4,125,1264,2),(12962,2,5,15250,9415,1264,2),(12963,2,6,15250,9415,1264,2),(12964,3,1,4,125,1264,2),(12965,3,2,4,125,1264,2),(12966,3,3,563,15254,1264,2),(12967,3,4,563,15254,1264,2),(12968,3,5,4,125,1264,2),(12969,3,6,4,125,1264,2),(12970,4,1,7479,15258,1264,2),(12971,4,2,7479,15258,1264,2),(12972,1,1,4,125,1265,2),(12973,1,2,4,125,1265,2),(12974,1,5,4,125,1265,2),(12975,1,6,4,125,1265,2),(12976,2,1,563,15254,1265,2),(12977,2,2,563,15254,1265,2),(12978,2,3,4,125,1265,2),(12979,2,4,4,125,1265,2),(12980,3,1,4,125,1265,2),(12981,3,2,4,125,1265,2),(12982,3,3,15250,9415,1265,2),(12983,3,4,15250,9415,1265,2),(12984,3,5,4,125,1265,2),(12985,3,6,4,125,1265,2),(12986,4,1,7479,15258,1265,2),(12987,4,2,7479,15258,1265,2),(12988,1,1,4,125,1266,2),(12989,1,2,4,125,1266,2),(12990,1,3,563,15254,1266,2),(12991,1,4,563,15254,1266,2),(12992,1,5,4,125,1266,2),(12993,1,6,4,125,1266,2),(12994,2,3,4,125,1266,2),(12995,2,4,4,125,1266,2),(12996,2,5,7479,15258,1266,2),(12997,2,6,7479,15258,1266,2),(12998,3,1,4,125,1266,2),(12999,3,2,4,125,1266,2),(13000,3,5,4,125,1266,2),(13001,3,6,4,125,1266,2),(13002,4,1,15250,9415,1266,2),(13003,4,2,15250,9415,1266,2),(13004,1,1,4,125,1267,2),(13005,1,2,4,125,1267,2),(13006,1,3,5955,1919,1267,2),(13007,1,4,5955,1919,1267,2),(13008,1,5,4,125,1267,2),(13009,1,6,4,125,1267,2),(13010,2,1,15063,15306,1267,2),(13011,2,2,15063,15306,1267,2),(13012,2,3,4,125,1267,2),(13013,2,4,4,125,1267,2),(13014,3,1,4,125,1267,2),(13015,3,2,4,125,1267,2),(13016,1,1,4,125,1268,2),(13017,1,2,4,125,1268,2),(13018,1,3,5054,9501,1268,2),(13019,1,4,5054,9501,1268,2),(13020,1,5,4,125,1268,2),(13021,1,6,4,125,1268,2),(13022,2,3,4,125,1268,2),(13023,2,4,4,125,1268,2),(13024,2,5,7688,7688,1268,2),(13025,2,6,7688,7688,1268,2),(13026,3,1,4,125,1268,2),(13027,3,2,4,125,1268,2),(13028,3,3,7651,1919,1268,2),(13029,3,4,7651,1919,1268,2),(13030,3,5,4,125,1268,2),(13031,3,6,4,125,1268,2),(13032,1,1,4,125,1269,2),(13033,1,2,4,125,1269,2),(13034,1,5,4,125,1269,2),(13035,1,6,4,125,1269,2),(13036,2,1,7688,15342,1269,2),(13037,2,2,7688,15342,1269,2),(13038,2,3,4,125,1269,2),(13039,2,4,4,125,1269,2),(13040,2,5,7651,1919,1269,2),(13041,2,6,7651,1919,1269,2),(13042,3,1,4,125,1269,2),(13043,3,2,4,125,1269,2),(13044,3,3,7688,7688,1269,2),(13045,3,4,7688,7688,1269,2),(13046,3,5,4,125,1269,2),(13047,3,6,4,125,1269,2),(13048,1,1,4,125,1270,2),(13049,1,2,4,125,1270,2),(13050,1,5,4,125,1270,2),(13051,1,6,4,125,1270,2),(13052,2,3,4,125,1270,2),(13053,2,4,4,125,1270,2),(13054,2,5,7651,1919,1270,2),(13055,2,6,7651,1919,1270,2),(13056,3,1,4,125,1270,2),(13057,3,2,4,125,1270,2),(13058,3,3,7688,7688,1270,2),(13059,3,4,7688,7688,1270,2),(13060,3,5,4,125,1270,2),(13061,3,6,4,125,1270,2);
/*!40000 ALTER TABLE `Schedule` ENABLE KEYS */;
UNLOCK TABLES;

--
-- Table structure for table `Subject`
--

DROP TABLE IF EXISTS `Subject`;
/*!40101 SET @saved_cs_client     = @@character_set_client */;
/*!40101 SET character_set_client = utf8 */;
CREATE TABLE `Subject` (
  `idSubject` int(11) NOT NULL AUTO_INCREMENT,
  `name` varchar(20) COLLATE utf8_estonian_ci DEFAULT NULL,
  `full_name` varchar(60) COLLATE utf8_estonian_ci DEFAULT NULL,
  PRIMARY KEY (`idSubject`),
  UNIQUE KEY `name` (`name`)
) ENGINE=InnoDB AUTO_INCREMENT=15363 DEFAULT CHARSET=utf8 COLLATE=utf8_estonian_ci;
/*!40101 SET character_set_client = @saved_cs_client */;

--
-- Dumping data for table `Subject`
--

LOCK TABLES `Subject` WRITE;
/*!40000 ALTER TABLE `Subject` DISABLE KEYS */;
INSERT INTO `Subject` VALUES (4,'Физ.культ.','Физическая культура'),(5,'Арх.- диз. проект.','Архитектурно-дизайнерское проектирование'),(7,'История','История'),(9,'Ин. яз.','Иностранный язык'),(10,'Осн. арх.-диз. проек','Основы архитектурно-дизайнерского проектирования'),(12,'Предм. нап. арх. сре','Предметное наполнение архиитектурной среды'),(13,'Ист. простр. и пласт','История пространственных и пластических искусств'),(18,'Рисунок','Рисунок'),(19,'НГ','Начертательная геометрия'),(20,'Перспектива интерьер','Перспектива интерьера'),(40,'Архит. проект-е','Архитектурное проектирование'),(41,'Философия','Философия'),(44,'История простр. иску','История пространственных искусств'),(46,'Композиц. моделир.','Композиционное моделирование'),(47,'Проф. ср.подачи прое','Профессиональные средства подачи проекта'),(53,'Арх.рисунок','Архитектурный рисунок'),(125,'Консультация','Консультация'),(127,'Ж/б и кам. констр.','Железобетонные и каменные конструкции'),(129,'Теор. мех','Теоретическая механика'),(132,'Математика','Математика'),(133,'Основ. и фунд.','Основания и фундаменты'),(134,'Мет. констр.','Металлические конструкции'),(136,'Авт.курс','Авторский курс'),(137,'Ошибка наложения пар','Сопротивление материалов'),(139,'Студсовет','Студсовет'),(142,'Информатика','Информатика'),(143,'Экология','Экология'),(145,'Физика','Физика'),(153,'Геодезия','Геодезия'),(158,'Комп. граф.','Компьютерная графика'),(160,'Комп. технологии','Компьютерные технологии'),(161,'Астрономия','Астрономия'),(173,'Геморфология с ОГ','Геморфология с основами геологии                            '),(177,'Геология','Геология'),(186,'Инж. граф.','Инженерная графика'),(244,'Выч. компл. для расч','Вычислительные комплексы для расчёта строительных конструкци'),(246,'Разв. арх. и СТ','Развитие архитектуры и строительной техники'),(249,'Архитект. графика','Архитектурная графика'),(262,'ИР для экономиста','Информационные ресурсы для экономиста'),(313,'ИГС','Интерактивные графические системы'),(368,'АиП','Алгоритмизация и программирование'),(381,'Рус. язык','Русский язык'),(403,'Инж. геол.','Инженерная геология'),(405,'НГ и ИГ','Начертательная геометрия и инженерная графика'),(407,'Химия','Химия'),(413,'Технологии КМ','Технологии компьютерного моделирования'),(414,'Сопромат','Сопротивление материалов'),(415,'ТФ ББС','Технологии формирования безбарьерной среды'),(417,'Инж. геодез.','Инженерная геодезия'),(418,'СЦО ГС и ССО','Светоцветовая организация городской среды и современные сист'),(420,'ОЦПМ в АДП','Основы цветопластического моделирования в архитектурно-дизай'),(428,'Живопись','Живопись'),(453,'КМиВ в АиГ','Компьютерное моделирование и визуализация в архитектуре и гр'),(456,'Основы НИ','Основы научных исследований'),(457,'АК и ТК','Архитектурные конструкции и теория конструирования'),(459,'Жив. и арх. колор.','Живопись и архитектурная колористика'),(514,'ОАрх.ПЗ','Основы архитектурного проектирования зданий'),(517,'Ландш. город. среды','Ландшафт городской среды'),(518,'Инж. об. тер.','Инженерное обустройство территории'),(522,'Прикладная математик','Прикладная математика'),(523,'Логика','Логика'),(526,'Основы кадастра недв','Основы кадастра недвижимости'),(545,'ТМОГИ','Теория математической обработки геодезических измерений'),(547,'ТВ и МС','Теория вероятностей и математическая статистика'),(558,'Топограф. дешифрован','Топографическое дешифрование'),(559,'Аэрокосмические съем','Аэрокосмические съемки'),(562,'ЭОЭ, вертикальн. тра','Электроснабжение с основами электротехники, вертикальный тра'),(566,'Архитектура зданий','Архитектура зданий'),(568,'ТГВ, ВиВ','Теплогазоснабжение и вентиляция, водоснабжение и водоотведен'),(573,'Основы этики и эстет','Основы этики и эстетики'),(576,'Мех. грунтов','Механика грунтов'),(577,'СМ и оборудование','Строительные машины и оборудование'),(647,'Компл. инж. благ-во ','Комплексное инженерное благоустройство городских территорий '),(649,'Мат. и изд. для ЖиГС','Материалы и изделия для жилищного и гражданского строительст'),(670,'Архит. констр.','Архитектурные конструкции'),(673,'Осн. арх.-стр. проек','Основы архетиктурно-строительного проектирования'),(682,'Стр. физика','Строительная физика'),(689,'Основы маркетинга и ','Основы маркетинга и предпринимательской деятельности'),(696,'Автоматизация РП','Автоматизация расчетных процедур'),(722,'Вяж. вещ.','Вяжущие вещества'),(723,'Физ. хим.','Физическая химия'),(725,'Сырьевая база ПСМ','Сырьевая база промышленности строительных материалов'),(735,'Иннов. мен.','Инновационный менеджмент'),(742,'ТО созд. микроклим. ','Теоретические основы создания микроклимата в помещении'),(752,'АГД ИС','Аэрогидродинамика инженерных систем'),(755,'Тепломассообм.','Тепломассообмен'),(759,'Аэродинам. вентил., ','Аэродинамика вентиляции, механика аэрозолей'),(788,'Гидравл. расчеты ИС','Гидравлические расчеты инженерных сетей'),(790,'Нас., вент., компр.','Насосы, вентиляторы, компрессоры'),(794,'Химия воды и микроби','Химия воды и микробиология'),(812,'ГР, выполняемые на С','Геодезические работы, выполняемые на строительной площадке'),(813,'Осн. ОиУ в строитель','Основы организации и управления в строительстве'),(816,'ОТВЗ','Основы технологии возведения зданий'),(821,'ОМСС и КК','Основы метрологии, стандартизации, сертификации и контроля к'),(822,'Правоведение','Правоведение'),(824,'Строймех','Строительная механика'),(832,'ЭС в СО МК','Энергосбережение в системах обеспечения микроклимата'),(835,'Отопление','Отопление'),(836,'ТГУ и АТСЗ','Теплогенерирующие установки и автономное теплоснабжение здан'),(837,'Матмод. и ЧМ САПР си','Математические модели и численные методы САПР систем ТГВ'),(842,'Вентиляция','Вентиляция'),(846,'ОАП СТГВ','Основы автоматизированного проектирования систем ТГВ'),(851,'ТОЭ','Теоретические основы электротехники'),(855,'Техническая теплотех','Техническая теплотехника'),(856,'Архитектура','Архитектура'),(863,'Стр. мат.','Строительные материалы'),(868,'УТР СВиБЗиС','Урбанистические тенденции развития строительства высотных и '),(871,'САПР в стр-ве','САПР в строительстве'),(874,'АКО модерниз.ГН','Архитектурно-конструктивные основы модернизации городской не'),(882,'Экон. стр-ва','Экономика строительства'),(883,'Градостр. и план-ка ','Градостроительство и планировка населенных мест'),(884,'Мен. и марк. в стр-в','Менеджмент и маркетинг в строительстве'),(888,'Граф. диз.','Графический дизайн'),(893,'Проектный рисунок','Проектный рисунок'),(895,'Основы ТФС','Основы теории формирования среды'),(897,'Скульптура','Скульптура'),(900,'Технологии 3D в СП','Технологии 3D в средовом проектировании'),(901,'СП и ПИ','Современные пространственные и пластические искусства'),(905,'Предпр. и пр. анализ','Предпроектный и проектный анализ в средовом дизайне'),(914,'Современные СМ','Современные строительные материалы'),(915,'Осн. строит. пр-ва','Основы строительного производства'),(917,'АСТ','Архитектурно-строительные технологии'),(918,'Эстет. арх. и диз.','Эстетика архитектуры и дизайна '),(921,'Типол. зд. и соор.','Типология зданий и сооружений'),(943,'Землеустр.','Землеустройство'),(945,'Экономика','Экономика'),(946,'ФДЗТ','Фотограмметрия и дистанционное зондирование территории'),(947,'Геогр. и зем. ИС','Географические и земельно-информационные системы'),(952,'КН и МЗ','Кадастр недвижимости и мониторинг земель'),(954,'Прикл.геодезия','Прикладная геодезия'),(956,'ОЭ и РЭ','Общая электротехника и радиоэлектроника'),(957,'ГА с основами астром','Геодезическая астрономия с основами астрометрии'),(961,'ММ ГПД','Математическое моделирование геопространственных данных'),(963,'Фотогр-я','Фотограмметрия'),(964,'ВГ и основы КВС','Высшая геодезия и основы координатно-временных систем'),(970,'СС и ТП','Спутниковые системы и технологии позиционирования'),(1044,'Констр. гор. соор. и','Конструкции городских сооружений и зданий'),(1047,'Техн. и орг. вГСХ','Технология и организация в городском строительстве и хозяйст'),(1058,'ГТС','Городские транспортные системы'),(1059,'ОИМ в ЖКХ','Отделочные и изоляционные материалы в жилищно-коммунальном х'),(1062,'СМиТВ РиР АО','Современные материалы и технологии возведения, реконструкции'),(1069,'Компьютерные МП','Компьютерные методы проектирования'),(1070,'Физика среды и ОК','Физика среды и ограждающих конструкций'),(1071,'Типол. и АКП','Типология и архитектурно-конструктивное проектирование'),(1084,'Спец. вопр. проект. ','Специальные вопросы проектирования зданий'),(1088,'ОМП и К в недвиж.','Основы менеджмента, планирования и контроллинга в недвижимос'),(1091,'Осн. терр.-простр. р','Основы территориально-пространственного развития городов'),(1092,'Инж. изыск. и инв. з','Инженерные изыскания и инвентаризация застройки'),(1101,'ОТЭ, РиС ОН','Основы технической эксплуатации, ремонта и содержания объект'),(1125,'ТПиО ПСМ','Технологические процессы и оборудование предприятий строител'),(1129,'Технология ИОТ','Технология изоляционных и отделочных материалов'),(1131,'ТБСИК','Технология бетона, строительных изделий и конструкций'),(1132,'ПиКИС','Патентоведение и коммерциализация интеллектуальной собственн'),(1153,'Сантехоборудов. зд.','Санитарно-техническое оборудование зданий'),(1155,'СК и ТВО ВиВ','Строительные конструкции и технология возведения объектов Ви'),(1157,'Водоснабжение','Водоснабжение'),(1158,'Водоотведение и ОСВ','Водоотведение и очистка сточных вод'),(1159,'Водн. хоз-во ПП','Водное хозяйство промышленных предприятий'),(1172,'Стальные конструкции','Стальные конструкции'),(1173,'Структ. анализ','Структурный анализ'),(1174,'Производ. в стр-ве.','Производительность в строительстве'),(1176,'Железобетон II','Железобетон II'),(1178,'Санит. и эколог. тех','Санитарные и экологические технологии'),(1179,'Железобетон III','Железобетон III'),(1181,'Механика матер.','Механика материалов'),(1187,'Мет. констр., сварка','Металлические конструкции, включая сварку'),(1191,'ТВР и усиления ЗиС','Технические вопросы реконструкции и усиления зданий и сооруж'),(1196,'Обсл. и испыт. здан.','Обследование и испытание зданий и сооружений'),(1202,'ЭиН систем ТГВ','Эксплуатация и наладка систем теплогазоснабжения и вентиляци'),(1203,'ТВ режим зданий','Тепловоздушный режим зданий'),(1206,'Газоснаб.','Газоснабжение'),(1208,'Охр. возд. бас.','Охрана воздушного бассейна'),(1209,'Проц. и оборуд.созд.','Процессы и оборудование создания микроклимата '),(1211,'Теплоснабжение','Теплоснабжение'),(1215,'АС ТГВ','Автоматизация систем теплогазоснабжения и вентиляции'),(1217,'Архитектура ПиГЗ','Архитектура промышленных и гражданских зданий'),(1219,'Культурология','Культурология'),(1222,'Теплогазосн. и вент.','Теплогазоснабжение и вентиляция'),(1227,'Социология','Социология'),(1230,'НБП ВиБЗиС','Нормативная база проектирования высотных и большепролетных з'),(1232,'СТ в строительстве','Современные технологии в строительстве'),(1239,'Орг., упр. и план. в','Организация, управление и планирование в строительстве'),(1243,'Констр. из дер. и пл','Конструкции из дерева и пластмасс'),(1247,'Экон. отрасли','Экономика отрасли'),(1251,'ТВЗиС','Технология возведения зданий и сооружений'),(1259,'Техн. вопр. РЗ','Технические вопросы реконструкции зданий'),(1265,'Конд. возд. и холодо','Кондиционирование воздуха и холодоснабжение'),(1269,'Автом. и упр. проц. ','Автоматизация и управление процессами теплогазоснабжения и в'),(1273,'Управл. стр-м','Управление строительством'),(1277,'ОПиК обеспыл. сист.','Основы проектирования и конструирования обеспыливающих систе'),(1289,'Экон. и орг. архит. ','Экономика и организация архитектурного проектирования и стро'),(1290,'Спульпт. и скул.-пла','Скульптура и скульптурно-пластическое моделирование'),(1292,'Ист. арх., градостр.','История архитектуры, градостроительства и дизайна'),(1294,'Архит. типол.','Архитектурная типология'),(1296,'Осн. проект. обор. а','Основы проектирования оборудования архитектурной среды'),(1298,'Теор. катастроф','Теория катастроф'),(1321,'Констр. гражд и пром','Конструкции гражданских и промышленных зданий'),(1325,'Архит. рест. и рек-я','Архитектурная реставрация и реконструкция'),(1349,'ЭММиМ','Экономико-математические методы и модели'),(1354,'Экон. недв.','Экономика недвижимости'),(1357,'ЗП с ОГАП','Земельное право с основами гражданского и административного '),(1358,'Монит. и охр. гор. с','Мониторинг и охрана городской среды '),(1363,'Градостр. кадастр','Градостроительный кадастр'),(1367,'ТС городов','Транспортные системы городов'),(1368,'Мен. в ГСХ','Менеджмент в ГСХ'),(1369,'Культура речи и ДО','Культура речи и делового общения'),(1373,'ТЭЗ СиГТ','Техническая эксплуатация зданий, сооружений и городских терр'),(1377,'Муниц. упр. и соц. п','Муниципальное управление и социальное планирование в отрасли'),(1388,'Экон. сист. ТГВ','Экономика систем теплогазоснабжения и вентиляции'),(1389,'Теплоген. уст.','Теплогенерирующие установки'),(1391,'Псих.и педаг.','Психология и педагогика'),(1398,'Ком.учет РГГ и ТЭ','Коммерческий учет распределения горючих газов и тепловой эне'),(1400,'ТФП и гравиметрия','Теория фигур планет и гравиметрия'),(1401,'Мен. и марк.','Менеджмент и маркетинг'),(1405,'Автоматиз. методы ИГ','Автоматизированные методы инженерно-геодезических работ'),(1407,'ОТ СП','Основы технологий строительного производства'),(1412,'ОАП','Основы автоматизированного проектирования'),(1413,'Осн. рек. и рест.','Основы реконструкции и реставрации'),(1423,'ТОМСП','Технология, организация и механизация строительного производ'),(1447,'Стр. констр.','Строительные конструкции'),(1448,'ТИСМИ','Технология изоляционных строительных материалов и изделий'),(1450,'ТСП','Технология строительного производства'),(1451,'ОП и УП','Организация производства и управление предприятием'),(1460,'Биз. план и эк. оц. ','Бизнес план и экономическая оценка инвестиций'),(1473,'Син. комп. с исп. на','Синтез композитов с использованием наносистем'),(1477,'Комп. модел. наносис','Компьютерное моделирование наносистем'),(1496,'ОПД','Основы предпринимательской деятельности'),(1502,'Совр. мет. рем. и от','Современные методы ремонта и отделки зданий'),(1610,'ОСП','Организация строительного производства'),(1611,'Упр. качеством','Управление качеством'),(1612,'Опер. с недвиж. и ст','Операции с недвижимостью и страхование'),(1613,'ЦиСД в стр-ве','Ценообразование и сметное дело в строительстве'),(1619,'Оценка собств.','Оценка собственности'),(1628,'Ландш. диз.','Ландшафтный дизайн'),(1635,'Совр. арх. и диз.','Современная архитектура и дизайн'),(1638,'Совр. пр. ИАГД','Современные проблемы истории и теории архитектуры, градостро'),(1643,'Соц. и экол. осн. ар','Социальные и экологические основы архитектурного проектирова'),(1645,'Ландш. архит.','Ландшафтная архитектура'),(1647,'Пробл. чел. в филосо','Проблема человека в философии'),(1648,'АП объектов архит.','Автоматизированное проектирование объектов архитектуры и гра'),(1677,'Кад. застр. тер.','Кадастр застроенных территорий '),(1685,'ЭиП ГХ','Экономика и планирование городского хозяйства'),(1689,'Упр. гор. тер.','Управление городскими территориями  '),(1693,'Экон. ГСХ','Экономика городского строительства и хозяйства'),(1705,'Инж. изыск., инвента','Инженерные изыскания, инвентаризация и реконструкция застрой'),(1721,'ТХ СПГ','Трубопроводы и хранилища сжиженного природного газа'),(1724,'Осн. градостр.','Основы градостроительства'),(1725,'ИТ','Информационные технологии'),(1745,'ПППМСМИ','Проектирование предприятий по производству строительных мате'),(1749,'Произв. менедж.','Производственный менеджмент'),(1753,'Стр. мат. для эксп. ','Строительные материалы для эксплуатации в экстремальных усло'),(1765,'Стр. топ. дисп. сис.','Структурная топология дисперсных систем и композитов'),(1781,'Иннов. проекты в ПСМ','Инновационные проекты в промышленности строительных материал'),(1785,'Иннов. менедж. и биз','Инновационный менеджмент и бизнес-планирование в производств'),(1859,'САПР для расч.строит','САПР для расчета строительных конструкций'),(1875,'Эксп. и нал. сист. Т','Эксплуатация и наладка систем ТГСВ'),(1883,'ПОУН','Правовые основы управления недвижимостью'),(1887,'Эксп. и инсп. инв. п','Экспертиза и инспектирование инвестиционного процесса'),(1891,'Финансы, ДО и кредит','Финансы,  денежное обращение и кредит'),(1919,'БЖД','Безопасность жизнедеятельности'),(1923,'Ист. и теор. колор.','История и теория колористики'),(1927,'ОТГиРП','Основы теории градостроительства и районной планировки'),(1949,'Теория вероятностей','Теория вероятностей'),(1969,'ЭОТР','Экономические основы технологического развития'),(1981,'Право','Право'),(1986,'ЭП (организации)','Экономика предприятия (организации)'),(2022,'МЭ и МЭО','Мировая экономика и международные экономические отношения'),(2023,'Материаловедение','Материаловедение'),(2043,'Силовые агрегаты','Силовые агрегаты'),(2051,'Гидр-ка и гидропне в','Гидравлика и гидропневмопривод'),(2060,'Учебная практика','Учебная практика'),(2072,'Делов. ин. яз.','Деловой иностранный язык'),(2082,'Серв. по выб. и орг.','Сервис по выбору, применению и организации парков машин'),(2105,'Осн. гидравл. и тепл','Основы гидравлики и теплотехники'),(2107,'Ознакомит. практика','Ознакомительная практика'),(2134,'Изыскательская практ','Изыскательская практика'),(2142,'ОА и СК','Основы архитектуры и строительные конструкции'),(2144,'Тех. мех.','Техническая механика'),(2171,'Практ. по ауд.','Практика по аудиту'),(2175,'1-ая педагогическая ','1-ая педагогическая практ.'),(2179,'Технол.цем.','Технология цемента'),(2181,'Городские ИС','Городские инженерные сооружения'),(2183,'Защ. интел. собств.','Защита интеллектуальной собственности '),(2240,'Защита','Защита'),(2302,'Прикл. механика','Прикладная механика'),(2304,'ИРГДР','История развития горного дела региона'),(2444,'Рус. яз. и культ. ре','Русский язык и культура речи'),(2466,'Матер. и ТКМ','Материаловедение и технология конструкционных материалов'),(2550,'Дискр. матем.','Дискретная математика'),(2557,'Выч. мат.','Вычислительная математика'),(2559,'Соц. асп. информатиз','Социальные аспекты информатизации'),(2602,'Офисные ИТ','Офисные информационные технологии'),(2614,'Теория менеджмента','Теория менеджмента'),(2616,'Институцион. экономи','Институциональная экономика'),(2639,'Фин. мен.','Финансовый менеджмент'),(2641,'БиЖД','Безопасность и жизнедеятельность'),(2661,'Теор. орг. и сист. а','Теория организации и системный анализ'),(2665,'Мировая эконом.','Мировая экономика'),(2678,'История отрасли','История отрасли'),(2717,'Основы проектировани','Основы проектирования'),(2727,'ТКМ','Технология конструкционных материалов'),(2785,'Введ. в спец.','Введение в специальность'),(2814,'УТехнол.практ.','Учебно-технологическая'),(2816,'ОК в среде APM WM','Основы конструирования в среде APM Win Machine'),(2818,'ОК в среде APM WM и ','Основы конструирования в среде APM WinMachine и КОМПАС'),(2865,'ХТССМ','Химическая технология стекла и стеклокристаллических материа'),(2867,'Эконом. теория','Экономическая теория'),(2894,'Орг. хим','Органическая химия'),(2951,'Правила и основы БДД','Правила и основы безопасности дорожного движения'),(2957,'Общ. электротех. и э','Общая электротехника и электроника'),(2959,'НГ.ИГ.','Начертательная геометрия.Инженерная графика'),(3147,'БД','Базы данных'),(3190,'ТП МСП','Технологические процессы машиностроительного производства'),(3196,'Осн. комп. граф.','Основы компьютерной графики'),(3212,'ТАУ','Теория автоматического управления'),(3350,'Упр. проектами','Управление проектами'),(3354,'Психология','Психология'),(3366,'Политология','Политология'),(3447,'Общ. и неорг. хим.','Общая и неорганическая химия'),(3461,'Химия элементов','Химия элементов'),(3471,'Электротех. и пром. ','Электротехника и промышленная электроника'),(3488,'Комп. технол. в прои','Компьютерные технологии в производстве силикатных материалов'),(3490,'Введ. в проф.','Введение в профессию'),(3591,'Высш.матем.','Высшая математика'),(3625,'Общая энергетика','Общая энергетика'),(3630,'Геоинформац. сист. в','Геоинформационные системы в электроэнергетике'),(3632,'Метрология','Метрология'),(3642,'Электр. маш.','Электрические машины'),(3745,'Осн. констр. теплоте','Основы конструирования теплотехнического оборудования'),(3747,'Механика','Механика'),(3753,'Тех. термодин.','Техническая термодинамика'),(3773,'ТООТП','Теплофизические основы и организация технологических процесс'),(3789,'Гидрогазодин.','Гидрогазодинамика'),(3838,'Экон. предпр.','Экономика предприятия'),(3858,'Менеджмент','Менеджмент'),(3862,'Осн. док. обесп. упр','Основы документационного обеспечения управления'),(3864,'Опер. и пр. менеджме','Операционный и производственный менеджмент'),(3874,'Статистика','Статистика'),(3885,'Методы аналит. иссле','Методы аналитических исследований'),(3887,'ЭММ производств. сис','Экономико-математическое моделирование производственных сист'),(3895,'ТБУ','Теория бухгалтерского учета'),(3926,'ТОСМЗП','Технология и организация строительных и монтажно-заготовител'),(3963,'Мат. мод. в САПР','Математическое моделирование в САПР'),(4006,'Выч. компл.для расч.','Вычислительные комплексы для расчета специальных сооружений'),(4023,'Техн. практ.','Технологическая практика'),(4027,'КГМП и расчета ЖКХ','Компьютерные графические методы проектирования и расчета в Ж'),(4062,'Проф. практ.','Профессиональная практика'),(4070,'Инж. гидролог.','Инженерная гидрология'),(4072,'ДМ и технология ДСМ','Дорожное материаловедение и технология дорожно-строительных '),(4097,'Геодез. практика','Геодезическая практика'),(4125,'Матер-е. ТКМ','Материаловедение. Технология конструкционных материалов'),(4148,'Почвоведение и ИГ','Почвоведение и инженерная геология'),(4166,'Инж. обустр. террито','Инженерное обустройство террирорий'),(4197,'Экология землепольз.','Экология землепользования'),(4208,'Осн. библ.-инф. куль','Основы библиотечно-информационной культуры'),(4212,'Теор. инф. проц. и с','Теория информационных процессов и систем'),(4226,'Визуальн. програм.','Визуальное программирование'),(4230,'Упр. данн.','Управление данными'),(4255,'Информ. право','Информационное право'),(4263,'Перифер. оборудов.','Периферийное оборудование'),(4277,'Архит. ИС','Архитектура информационных систем'),(4281,'Техническая электрон','Техническая электроника'),(4294,'Экон. отрасл. рынков','Экономика отраслевых рынков'),(4304,'Док-е управл. деят-ю','Документирование управленческой деятельности'),(4329,'Прин. страт. реш. в ','Принятие стратегических решений в управлении'),(4331,'Методы принятия УР','Методы принятия управленческих решений'),(4339,'Операц. менеджмент','Операционный менеджмент'),(4395,'Инф. сист. маркет.','Информационные системы маркетинга'),(4432,'Мех. жидк. и газа','Механика жидкости и газа'),(4454,'Техн. ГМиГП','Техническая гидромеханика и гидропривод'),(4469,'ДМиОК','Детали машин и основы конструирования'),(4479,'Техн. осн. созд. маш','Технические основы создания машин'),(4503,'ТО СМ и АПП','Технические основы создания машин и аппаратов пищевых произв'),(4590,'Соц. и псих. управл.','Социология и психология управления'),(4608,'ТММ','Теория механизмов и машин'),(4614,'СМи МК ПТСиДМ','Строительная механика и металлические конструкции подъемно-т'),(4616,'ПК ВМ в среде СКП','Практический курс вычислительных методов в среде специализир'),(4623,'Метр. и станд.','Метрология и стандартизация'),(4635,'Электротех. и электр','Электротехника и электропривод'),(4688,'ТДиТП','Термодинамика и теплопередача'),(4690,'ОК в системе КОМПАС-','Основы конструирования в Cистеме КОМПАС-3D'),(4693,'Геол. пр-ка','Геологическая практика'),(4742,'Наносис. в стр. мат.','Наносистемы в строительном материаловедении'),(4756,'ТП в строительстве','Технологические процессы в строительстве'),(4984,'Спецглавы механики','Спецглавы механики'),(4987,'Произв. пр-ка','Производственная практиа'),(5007,'МСиС','Метрология, стандартизация и сертификация '),(5030,'ТТОиР','Техника транспорта, обслуживание и ремонт  '),(5054,'Трансп. энерг.','Транспортная энергетика'),(5077,'Осн. дин. автом. тра','Основы динамики автомобильного транспорта '),(5089,'Трансп. инфраструкту','Транспортная инфраструктура'),(5112,'Строительн. информат','Строительная информатика'),(5172,'Экономика организаци','Экономика организации'),(5182,'ВиВ PR','Внешний и внутренний PR'),(5198,'УП организации','Управление персоналом организации'),(5208,'Этика дел. отн.','Этика деловых отношений'),(5209,'Основы ФМ','Основы финансового менеджмента'),(5215,'Соц.менедж.','Социальный менеджмент'),(5225,'Осн.без.тр.','Основы безопасности труда'),(5235,'Регламентация и НТ','Регламентация и нормирование труда'),(5237,'Труд. право.','Трудовое право'),(5243,'БУ АиК','Бухгалтерский учет, аудит и контроль'),(5301,'Фин. орг.','Финансы организаций (предприятий)'),(5317,'Методы ОР','Методы оптимальных решений'),(5328,'Проц. и аппар. хим.т','Процессы и аппараты химической технологии'),(5338,'УПроиз. практ.','Учебно-производственная практика'),(5348,'Осн. эконом. и упр. ','Основы экономики и управления производством'),(5357,'Физ.-хиим. метод. ан','Физико-химические методы анализа'),(5367,'Произв. педагог.','Производственная педагогика'),(5381,'Общ. хим. тех.','Общая химическая технология'),(5385,'Моделир. хим-тех. пр','Моделирование химико-технологических процессов'),(5393,'Осн. НИ силик. матер','Основы научных исследований силикатных материалов'),(5451,'Экон. оц. инв.','Экономическая оценка инвестиций'),(5468,'Электроснабжение','Электроснабжение'),(5480,'ЭВМ, сети и ПО','ЭВМ, сети и переферийное оборудование'),(5504,'Мат. задачи электроэ','Математические задачи электроэнергетики'),(5537,'Электроэн. СиС','Электроэнергетические системы и сети'),(5628,'Источн. энерг. тепло','Источники энергии теплотехнологии'),(5659,'МО (ОК)','Механическое оборудование (общий курс)'),(5671,'Термод. сил. сист.','Термодинамика силикатных систем'),(5681,'ПАЗОС','Процессы и аппараты защиты окружающей среды'),(5702,'','основы оргономики и дизайна'),(5708,'Теплотехника','Теплотехника'),(5714,'КиЭС ТиТТМО','Конструкция и эксплуатационные свойства ТиТТМО'),(5735,'Прикл. прогр.','Прикладное програмирование'),(5838,'Общеинженерн. прак.','Общеинженерная практика'),(5840,'КТ в теплоэнергетике','Компьютерные технологии в теплоэнергетике'),(5848,'Численные ММ','Численные методы моделирования'),(5866,'Метод. и техн. эксп.','Методика и техника эксперимента в теплотехнологии'),(5868,'Осн. трансформации т','Основы трансформации теплоты'),(5881,'БУиА','Бухгалтерский учет и анализ'),(5887,'Эконометр.','Эконометрика'),(5889,'Автом. ИТ в экон.','Автоматизированные информационные технологии в экономике'),(5895,'Финансы','Финансы'),(5907,'Налоги','Налоги и налогообложение'),(5909,'Бух. фин. учет','Бухгалтерский финансовый учет'),(5914,'Страхование','Страхование'),(5920,'Комп. анализ хоз. де','Комплексный анализ хозяйственной деятельности'),(5922,'Анал. фин. отчетн.','Анализ финансовой отчетности'),(5928,'Бух. управл. учет','Бухгалтерский управленческий учет'),(5938,'Бух. отчетн.','Бухгалтерская (финансовая) отчетность'),(5975,'Правоведение (ОЗС)','Правоведение (основы законодательства в строительстве)'),(5994,'Открытая геотехнолог','Открытая геотехнология'),(6010,'Станд. и осн. взаимо','Стандартизация и основы взаимозаменяемости'),(6020,'Строительн. геотехно','Строительная геотехнология'),(6088,'УНИРС','УНИРС'),(6111,'ИиП ЖД','Изыскания и проектирование железных дорог'),(6115,'Ком. модел.','Компьютерное моделирование'),(6127,'МТР ж/д и а/д тр.','Мировые тенденции в развитии железнодорожного и автодорожног'),(6141,'Тоннельн. пересеч. н','Тоннельные пересечения на транспортных магистралях'),(6150,'Автом. геодез. раб.','Автоматизация геодезических работ'),(6152,'НИП','Научно-исследовательская практика'),(6154,'Географич. ИС','Географические информационные системы'),(6156,'Фотограмметрия и ДЗ','Фотограмметрия и дистанционное зондирование'),(6160,'Муниц. менеджм.','Муниципальный менеджмент'),(6164,'Экон.-мат. мет. и мо','Экономико-математические методы и моделирование'),(6166,'ПО землеустр. и када','Правовое обеспечение землеустройства и кадастров'),(6168,'ОГ и гидрологии','Основы геологии и гидрологии'),(6188,'ТИ объектов недвиж.','Техническая инвентаризация объектов недвижимости'),(6192,'Оценка недвиж.','Оценка недвижимости '),(6200,'ИОТ населенных пункт','Инженерное обустройство территорий населенных пунктов'),(6210,'Территор. планирован','Территориальное планирование'),(6228,'Станд. и лицензир. П','Стандартизация и лицензирование программного обеспечения'),(6244,'Модел. систем','Моделирование систем'),(6255,'Экон. и ОП ИС','Экономика и организация предприятий информационного сервиса'),(6259,'Произв. практ.','Производственная практика'),(6265,'Инф. менедж.','Информационный менеджмент'),(6267,'Отрасл. инф. сист.','Отраслевые информационные системы'),(6269,'Мат. мет. кибернет.','Математические методы кибернетики'),(6281,'МИО','Методы исследования операций'),(6312,'Логист.','Логистика'),(6322,'Учет и анализ','Учет и анализ'),(6324,'ИТ в менеджменте','Информационные технологии в менеджменте'),(6337,'Бизнес -планирование','Бизнес-планирование'),(6345,'ФПиП','Финансовое планирование и прогнозирование'),(6355,'Антик. упр.','Антикризисное управление'),(6361,'Упр. стоим. комп.','Управление стоимостью компании'),(6363,'Экон. безоп.','Экономическая безопасность'),(6401,'Статистика и прогн. ','Статистика и прогнозирование рынка'),(6407,'Техн. рекл. и PR','Технологии рекламы  и PR'),(6431,'Бренд-менеджмент','Бренд-менеджмент'),(6437,'Управл. цепями поста','Управление цепями поставок'),(6450,'ЭиУ МП','Экономика и управление машиностроительным производством'),(6475,'ТП СМИ','Технология производства строительных материалов и изделий'),(6497,'М.д ТТ СМ','Машины для технологического транспортирования строительных м'),(6507,'Надеж. МО и К','Надежность механического оборудования и комплексов'),(6524,'ТТП','Теория технологического потока'),(6542,'ПАПП','Процессы и аппараты пищевых производств'),(6549,'Орг. пр-ва и мен.','Организация производства и менеджмент'),(6565,'М.д ТТ','Машины для технологического транспортирования'),(6575,'Холодильное оборудов','Холодильное оборудование'),(6588,'Экон. геогр. региона','Экономическая география и регионалистика'),(6629,'ЭОП','Экономика и организация производства'),(6645,'Произ. ПТС и ДМ','Производство подъемно-транспортных, строительных и дорожных '),(6651,'Строймех и МК','Строительная механика и металлические конструкции'),(6662,'Пробл. и реал. карье','Проблемы и реализация карьерного роста'),(6664,'Констр. НТТМ','Конструкция наземных транспортно-технологических машин'),(6666,'Маш. для земл. раб.','Машины для земляных работ'),(6676,'Теория НТТМ','Теория наземных транспортно-технологических машин'),(6711,'Электрот., электрон.','Электротехника, электроника и электропривод'),(6715,'Диагностика ПТСДСиО','Диагностика подъемно-транспортных, строительных, дорожных ср'),(6719,'Маркетинг','Маркетинг'),(6723,'ТП ПТСДСиО','Технология производства подъемно-транспортных, строительных,'),(6725,'КиЗОМ','Конструкционные и защитно-отделочные материалы'),(6727,'СДМ','Строительные и дорожные машины'),(6729,'ГПМиО','Грузоподъемные машины и оборудование'),(6802,'ЭСМиТ МЭС','Энергосберегающие материалы и технологии малоэтажного строит'),(6804,'Технология ПСМ','Технология полимерных строительных материалов'),(6844,'Защ. строит. констр.','Защита строительных конструкций от коррозии'),(6846,'ОПиУ в строительстве','Организация, планирование и управление в строительстве'),(6848,'Рек. здан., соор. и ','Реконструкция зданий, сооружений и застройки'),(6850,'Экон. в стр.','Экономика в строительстве'),(6862,'Инж. практ.','Инженерная практика'),(6963,'Констр. практ.','Конструкторская практика'),(7000,'ОММ проц. в машиност','Основы математического моделирования процессов в машинострое'),(7008,'Металлореж. станки','Металлорежущие станки'),(7010,'Реж. инстр.','Режущий инструмент'),(7029,'АПП в машиностр.','Автоматизация производственных процессов в машиностроении'),(7035,'ЭФ, ЭХ и мех. мет. о','Электрофизические, электрохимические и механические методы о'),(7049,'Обор. с ЧПУ МП','Оборудование с ЧПУ машиностроительного производства'),(7051,'ТМ','Технология машиностроения'),(7059,'САПР ТП','САПР технологических процессов'),(7061,'План. и орг. эксп.','Планирование и организация эксперимента'),(7063,'ПМП','Проектирование машиностроительного производства'),(7078,'Осн. логист.','Основы логистики'),(7086,'Докум. и делопр.','Документооборот и делопроизводство'),(7100,'ТТП МТП','Теория транспортных процессов. Моделирование транспортных пр'),(7105,'ИТ на трансп.','Информационные технологии на транспорте'),(7113,'Методология ПВ','Методология подготовки водителей'),(7119,'КМ ТС','Компьютерное моделирование транспортных систем'),(7154,'ГИС в строительстве','Геоинформационные системы в строительстве'),(7177,'Система ГиМУ','Система государственного и муниципального управления'),(7193,'ОКП и КП','Основы кадровой политики и кадрового планирования'),(7207,'Оплата труда персона','Оплата труда персонала'),(7216,'Соц. защита персон.','Социальная защита персонала'),(7238,'Лидерство и УК','Лидерство и управление командой'),(7246,'Оцен. персон.','Оценка персонала'),(7253,'Ин. яз(проф)','Иностранный язык(профессиональный)'),(7257,'Эконом. труда','Экономика труда'),(7290,'Страт. упр.','Стратегическое управление'),(7298,'Компл. мех-я дор. ст','Комплексная механизация дорожного строительства'),(7300,'Коммерч. дело','Коммерческое дело'),(7310,'Деньги, кредит, банк','Деньги, кредит, банки'),(7324,'Фин. мен. в банке','Финансовый менеджмент в банке'),(7325,'Аналит.Х и ФХМА','Аналитическая химия и физико-химические методы анализа'),(7351,'ФХ ТНиСМ','Физическая химия тугоплавких неметаллических и силикатных ма'),(7374,'Колл. хим.','Коллоидная химия'),(7454,'УЗП (организации)','Управление затратами предприятия (организации)'),(7479,'ЭО и УП','Экономика, организация и управление производством'),(7499,'ЭТ и К материаловеде','Электротехническое и конструкционное материаловедение'),(7514,'Электр. станц. и под','Электрические станции и подстанции'),(7516,'Эксплуатация СЭЭ','Эксплуатация систем электроснабжения'),(7518,'Техника ВН','Техника высоких напряжений'),(7520,'ЭМехПП в ЭЭС','Электромеханические переходные процессы в электроэнергетичес'),(7536,'РЗиА СЭС','Релейная защита и автоматизация систем электроснабжения'),(7629,'Электрот. и электр.','Электротехника и электроника'),(7637,'Ист. и сист.тепло сн','Источники и системы теплоснабжения предприятий'),(7639,'Технологич. эн.носит','Технологические энергоносители предприятий'),(7641,'МСТИ и АТП','Метрология, сертификация, технические измерения и автоматиза'),(7660,'ЭКПП','Энергетический комплекс промышленных предприятий'),(7676,'Котельные установки ','Котельные установки и парогенераторы'),(7678,'Теплома ссообменное ','Тепломассообменное оборудование предприятий'),(7680,'Спец. практ.','Специальная практика'),(7682,'Энергосбереж. в ТЭ и','Энергосбережение в теплоэнергетике и теплотехнологии'),(7688,'НиВ источники ЭЭ','Нетрадиционные и возобновляемые источники электроэнергии'),(7703,'Осн. теор. над-ти','Основы теории надежности'),(7709,'Строит, дорож. и ком','Строительные. дорожные и коммунальные машины'),(7752,'Треб. безоп. к наз. ','Требования безопасности к наземным транспортным системам'),(7754,'Инновац. технол. в Т','Инновационные технологии в транспортном и технологическом ма'),(7762,'ТО и рем. куз. автом','Техническое обслуживание и ремонт кузовов автомобилей'),(7785,'Высокотемп. теплотех','Высокотемпературные теплотехнологические процессы и установк'),(7824,'ТНТПУ','Термовлажностные и низкотемпературные теплотехнологические п'),(7826,'Паротеплоген. уст. п','Паротеплогенерирующие установки промышленных предприятий'),(7849,'ИС в экон.','Информационные системы в экономике '),(7890,'1 технол. практ.','1-ая технологическая практика'),(7892,'Пути сообщ., ТС','Пути сообщения, технологические сооружения'),(7917,'Осн. стр. дела','Основы строительного дела'),(7923,'Картограф.','Картография'),(7960,'Арх-ра ГЗ','Архитектура гражданских зданий'),(8009,'Гидрообор. дор. маш.','Гидрооборудование дорожных машин'),(8019,'Грузопод. маш.','Грузоподъемные машины'),(8030,'УИРС','УИРС'),(8052,'Изыск. и пр-ние авто','Изыскания и проектирование автомобильных дорог'),(8077,'2-ая полигонная прак','2-ая полигонная практика'),(8079,'Ж/д путь','Железнодорожный путь'),(8093,'Т,МиА ж/д стр.','Технология, механизация и автоматизация железнодорожного стр'),(8108,'Прим. ЭВМ в науч. ис','Применение ЭВМ в научных исследованиях'),(8114,'Телекоммун. сист.','Телекоммуникационные системы'),(8116,'Админ. в ИС','Администрирование в информационных системах'),(8118,'Геоинф. сист.','Геоинформационные системы'),(8122,'Информ. безопас. и з','Информационная безопасность и защита информации'),(8132,'Корпорат. инф. сист.','Корпоративные информационные системы'),(8138,'Проект. ИС','Проектирование информационных систем'),(8139,'Экон. анализ','Экономический анализ'),(8151,'Фин. и кред.','Финансы  и  кредит'),(8153,'РЦБ','Рынок ценных бумаг'),(8157,'МК','Маркетинговые коммуникации'),(8171,'Ком. деят-ть','Коммерческая деятельность'),(8175,'Осн. мен.','Основы менеджмента'),(8202,'МОиТК','Механическое оборудование и технологические комплексы по обо'),(8221,'Электроприв. обор.','Электропривод оборудования'),(8233,'Гидро и пневмоприв.','Гидро и пневмопривод'),(8235,'ПМО ПСМИ','Проектирование машин и оборудования предприятий строительных'),(8241,'Пр-во экол. чистых С','Производство экологически чистых строительных материалов'),(8250,'МО предпр.строит. ин','Механическое оборудование предприятий строительной индустрии'),(8293,'Гидро- и пневмо- сис','Гидравлические и пневматические системы'),(8311,'Сист., технол. и орг','Системы, техноологии и организация услуг в автомобильном сер'),(8324,'Архит. гражд. и пром','Архитектура гражданских и промышленных зданий и сооружений'),(8412,'ГЭПС','Глобальные экономические проблемы современности'),(8480,'КОМ','Компьютерное объемное моделирование'),(8494,'ЭПиЭО МРС','Электропривод и электрооборудование металлорежущих станков'),(8509,'Ценообразов. и СД','Ценообразование и сметное дело'),(8521,'Планир. и контр.','Планирование и контроллинг'),(8539,'Прав. осн. управл. н','Правовые основы управления недвижимостью. Стандарты и лиценз'),(8546,'Эконом. практ.','Экономическая практика'),(8548,'Организац. культ.','Организационная культура'),(8552,'Бух. учет','Бухгалтерский учет'),(8589,'Орг. деят. ЦБ.','Организация деятельности Центрального банка'),(8593,'Ценообр.','Ценообразование'),(8599,'Осн. оцен. деят.','Основы оценочной деятельности'),(8601,'Инвест.','Инвестиции'),(8634,'Эконом. и упр. произ','Экономика и управление производством'),(8640,'Пов. явл. и дисп. си','Поверхностные явления и дисперсные системы'),(8657,'Практ по мен.','Практика по менеджменту'),(8693,'ОП на предпр. ПСМ','Организация производства на предприятиях промышленности стро'),(8735,'Электроэ нергетика','Электроэнергетика'),(8739,'НИР по спец.','НИР по специальности'),(8833,'Экон. и упр. ТТС','Экономика и управление теплотехнологическими системами'),(8842,'Лаб. практ. по БУ','Лабораторный практикум по бухгалтерскому учету'),(8850,'Компл. экон. анал. х','Комплексный экономический анализ хозяйственной деятельности'),(8866,'Аудит','Аудит'),(8874,'Особ. уч. в торг.','Особенности учета в торговле'),(8887,'Проект. пред. пр.','Проектная преддипломная практика'),(8920,'САПР в ГСХ','САПР в ГСХ'),(8928,'Техн. рек. гор. зд. ','Технология реконструкции городских зданий и сооружений'),(8930,'Прав. рег. гор. деят','Правовое регулирование городской деятельности и жилищное зак'),(8938,'Упр. инж. сист. здан','Управление инженерными системами зданий'),(8955,'СУ ДСМ','Системы управления ДСМ'),(8971,'Мат.мод. тех. сист.','Математическое моделирование технических систем'),(9018,'Прав. рег. маркет. д','Правовое регулирование маркетинговой деятельности'),(9027,'ЭГП','Экономика горного производства'),(9035,'Горное право','Горное право'),(9059,'МТПОМиО','Машиностроительные технологии в производстве обогатительных '),(9063,'Горные машины','Горные машины и оборудование подземных разработок'),(9064,'2-я технол. практ. (','2-я технологическая практика (9 недель)'),(9066,'Мен. в автосерв.','Менеджмент в автосервисе'),(9074,'Технол. и орг. восст','Технология и организация восстановления деталей и сборочных '),(9080,'ТЭ сил. агрег. и тра','Техническая эксплуатация силовых агрегатов и трансмиссий'),(9092,'Эфф., экон. серв. ус','Эффективность, экономика сервисных услуг и основы предприним'),(9100,'Осн. марк. в сф. сер','Основы маркетинга в сфере сервиса'),(9148,'СПЗиС','Строительство подземных зданий и сооружений'),(9152,'2 технол. практ.','2-ая технологическая практика'),(9164,'Простр. констр. здан','Пространственные конструкции зданий и сооружений'),(9249,'КТП','Конструкторско-технологическая практика'),(9265,'Осн. марк.','Основы маркетинга'),(9286,'По спец.','Практика по специализации'),(9288,'Бюдж. сист. РФ','Бюджетная система РФ'),(9333,'Анал. и диагн. ФХДП','Анализ и диагностика финансово-хозяйственной деятельности пр'),(9353,'Планир. на предпр.','Планирование  на  предприятии'),(9415,'Орг. энерг. пр-ва','Организация энергетического производства'),(9429,'Переход. проц. в эл.','Переходные процессы в электрических системах'),(9483,'Опт. теплотехн. проц','Оптимизация теплотехнических процессов'),(9497,'Автом. БД в теплотех','Автоматизированные базы данных в теплотехнологии'),(9501,'УВНЭР','Утилизация вторичных низкопотенциальных энергетических ресур'),(9532,'Осн. программ.','Основы программирования'),(9533,'Матем. анализ','Математический анализ'),(9547,'ЧМВ','Человеко-машинное взаимодействие'),(9593,'Языки прогр.','Языки программирования'),(9598,'Алг. и геом.','Алгебра и геометрия'),(9685,'Инж. и комп. граф','Инженерная и компьютерная графика'),(9743,'МОТУ','Математические основы теории управления'),(9751,'Схемотехника ЭВМ','Схемотехника ЭВМ'),(9753,'Численные методы','Численные методы'),(9764,'ТА и формальных язык','Теория автоматов и формальных языков'),(9765,'Иссл. опер.','Исследование операций'),(9767,'Сист. модел.','Системное моделирование'),(9776,'ЭЭиС','Электротехника, электроника и схемотехника'),(9786,'Деловой анг. язык','Деловой английский язык'),(9834,'Основы ИБ','Основы информационной безопасности'),(9836,'Математическая логик','Математическая логика'),(9843,'Теория графов и ее п','Теория графов и ее приложения'),(9870,'ЭУ МиР систем','Электронные устройства мехатронных и робототехнических систе'),(9877,'Теория информации','Теория информации'),(9888,'Электроника и схемот','Электроника и схемотехника'),(9893,'ОТП','Основы технологии производства'),(9894,'ФОИ и эталоны','Физические основы измерений и эталоны'),(9903,'Спецглавы физики','Спецглавы физики'),(9921,'Инф. об., БД','Информационное обеспечение, базы даных'),(9929,'ТиО ППУ','Технология и организация производства продукции и услуг'),(9941,'ОС','Операционные системы'),(9942,'Прогр. и ОА','Программирование и основы алгоритмизации'),(9953,'Web-технологии','Web-технологии'),(9954,'Автоматизация ТП','Автоматизация технологических процессов'),(9957,'Микроконтроллеры в С','Микроконтроллеры в системах управления'),(9961,'МСиП','Моделирование систем и процессов'),(9970,'ЭВМ и периф.устр.','ЭВМ и периферийные устройства'),(9973,'Сети ЭВМ и телеком.','Сети ЭВМ и телекоммуникации'),(9974,'Этика и эстет.','Этика и эстетика'),(9979,'Теоретическая инфор.','Теоретическая информатика'),(9985,'СППР','Системы поддержки и принятия решений'),(9987,'Инстр. средства ИС','Инструментальные средства информационных систем'),(9989,'Пр. знан. в инф. сис','Представление знаний в информационных системах'),(10001,'Комп. граф. и геом.','Компьютерная геометрия и графика'),(10002,'Информац. безопаснос','Информационная безопасность'),(10003,'Осн. нанотех.','Основы нанотехнологии'),(10008,'Безопасность ОС','Безопасность операционных систем'),(10010,'Крипто графические М','Криптографические методы защиты информации'),(10016,'Безопасность сетей Э','Безопасность сетей ЭВМ'),(10020,'ОТУ','Основы теории управления'),(10027,'Детали ММ, робот. и ','Детали мехатронных модулей, роботов и их конструирование'),(10028,'Микромашины и СД','Микромашины и специальные двигатели'),(10029,'МПТ в МиР','Микропроцессорная техника в мехатронике и робототехнике'),(10037,'ПО МиР систем','Программное обеспечение мехатронных и робототехнических сист'),(10041,'ТСА РТС','Технические средства автоматики робототехнических систем'),(10045,'Электротехнич. обору','Электротехническое оборудование'),(10047,'Системы АК','Системы автоматического контроля'),(10050,'Проектир. машин1','Проектирование машин 1'),(10052,'Сенсорн .технолог.','Сенсорные технологии и их применение'),(10053,'УМ и ПС','Усилители мощности и приводные системы'),(10054,'Применение КТ','Применение компьютерных технологий'),(10061,'Парал. прогр.','Параллельное программирование'),(10070,'Спецификация, арх. и','Спецификация, архитектура и проектирование программных систе'),(10075,'Станд. и сертиф.','Стандартизация и сертификация'),(10077,'Методы и СИ и контро','Методы и средства измерений и контроля'),(10078,'САПР','САПР'),(10079,'Осн. техн. рег.','Основы технического регулирования'),(10097,'ТР НД','Технология разработки нормативной документации'),(10100,'Осн. обесп. кач-ва','Основы обеспечения качества'),(10103,'АСиД ОД','Анализ состояния и динамики объектов деятельности'),(10106,'Метрология и сертифи','Метрология и сертификация'),(10107,'Экономика УП','Экономика управления персоналом'),(10109,'Осн. квалиметрии','Основы квалиметрии'),(10113,'ТС автом. и упр.','Технические средства автоматизации и управления '),(10114,'СТУ и ВС','Схемотехника управляемых и вычислительных систем'),(10115,'Интеллектуальные СУ','Интеллектуальные системы управления'),(10120,'СД АС','Статистическая динамика автоматизированных систем'),(10124,'Стат. динам. СУ','Статистическая динамика систем управления'),(10133,'Автом. электроприв.','Автоматизированный электропривод'),(10139,'Надежн. СУ','Надежность систем управления'),(10143,'АТПиП','Автоматизация технологических процессов и производств'),(10145,'ПСУ','Проектирование систем управления'),(10151,'АСУ ТП','Автоматизированные системы управления технологических процес'),(10156,'Микроконтр. в СА','Микроконтроллеры в СА'),(10170,'ЭК','Электронные коммуникации'),(10173,'Пробл. проф. адапт.','Проблемы профессиональной адаптации'),(10197,'Техническая защита и','Техническая защита информации'),(10198,'РиЭ защищенных АС','Разработка и эксплуатация защищенных автоматизированных сист'),(10199,'Моделирование угроз ','Моделирование угроз информационной безопасности'),(10204,'ПАСОИБ','Программно-аппаратные средства обеспечения информационной бе'),(10206,'ТПР','Теория принятия решений'),(10217,'ТРПО','Технология разработки программного обеспечения'),(10218,'Техн. Web-программ.','Технологии Web-программирования'),(10234,'Обор. маш. пр-ва','Оборудование машиностроительного производства'),(10240,'ТРСиНД','Технология разработки стандартов и нормативной документации'),(10241,'Автом. измер., контр','Автоматизация измерений,контроля и испытаний'),(10243,'СМ в УК','Статистические методы в управлении качеством'),(10251,'Фин. и упр. учет','Финансовый и управленческий учет'),(10253,'Метод. систем. анали','Методы системного анализа'),(10258,'Технол. разр. технич','Технология разработки технических регламентов и нормативной '),(10259,'ИТ в УК и Защ. инф.','Информационные технологии в управлении качеством и защита ин'),(10260,'Серт. прод. и усл.','Сертификация продукции и услуг'),(10261,'ЭУО','Экономическое управление организацией'),(10270,'АП СиСУ','Автоматизация проектирования систем и средств управления'),(10272,'Автом. инф.-упр. сис','Автоматизированные информационно-управляющие системы'),(10281,'Инф. сети и телекомм','Информационные сети и телекоммуникации'),(10290,'Инт.сист.пр. и упр.','Интегрированные системы проектирования и управления'),(10294,'АСУТП в ПСМ','АСУ ТП в промышленности строительных материалов'),(10298,'ЭКиУР','Электронные коммуникации и управление ресурсами '),(10302,'Робототех. сист.','Робототехнические системы'),(10306,'ОПП','Организация и планирование производства'),(10318,'ТиПО ИС в пром.','Техническое и программное обеспечение информационных систем '),(10326,'АП и ИС','Администрирование программных и информационных систем'),(10338,'Нейрокомп. сист.','Нейрокомпьютерные системы'),(10358,'СМК и УК','Статистические методы контроля и управления качеством'),(10362,'Сист. кач.','Системы качества'),(10370,'Экон. КСиС','Экономика качества, стандартизации и сертификации'),(10378,'Всеобщ. упр. кач-вом','Всеобщее управление качеством'),(10382,'Серт. сист. кач.','Сертификация систем качества'),(10386,'Упр. персоналом','Управление персоналом'),(10390,'Аудит качества','Аудит качества'),(10394,'Упр. процессами','Управление процессами'),(10398,'Цифр. СУ','Цифровые системы управления'),(10402,'Идент. и диаг. сист.','Идентификация и диагностика систем'),(10406,'Нечетк. рег. СУ','Нечеткие регуляторы систем управления'),(10424,'Ист. созд. ЧС России','История создания чрезвычайной службы России'),(10452,'Гидрогеол. и осн. ге','Гидрогеология и основы геологии'),(10460,'Ноксология','Ноксология'),(10492,'Композиция','Композиция'),(10493,'Ист. искусств','История искусств'),(10495,'Жив.и цветов.','Живопись и цветоведение'),(10497,'История технологии Н','История технологии неметаллических силикатных тугоплавких ма'),(10618,'Произв. и пож. авт.','Производственная и пожарная автоматика'),(10620,'Медийные техн. в усл','Медийные технологии в условиях ЧС'),(10624,'Гидравлика','Гидравлика'),(10627,'Электроника и ЭТ','Электроника и электротехника'),(10655,'ТО ХП в ОС','Теоретические основы химических процессов в окружающей среде'),(10656,'Водное, земельное и ','Водное, земельное и экологическое право'),(10657,'Рац. природопольз.','Рациональное природопользование'),(10665,'Гидрол., климат. и м','Гидрология, климатология и метеорология'),(10669,'Почвоведение','Почвоведение '),(10684,'Физиол. чел.','Физиология человека'),(10687,'Теплофизика','Теплофизика'),(10694,'Теор. гор. и взр.','Теория горения и взрыва'),(10746,'Химические реакторы','Химические реакторы'),(10804,'Орг. и управл. произ','Организация и управление производством'),(10808,'ТПТТНСМ','Тепловые процессы в технологии тугоплавких неметаллических и'),(10831,'Физ.-хим. св-ва техн','Физико-химические свойства техногенных ресурсов'),(10834,'Тепломас. во вращ. п','Тепломассообмен во вращающихся печах'),(10849,'Физ. химиия. Ч.2','Физическая химия. Часть 2'),(10850,'ПиА ХТ Часть 2','Процессы и аппараты химической технологии. Часть 2'),(10851,'Моделир. эн. и ресур','Моделирование энерго-  и ресурсосберегающих процессов в хими'),(10852,'Пром. экол.','Промышленная экология'),(10855,'ФХ СМ','Физическая химия силикатных материалов'),(10871,'Пож. техн.','Пожарная техника'),(10872,'Матер-ние и ТМ','Материаловедение и технология материалов'),(10876,'Опасные техн. и прои','Опасные технологии и производства'),(10878,'Спец.спас.подг.','Специальная спасательная подготовка'),(10880,'ПБ электроуст.','Пожарная безопасность электроустановок'),(10886,'Противопож. водоснаб','Противопожарное водоснабжение'),(10890,'Инженерные конструкц','Инженерные конструкции'),(10892,'ВХС и ВП','Водохозяйственные системы и водопользование'),(10897,'Экобиотехнология','Экобиотехнология'),(10899,'Охр. инт. собств.','Охрана интеллектуальной собственности'),(10901,'МГ ОиФ','Механика грунтов, основания и фундаменты'),(10902,'ЭИ и РНГТ','Экологическая инфраструктура и ремедиация нарушенных городск'),(10909,'Произв. безоп.','Производственная безопасность'),(10911,'Без. техн. проц. и п','Безопасность технологических процессов и производств'),(10912,'МиЭ БЖ','Мониторинг и экспертиза безопасности жизнедеятельности'),(10917,'Медико-биол. осн. БЖ','Медико-биологические основы безопасности жизнедеятельности'),(10921,'Токсикология','Токсикология'),(10925,'Спасательная техника','Спасательная техника'),(10927,'Уст. объект. эконом.','Устойчивость объектов экономики в чрезвычайных ситуациях'),(10928,'Орг. вед. АСР','Организация и ведение аварийно-спасательных работ'),(10937,'Такт. сил РСЧС и ГО','Тактика сил РСЧС и ГО'),(10943,'Обращение с ООО','Обращение с особо опасными отходами'),(10945,'УООС','Управление охраной окружающей среды (УООС)'),(10956,'ЭМДВ','Экологический мониторинг динамических воздействий'),(10962,'Основы РК','Основы радиационного контроля'),(10963,'Основы ЭБ','Основы электромагнитной безопасности'),(10966,'Радиацион. безопасно','Радиационная безопасность'),(11021,'ТВиКМ','Технология вяжущих и композиционных материалов'),(11022,'ОПВМ','Оптимизация производства вяжущих материалов'),(11042,'ЭС ПИ','Энергосбережение процессов измельчения'),(11043,'ТиП сжиг. топл.','Теория и практика сжигания топлива'),(11045,'Упр. технол. проц. с','Управление технологическим процессом с использованием ЭВМ'),(11056,'Энергосб. в техн.вяж','Энергосбережение в технологии вяжущих и композиционных матер'),(11058,'Оптим. технол. проц.','Оптимизация технологических процессов с применением ЭВМ'),(11072,'Оборуд. и осн. проек','Оборудование и основы проектирования'),(11076,'СУ хим.-тех. проц.','Системы управления химико-технологическими процессами'),(11084,'ОПЦ','Оптимизация производства цемента'),(11120,'ТЖБ','Технология жаростойких бетонов'),(11124,'ТХКДПГ','Технология художественной керамики, декоративных покрытий и '),(11128,'КПОиОТП','Контроль производства огнеупоров и основы технологического п'),(11132,'Охр. тр. в ПСМиС','Охрана труда в промышленности строительных материалов и стро'),(11133,'Надежн. тех. сист.','Надежность технических систем'),(11135,'ПБ ОПО','Промышленная безопасность опасных производственных объектов'),(11138,'ТОГ','Технология очистки газов'),(11139,'Монит. пром. безоп.','Мониторинг промышленной безопасности'),(11140,'Произв. санит. и гиг','Производственная санитария и гигиена труда'),(11143,'Надежн. тех. сист. и','Надежность технических систем и техногенный риск'),(11147,'МПКОС и ЭМ','Методы и приборы контроля окружающей среды и экологический м'),(11151,'ПОИСО','Природоохранные инженерные сооружения и оборудование'),(11155,'Экономика ПП','Экономика природопользования'),(11164,'Пож. такт.','Пожарная тактика'),(11167,'ПБ в строит.','Пожарная безопасность в строительстве'),(11168,'Здан., сооруж. и их ','Здания, сооружения и их устойчивость при пожаре'),(11169,'ПБ техн. проц.','Пожарная безопасность технологических процессов'),(11174,'Прав. осн. ПБ','Правовые основы пожарной безопасности'),(11177,'Автом. сис. упр. и с','Автоматизированные системы управления и связь'),(11183,'Экол. монит.','Экологический мониторинг'),(11184,'ПКиОС','Проектирование канализации и очистных сооружений'),(11185,'ЭиППП','Экономика и прогнозирование промышленного природопользования'),(11187,'Экол. мен.','Экологический менеджмент'),(11190,'Оц. возд. на окр. ср','Оценка воздействия на окружающую среду (ВОС) и экологическая'),(11191,'СХК пов. и сточн. во','Санитарно-химический контроль поверхностных и сточных вод'),(11209,'ХВМ','Химия вяжущих материалов'),(11231,'ТОТКМ','Теоретические основы технологии керамических материалов'),(11233,'Техн. огнеуп.','Технология огнеупоров'),(11245,'Инж.защ.нас. и тер.','Инженерная защита населения и территорий'),(11252,'Сист. связи и оповещ','Системы связи и оповещения'),(11266,'Упр. безоп. труда','Управление безопасностью труда'),(11274,'Защ. в ЧС','Защита в чрезвычайных ситуациях'),(11278,'ТП ТБО и пром. отх.','Технология переработки ТБО и промышленных отходов'),(11290,'ЭЭОВОС и С','Экологическая экспертиза, ОВОС и сертификация'),(11294,'РПСВВ','Расчет и проектирование систем водоснабжения и водоотведения'),(11310,'Прогн. опасн. факт. ','Прогнозирование опасных факторов пожара'),(11314,'Экон. ПБ','Экономика пожарной безопасности'),(11318,'Осн. охр. вод.','Основы охраны вод'),(11330,'Произв. экол. контр.','Производственный экологический контроль'),(11382,'Прав. осн. гражд. за','Правовые основы гражданской защиты'),(11390,'Мат.-тех. обеспеч.','Материально-техническое обеспечение'),(11393,'Технич.рисунок','Технический рисунок'),(11396,'Пропедевтика','Пропедевтика'),(11400,'Академ. рисунок','Академический рисунок'),(11408,'Искусство декор.','Искусство декорирования'),(11454,'НГИиКГ','Начертательная геометрия, инженерная и компьютерная графика'),(11599,'ТП в машиностр.','Технологические процессы в машиностроении'),(11653,'Электротехника','Электротехника'),(11667,'ТХОМД','Технология художественной обработки материалов давлением'),(11670,'Металловедение','Металловедение'),(11673,'ОПМ','Основы производственного мастерства'),(11675,'Акад. живопись','Академическая живопись'),(11679,'Пректирование','Проектирование'),(11683,'АС и ПМ','Академическая скульптура и пластическое моделирование'),(11685,'ФО ДиП ПИ','Физические основы добычи и переработки полезных ископаемых'),(11703,'Мат. мод. и САПР МО','Математическое моделирование и САПР механического оборудован'),(11704,'Автом. проект.','Автоматизация проектирования'),(11749,'УК прод.','Управление качеством продукции'),(11750,'ПП СМИ','Процессы в производстве строительных материалов и изделий'),(11805,'Дет.маш.(приб.) и ос','Детали машин (приборов) и основы конструирования'),(11806,'Электроника','Электроника'),(11878,'Обогащение полезн. и','Обогащение полезных ископаемых'),(11879,'Основы КИ и НД','Основы конструкторской, изобретательской и научной деятельно'),(11881,'ГМ и оборудование','Горные машины и оборудование'),(11897,'Геодезия и маркшейде','Геодезия и маркшейдерия'),(11901,'М.д ТТ СМ и И','Машины для технологического транспортирования строительных м'),(11923,'ТОО','Технологическое оборудование отрасли'),(11938,'МО (СК)','Механическое оборудование (специальный курс)'),(11939,'Эксп. и рем. МиО','Эксплуатация и ремонт машин и оборудования'),(11941,'МНИ МТК','Монтаж, наладка и испытание машин и технологических комплекс'),(11966,'ОТМ','Основы технологии машиностроения'),(11970,'ЭФ,ЭХ и мех. мет. об','Электрофизические,электрохимические и механические методы об'),(11980,'ППЗ','Проектирование и производство заготовок'),(11988,'Упр. жизн. циклом ИМ','Управление жизненным циклом изделий машиностроения'),(12029,'Теплотех. и тепл. ус','Теплотехника и тепловые установки предприятий строительных м'),(12041,'Эксп. и рем. МО','Эксплуатация и ремонт механического оборудования'),(12045,'Спец. об. ПСМ','Специальное оборудование для производства строительных матер'),(12085,'ОСТО ПКМ','Основы создания технологического оборудования для производст'),(12093,'Комп.- техн. подгот.','Компьютерно-технологическая подготовка в машиностроении'),(12110,'Вент. и компрес.','Вентиляторы и компрессоры'),(12113,'ТОРТК','Теоретические основы расчета технологических комплексов'),(12123,'Экон. оц. инв. проек','Экономическая оценка инвестиционных проектов'),(12132,'Маш. и агрег. ПСМ','Машины и агрегаты производства строительных материалов'),(12141,'РиКМиАПП','Расчет и конструирование машин и аппаратов пищевых производс'),(12146,'ТО','Технологическое оборудование'),(12149,'Холод.техн.','Холодильная техника'),(12156,'3D-модел. и пр. ОПСМ','Трехмерное моделирование и проектирование оборудования промы'),(12157,'МП спец. обор. ПСМ','Моделирование и проектирование специального оборудования ПСМ'),(12165,'МО для ПСМ','Машины и оборудование для производства строительных материал'),(12174,'ПТМ','Подъёмно-транспортные машины'),(12176,'Компл. мех. стр-ва','Комплексная механизация строительства'),(12189,'ЛСПиВ','Лифты,  строительные подъемники и вышки'),(12195,'Техн. и ПО АСУТП','Техническое и программное обеспечение АСУТП'),(12198,'Роб. и робототех. ко','Роботы и робототехнические комплексы'),(12201,'Технол. оснастка','Технологическая оснастка'),(12205,'Логист. в машиностр.','Логистика в машиностроении'),(12233,'Орг. проект. и инв. ','Организационное проектирование и инвестиции в машиностроении'),(12263,'Комп. тех. подг. инс','Компьютерная технологическая подготовка инструментального пр'),(12283,'Монт., нал. и выв. о','Монтаж, наладка и выверка оборудования предприятий строитель'),(12291,'Основы прект. ГМиО','Основы проектирования горных машин и оборудования'),(12295,'СООФ','Спец. оборудование обогатительных фабрик'),(12299,'Основы экспл. ГМиО','Основы эксплуатации горных машин и оборудования'),(12307,'СММ в ПСМ','Средства малой механизации в промышленности строительных мат'),(12347,'ДРМСО','Диагностика, ремонт, монтаж, сервисное обслуживание оборудов'),(12351,'ЭиРПП','Эксплуатация и ремонт оборудования предприятий пищевых произ'),(12359,'ПТО','Проектирование технологического оборудования отрасли'),(12363,'СОПП','Специальное оборудование предприятий пищевых производств'),(12371,'САР оборуд. ПСМ','Структурный анализ и расчет оборудования ПСМ'),(12387,'ЭСППСМ','Электроснабжение предприятий промышленности строительных мат'),(12411,'МНВ СМ и О','Монтаж, наладка и выверка строительных машин и оборудования'),(12415,'ОУП МРС','Организация, управление и планирование механизации работ в с'),(12423,'ЭиР СМаш.','Эксплуатация и ремонт строительных машин'),(12534,'Соц. психол.','Социальная психология'),(12542,'ОДО в организации','Основы делового общения в организации'),(12574,'Конфликтология','Конфликтология'),(12701,'Макроэкономика','Макроэкономика'),(12853,'УК и КП','управление качеством и конкурентоспособностью продукции'),(12858,'Деловые коммуникации','Деловые коммуникации'),(12886,'Мотивация и СТД','Мотивация и стимулирование трудовой деятельности'),(12888,'Организац. повед.','Организационное поведение'),(12889,'Рынок труда','Рынок труда'),(12893,'ДО УП','Документационное обеспечение управления персоналом'),(12894,'Основы УП','Основы управления персоналом'),(12930,'Экономика орг. (пред','Экономика организации (предприятия)'),(12931,'Психолог. подготовка','Психологическая подготовка (модуль спец. подготовка)'),(12932,'Управление орг. (пре','Управление организацией (предприятием)'),(12935,'Прав. рег. экон.','Правовое регулирование  экономики'),(13020,'Интернет -технологии','Интернет-технологии'),(13021,'МЭП и прогнозировани','Макроэкономическое планирование и прогнозирование'),(13174,'ИС в БУ','Информационные системы в бухгалтерском учете'),(13209,'Стратег. менедж.','Стратегический менеджмент'),(13212,'Управление ЧР','Управление человеческими ресурсами'),(13216,'Повед. потреб.','Поведение потребителей'),(13226,'II Ин.яз','Второй иностранный язык'),(13233,'МЭО ГЭ','Международные экономические отношения глобальной экономики'),(13256,'Разр. упр. решен.','Разработка управленческих решений'),(13259,'Маркетинг персонала','Маркетинг персонала'),(13267,'Соц. прогноз. и прое','Социальное прогнозирование и проектирование'),(13268,'Основы ОТ','Основы организации труда'),(13271,'Тренинг УП','Тренинг управления персоналом'),(13283,'Краткоср. фин. пол.','Краткосрочная финансовая политика'),(13311,'Экономич. преступлен','Экономические преступления'),(13314,'Упр. иннов.','Управление инновациями'),(13325,'Прикладная физ. подг','Прикладная физическая подготовка (модуль спец. подг.)'),(13348,'План. на предпр. (ор','Планирование на предприятии (организации)'),(13399,'Упр. анал. в отр.','Управленческий анализ в отраслях'),(13401,'Контр. и рев.','Контроль и ревизия'),(13402,'Балансовед.','Балансоведение'),(13411,'Аудит банков','Аудит банков'),(13412,'Анал. деят. ком.банк','Анализ деятельности коммерческого банка'),(13417,'Бух. учет в ком. бан','Бухгалтерский учет в коммерческих банках'),(13428,'Исслед. сис. упр.','Исследование систем управления'),(13444,'Нац. экономика','Национальная экономика'),(13459,'Упр. маркет.','Управление маркетингом'),(13475,'Бизнес за рубежом','Бизнес за рубежом'),(13479,'Междунар. вал.-кред.','Международные валютно-кредитные отношения'),(13481,'Межд. маркет.','Международный маркетинг'),(13495,'ЭГХ','Экономика гостиничного хозяйства'),(13499,'Маркет. междунар. ту','Маркетинг международного туризма'),(13504,'УТР','Управление трудовыми ресурсами'),(13523,'Банк. мар.','Банковский маркетинг'),(13528,'Кредитн. анализ','Кредитный анализ'),(13537,'Инвест. стратег.','Инвестиционная стратегия'),(13557,'Мет. пр. реш. в экон','Методы принятия решений в экономике'),(13558,'Упр. затр.','Управление затратами'),(13571,'Упр. консультир.','Управленческое консультирование'),(13578,'Бюджетир. на предпр.','Бюджетирование на предприятии'),(13613,'УиАБ','Учет и анализ банкротств'),(13617,'УВО','Учет валютных операций'),(13625,'Бух. дело','Бухгалтерское дело'),(13637,'Анал. и ауд. в СОиИИ','Анализ и аудит в страховых организациях и инвестиционных инс'),(13657,'Маркет. логист.','Маркетинговая логистика'),(13661,'Маркет. обосн. бизн.','Маркетинговое обоснование бизнеса'),(13665,'Междунар. торг. сист','Международные торговые системы'),(13669,'Экон. ВЭС','Экономика внешнеэкономических связей'),(13677,'Прав. рег. внешнеэко','Правовое регулирование внешнеэкономической деятельности'),(13681,'ПОТД','Правовое обеспечение туристской деятельности'),(13685,'Экон. и орг. тур. фи','Экономика и организация туристической фирмы'),(13689,'Орг. ТО и ТА усл.','Организация туроператорских и турагентских услуг'),(13693,'ЭА Д ТФ','Экономический анализ деятельности туристских фирм'),(13705,'ИТ УП','Информационные технологии управления персоналом'),(13709,'ОУК','Основы управленческого консультирования'),(13713,'Банк. зак-во','Банковское законодательство'),(13717,'Кред. пол. и кред. р','Кредитная политика и кредитные риски'),(13733,'Контроллинг','Контроллинг'),(13737,'Управл. стоим. бизн.','Управление стоимостью бизнеса'),(13741,'Фин.среда предпр. и ','Финансовая среда предпринимательства и предпринимательские р'),(13757,'Фин. планир.','Финансовое планирование'),(13765,'Реинжиниринг','Реинжиниринг'),(13781,'Реструкт. бизнеса','Реструктуризация бизнеса'),(13916,'ВТ и сети','Вычислительная техника и сети'),(13925,'ПДД','Правила дорожного движения'),(13953,'Логистика на транспо','Логистика на транспорте'),(13973,'Гидравлика и гидроло','Гидравлика и гидрология'),(14001,'ГиГ ПТСДМ','Гидравлика и гидропневмопривод ПТСДМ'),(14004,'ГМ и МНТ','Грузоподъемные машины и машины непрерывного транспорта'),(14007,'ДМ','Детали машин'),(14016,'ДВС и СО ПТСДМ','Двигатели  внутреннего сгорания и силовое оборудование ПТСДМ'),(14026,'Оборудование для КПТ','Оборудование для комплексной переработки техногенных материа'),(14034,'ГиГ МиОП и ЗОС','Гидропривод и гидропередачи машин и оборудования природообус'),(14066,'Матем. модел.','Математическое моделирование'),(14107,'Дорожн. и строит. ма','Дорожные и строительные машины'),(14155,'ЭМ','Эксплуатационные материалы'),(14158,'Трансп. право','Транспортное право'),(14205,'Мосты на ЖД','Мосты на железных дорогах'),(14241,'ТДС','Технология дорожного строительства'),(14242,'Экспл. ПТСДМ','Эксплуатация подъемно-транспортных, строительных и дорожных '),(14254,'ЭиР МОП и ЗОС','Эксплуатация и ремонт машин и оборудования природообустройст'),(14255,'ПП для утилизации ТМ','Промышленные предприятия для утилизации техногенных материал'),(14262,'ТОСиМ МиОП и ЗОС','Технические основы создания и модернизации машин и оборудова'),(14263,'ТК для перераб.ТМ','Технологические комплексы для переработки техногенных матери'),(14270,'Обраб. металл. резан','Обработка металлов резанием'),(14278,'Электрооборуд. ПТСДС','Электрооборудование подъемно-транспортных, строительных, дор'),(14282,'Проектирование ПТСДС','Проектирование подъемно-транспортных, строительных, дорожных'),(14298,'Проект. металлич. ко','Проектирование металлических конструкций'),(14299,'Экспл. тех. средств ','Эксплуатация технических средств ПЗЧС'),(14308,'Проектиров. НТТС','Проектирование НТТС'),(14321,'Строительство АД','Строительство автомобильных дорог'),(14322,'Контроль качества в ','Контроль качества в дорожной отрасли'),(14325,'Физ. хим. в дор. мат','Физическая химия в дорожном материаловедении'),(14348,'Орг. дор. движ.','Организация дорожного движения'),(14356,'ОТУ и БТП','Организация транспотных услуг и безопасность транспортного п'),(14362,'Сист., техн. и орг. ','Системы, технологии и организация услуг в автомобильном серв'),(14364,'ОТП и ремонта ТиТТМО','Основы технологии производства и ремонта ТиТТМО'),(14365,'Техническая диагн. Т','Техническая диагностика ТиТМ'),(14370,'Осн. раб. ТС','Основы работоспособности технических систем'),(14378,'ЭиЭО ТиТТМО','Электротехника и электрооборудование ТиТТМО'),(14400,'Маш. непр. тр-та','Машины непрерывного транспорта'),(14408,'ТК для стр-ва дор.','Технологические комплексы для строительства дорог'),(14418,'Трансп. план. гор.','Транспортная планировка городов'),(14419,'Метод. осн. подг. во','Методические основы подготовки водителей'),(14422,'Орг. движ.','Организация движения'),(14426,'ТС ОД','Технические средства организации движения'),(14429,'УТС','Управление техническими системами'),(14430,'Спецгл. по ТУ','Спецглавы по теории управления'),(14459,'Иннов.тех.ДК','Инновационные технологии в дорожном комплексе'),(14460,'АКОН','Авторский курс общественных наук'),(14461,'Гидр. и пневм. сист.','Гидравлические и пневматические системы строительных и дорож'),(14462,'МЭО ПРЭРПУ ПТС и ДМ','Методы экономической оценки проектра разработки, эксплуатаци'),(14484,'ТОСАД','Технология и организация строительства автомобильных дорог'),(14485,'Инж сооруж. в трансп','Инженерные сооружения в транспортном строительстве'),(14488,'Эксплуатац. авт. дор','Эксплуатация автомобильных дорог'),(14489,'Инж. сети и оборуд.','Инженерные сети и оборудование'),(14493,'Осн. серт. и лиц. ма','Основы сертификации и лицензирования машин и услуг'),(14494,'ПТИ ПАС','Производственно-техническая инфраструктура предприятий автом'),(14500,'Эфф., экон. сферы се','Эффективность, экономика сферы сервиса и основы предпринимат'),(14501,'ТП ТО и ремонта авто','Технологические процессы технического обслуживания и ремонта'),(14503,'ТиЭ гар. обор.','Типаж и эксплуатация гаражного оборудования'),(14530,'УК, Т и ОПВ и ДСМ','Управление качеством, технология и организация производства '),(14537,'ТПИ композ. матер.','Технология повторного использования композиционных материало'),(14549,'ТиА ПрР','Технология и автоматизация проектных работ'),(14550,'Эк стр. и пут.х-ва','Экономика строительства и путевого хозяйства'),(14552,'ЭО трансп. логистики','Экономические основы транспортной логистики'),(14557,'Эксплуатация ДПП','Эксплуатация дорог промышленных предприятий'),(14558,'Т,МиА пут.раб.','Технология, механизация и автоматизация путевых работ'),(14560,'ТСиРД ПП','Технология строительства и реконструкции дорог промышленных '),(14561,'ОПиУ ж/д стр.','Организация, планирование и управление железнодорожным строи'),(14564,'ОППж/д','Организация перевозок на промышленных железных дорогах'),(14570,'Орг. ПУ и БТП','Организация перевозочных услуг и безопасность транспортного '),(14572,'Кадр. обесп. сист. А','Кадровое обеспечение системы автосервиса и фирменного обслуж'),(14580,'ТЭ ХЧА и СОБД','Техническая эксплуатация ходовой части автомобилей и систем,'),(14587,'ТО ТС','Теоретические основы технического сервиса'),(14588,'ТД СКДМ','Техническая диагностика СДКМ'),(14591,'Орг. сист. предпр. Ф','Организация систем предприятий фирменного обслуживания'),(14593,'ОТ строит.','Основы технологии строительства'),(14594,'Осн. упр. серв.','Основы управления сервисом'),(14596,'ТЭ СКДМ','Техническая эксплуатация СДКМ'),(14610,'Расслед и эксп. ДТП','Расследование и экспертиза ДТП'),(14614,'Экон. ДД','Экономика дорожного движения'),(14630,'ТМ, пр. и рем. ПТСДМ','Технология машиностроения, производство и ремонт подъемно-тр'),(14650,'Рек. автом. дор.','Реконструкция автомобильных дорог'),(14682,'ОПиУ пут.х-вом','Организация, планирование и управление путевым хозяйством'),(14690,'ГПиТПП','Генеральный план и транспорт промышленных предприятий'),(14702,'ОГУ и КТСа','Основы государственного учета и контроля технического состоя'),(14706,'ТиО фирм. обсл.','Технология и организация фирменного обслуживания'),(14724,'Инж. педагог. и эл. ','Инженерная педагогика и элементы психологии'),(14872,'Приемн. и потребит. ','Приемники и потребители электрической энергии систем электро'),(14956,'Электропривод','Электропривод'),(14969,'Пром. ТЭС','Промышленные теплоэлектростанции'),(15009,'ЭМагПП в ЭЭС','Электромагнитные переходные процессы в электроэнергетических'),(15012,'Электр. часть ст. и ','Электрическая часть станций и подстанций'),(15019,'Основы электропривод','Основы электропривода'),(15057,'ЭиКИ','Электрические и компьютерные измерения'),(15058,'Моделирование в техн','Моделирование в технике'),(15059,'КиМТ в исследовании ','Компьютерная и микропроцессорная техника в исследовании и уп'),(15063,'СУ эл. привод.','Системы управления электроприводов'),(15064,'Элем. сист. автомат.','Элементы систем автоматики'),(15066,'ЭиЭ аппараты','Электрические и электронные аппараты'),(15078,'Осн. проектир. этк','Основы проектирования электротехнических комплексов'),(15093,'Нагнетатели и ТД','Нагнетатели и тепловые двигатели'),(15095,'МСТИ','Метрология, стандартизация, теплотехнические измерения'),(15105,'ПиЭ ВТУ','Проектирование и эксплуатация высокотемпературных установок'),(15133,'Эл. маг. совм. в эле','Электромагнитная совместимость в электроэнергетике'),(15134,'Электроп. сист. и эл','Электропитающие системы и электрические сети'),(15195,'МНиЭ электроприводов','Монтаж, наладка и эксплуатация электроприводов'),(15198,'АСДУ в энергетике','Автоматизированные системы диспетчерского управления в энерг'),(15199,'Теор. эл. привода','Теория электропривода'),(15210,'Гидр. маш. и компрес','Гидравлические машины и компрессоры'),(15211,'Охр. окр. ср.','Охрана окружающей среды'),(15217,'ЭТОГ','Энерготехнологическая обработка газов'),(15225,'Нас., вент теплоэн. ','Насосы и вентиляторы теплоэнергетических систем'),(15236,'Пр-во и монт. пар. к','Производство и монтаж паровых котлов'),(15242,'Экспл. оборуд. станц','Эксплуатация оборудования станций и подстанций'),(15246,'Микропр. в электроэн','Микропроцессоры в электроэнергетике'),(15254,'Надежн. эл. снабж.','Надежность электроснабжения'),(15258,'Экон. энергет.','Экономика энергетики'),(15306,'АЭТПМиТК','Автоматизированный электропривод типовых производственных ме'),(15314,'Экон. и ОП эл.привод','Экономика и организация производства электроприводов'),(15338,'САПР энерготехн. обо','САПР энерготехнологического оборудования'),(15342,'Пароген. ТЭС','Парогенераторные ТЭС'),(15358,'Инф.техн. и мон. в э','Информационные технологии и мониторинг в энергоаудите'),(15362,'Энергосб. и эн.фин.а','Энергосбережение и энергофинансовый аудит в ЖКХ');
/*!40000 ALTER TABLE `Subject` ENABLE KEYS */;
UNLOCK TABLES;
/*!40103 SET TIME_ZONE=@OLD_TIME_ZONE */;

/*!40101 SET SQL_MODE=@OLD_SQL_MODE */;
/*!40014 SET FOREIGN_KEY_CHECKS=@OLD_FOREIGN_KEY_CHECKS */;
/*!40014 SET UNIQUE_CHECKS=@OLD_UNIQUE_CHECKS */;
/*!40101 SET CHARACTER_SET_CLIENT=@OLD_CHARACTER_SET_CLIENT */;
/*!40101 SET CHARACTER_SET_RESULTS=@OLD_CHARACTER_SET_RESULTS */;
/*!40101 SET COLLATION_CONNECTION=@OLD_COLLATION_CONNECTION */;
/*!40111 SET SQL_NOTES=@OLD_SQL_NOTES */;

-- Dump completed on 2015-04-10 11:32:14
